asset_id,asset_tag,asset_name,asset_category,grant_id,project_id,purchase_date,purchase_cost,currency,useful_life_years,depreciation_method,current_book_value,location_id,custodian_id,condition,verified_date,disposal_date,disposal_method,disposal_proceeds,donor_approval_ref
AST-0001,CDFT-0001,Dell Laptop Computer,IT Equipment,GRT-2023-004,PRJ-2023-008,2024-02-12,2024000.0,TZS,3,Straight Line,921259.41,LOC-MAN-004,STF-020,Good,2025-07-15,,,,
AST-0002,CDFT-0002,Toyota Land Cruiser 4x4,Vehicle,GRT-2023-001,PRJ-2023-011,2021-10-03,39576000.0,TZS,5,Straight Line,7958541.27,LOC-ARU-002,STF-101,Poor,2025-09-22,,,,
AST-0003,CDFT-0003,Executive Office Desk,Furniture,GRT-2024-001,PRJ-2024-007,2021-04-08,684000.0,TZS,5,Straight Line,70881.31,LOC-KIL-001,STF-028,Good,2025-02-20,,,,DA-GRT-2024-001-003
AST-0004,CDFT-0004,Rapid Test Kit Storage Fridge,Medical Equipment,GRT-2023-002,PRJ-2023-004,2023-07-11,2826000.0,TZS,5,Straight Line,1567936.76,LOC-ARU-002,STF-072,Fair,2025-06-21,,,,
AST-0005,CDFT-0005,Executive Office Desk,Furniture,GRT-2023-005,PRJ-2023-010,2021-09-06,621000.0,TZS,5,Straight Line,115698.97,LOC-MAN-003,STF-084,Good,2025-04-12,,,,
AST-0006,CDFT-0006,Office Chair,Furniture,GRT-2024-004,PRJ-2024-006,2023-09-26,269000.0,TZS,5,Straight Line,160589.87,LOC-ARU-003,STF-079,Poor,2025-08-17,,,,
AST-0007,CDFT-0007,Water Dispenser,Office Equipment,GRT-2023-003,PRJ-2023-006,2024-08-04,431000.0,TZS,3,Straight Line,264618.07,LOC-MAN-002,STF-074,Poor,2025-06-22,,,,
AST-0008,CDFT-0008,Toyota Hiace Minibus,Vehicle,GRT-2024-001,PRJ-2024-002,2022-04-13,23397000.0,TZS,5,Straight Line,7164830.8,LOC-MAN-004,STF-035,Good,2025-06-12,,,,DA-GRT-2024-001-008
AST-0009,CDFT-0009,Blood Pressure Monitor,Medical Equipment,GRT-2024-003,PRJ-2024-005,2025-05-19,295000.0,TZS,5,Straight Line,273193.02,LOC-MAN-001,STF-058,Poor,2025-07-05,,,,
AST-0010,CDFT-0010,Canon Printer,IT Equipment,GRT-2022-004,PRJ-2023-005,2025-01-30,1007000.0,TZS,3,Straight Line,782762.72,LOC-MAN-004,STF-096,Good,2025-05-09,,,,
AST-0011,CDFT-0011,Canon Printer,IT Equipment,GRT-2023-002,PRJ-2023-004,2021-05-11,832000.0,TZS,3,Straight Line,0.0,LOC-MAN-002,STF-020,Good,2025-01-28,2025-02-10,Sold,0.0,
AST-0012,CDFT-0012,Blood Pressure Monitor,Medical Equipment,GRT-2023-004,PRJ-2023-008,2025-02-19,301000.0,TZS,5,Straight Line,264080.63,LOC-KIL-003,STF-068,Good,2025-08-15,,,,DA-GRT-2023-004-012
AST-0013,CDFT-0013,Toyota Land Cruiser 4x4,Vehicle,GRT-2024-002,PRJ-2024-003,2022-10-29,36712000.0,TZS,5,Straight Line,15242641.48,LOC-MAN-001,STF-120,Poor,2025-09-01,,,,
AST-0014,CDFT-0014,Microscope,Medical Equipment,GRT-2023-002,PRJ-2023-012,2021-12-29,1549000.0,TZS,5,Straight Line,385288.57,LOC-MAN-003,STF-113,Fair,2025-08-22,,,,
AST-0015,CDFT-0015,Irrigation Pump,Agricultural Equipment,GRT-2023-002,PRJ-2023-012,2022-09-27,1523000.0,TZS,5,Straight Line,605655.72,LOC-KIL-002,STF-057,Good,2025-09-04,,,,
AST-0016,CDFT-0016,Weighing Scale,Medical Equipment,GRT-2024-001,PRJ-2024-001,2021-01-22,165000.0,TZS,5,Straight Line,10232.03,LOC-KIL-003,STF-045,Good,2025-09-25,,,,
AST-0017,CDFT-0017,Grain Storage Silo,Agricultural Equipment,GRT-2023-001,PRJ-2023-011,2025-03-28,2250000.0,TZS,10,Straight Line,2134804.93,LOC-MAN-002,STF-030,Good,2025-06-03,2025-03-16,Transferred to Government,,DA-GRT-2023-001-017
AST-0018,CDFT-0018,Grain Storage Silo,Agricultural Equipment,GRT-2023-005,PRJ-2023-010,2024-02-23,2711000.0,TZS,10,Straight Line,2276052.43,LOC-MAN-004,STF-095,Good,2025-07-22,,,,DA-GRT-2023-005-018
AST-0019,CDFT-0019,Blood Pressure Monitor,Medical Equipment,GRT-2022-003,PRJ-2023-003,2023-05-15,288000.0,TZS,5,Straight Line,150800.82,LOC-MAN-002,STF-104,Fair,2025-05-03,,,,DA-GRT-2022-003-019
AST-0020,CDFT-0020,Executive Office Desk,Furniture,GRT-2023-002,PRJ-2023-012,2022-07-05,603000.0,TZS,5,Straight Line,212061.19,LOC-KIL-003,STF-018,Good,2025-04-07,,,,
AST-0021,CDFT-0021,Water Dispenser,Office Equipment,GRT-2024-003,PRJ-2024-005,2022-07-12,352000.0,TZS,3,Straight Line,0.0,LOC-KIL-001,STF-020,Fair,2025-09-09,,,,
AST-0022,CDFT-0022,Grain Storage Silo,Agricultural Equipment,GRT-2023-002,PRJ-2023-004,2022-08-01,2268000.0,TZS,10,Straight Line,1549567.15,LOC-MAN-004,STF-002,Good,2025-03-06,,,,
AST-0023,CDFT-0023,HP Desktop Computer,IT Equipment,GRT-2021-001,PRJ-2023-007,2022-12-02,1129000.0,TZS,3,Straight Line,63623.77,LOC-ARU-004,STF-048,Good,2025-06-09,,,,
AST-0024,CDFT-0024,Toyota Hilux Double Cab,Vehicle,GRT-2022-004,PRJ-2023-005,2021-04-25,30356000.0,TZS,5,Straight Line,3428295.69,LOC-ARU-004,STF-024,Good,2025-07-20,,,,
AST-0025,CDFT-0025,Executive Office Desk,Furniture,GRT-2023-001,PRJ-2023-001,2021-09-07,759000.0,TZS,5,Straight Line,141825.46,LOC-ARU-004,STF-032,Poor,2025-05-08,,,,DA-GRT-2023-001-025
AST-0026,CDFT-0026,Toyota Hilux Double Cab,Vehicle,GRT-2023-002,PRJ-2023-004,2023-12-04,28468000.0,TZS,5,Straight Line,18070652.43,LOC-MAN-003,STF-040,Fair,2025-04-17,,,,DA-GRT-2023-002-026
AST-0027,CDFT-0027,Canon Printer,IT Equipment,GRT-2023-001,PRJ-2023-002,2025-03-06,921000.0,TZS,3,Straight Line,745331.28,LOC-ARU-004,STF-082,Fair,2025-09-24,,,,
AST-0028,CDFT-0028,Steel Filing Cabinet,Furniture,GRT-2021-001,PRJ-2023-007,2021-08-20,456000.0,TZS,5,Straight Line,80712.94,LOC-KIL-003,STF-102,Good,2025-08-11,,,,
AST-0029,CDFT-0029,Dell Laptop Computer,IT Equipment,GRT-2023-004,PRJ-2023-008,2021-01-19,1761000.0,TZS,3,Straight Line,0.0,LOC-KIL-003,STF-048,Good,2025-09-01,,,,DA-GRT-2023-004-029
AST-0030,CDFT-0030,UPS Battery Backup,IT Equipment,GRT-2022-003,PRJ-2023-003,2024-11-05,392000.0,TZS,3,Straight Line,273943.87,LOC-MAN-003,STF-008,Fair,2025-06-23,,,,
AST-0031,CDFT-0031,Water Dispenser,Office Equipment,GRT-2023-002,PRJ-2023-012,2021-08-08,304000.0,TZS,3,Straight Line,0.0,LOC-MAN-001,STF-101,Good,2025-09-07,,,,DA-GRT-2023-002-031
AST-0032,CDFT-0032,Steel Filing Cabinet,Furniture,GRT-2024-003,PRJ-2024-005,2025-02-10,442000.0,TZS,5,Straight Line,385607.94,LOC-ARU-002,STF-093,Good,2025-01-11,,,,
AST-0033,CDFT-0033,Toyota Hilux Double Cab,Vehicle,GRT-2024-003,PRJ-2024-005,2024-02-19,32588000.0,TZS,5,Straight Line,22059912.39,LOC-KIL-003,STF-070,Good,2025-09-08,,,,
AST-0034,CDFT-0034,Microscope,Medical Equipment,GRT-2023-003,PRJ-2023-013,2024-02-10,1663000.0,TZS,5,Straight Line,1117545.11,LOC-ARU-004,STF-038,Good,2025-02-05,,,,DA-GRT-2023-003-034
AST-0035,CDFT-0035,Grain Storage Silo,Agricultural Equipment,GRT-2023-001,PRJ-2023-001,2025-05-09,2703000.0,TZS,10,Straight Line,2595694.05,LOC-KIL-003,STF-114,Fair,2025-09-17,,,,
AST-0036,CDFT-0036,Steel Filing Cabinet,Furniture,GRT-2023-004,PRJ-2023-008,2022-10-19,437000.0,TZS,5,Straight Line,179047.36,LOC-MAN-001,STF-105,Fair,2025-02-02,,,,
AST-0037,CDFT-0037,Irrigation Pump,Agricultural Equipment,GRT-2023-002,PRJ-2023-012,2021-11-12,1550000.0,TZS,5,Straight Line,345646.82,LOC-MAN-003,STF-042,Fair,2025-05-25,,,,
AST-0038,CDFT-0038,Irrigation Pump,Agricultural Equipment,GRT-2023-001,PRJ-2023-002,2021-09-23,1535000.0,TZS,5,Straight Line,300275.84,LOC-ARU-004,STF-025,Good,2025-01-17,,,,
AST-0039,CDFT-0039,Generator,Office Equipment,GRT-2024-002,PRJ-2024-004,2024-09-09,3811000.0,TZS,5,Straight Line,3003412.32,LOC-MAN-002,STF-033,Good,2025-09-27,,,,
AST-0040,CDFT-0040,UPS Battery Backup,IT Equipment,GRT-2022-003,PRJ-2023-003,2021-01-27,483000.0,TZS,3,Straight Line,0.0,LOC-KIL-002,STF-060,Good,2025-09-09,,,,DA-GRT-2022-003-040
AST-0041,CDFT-0041,Toyota Hilux Double Cab,Vehicle,GRT-2023-005,PRJ-2023-010,2023-01-26,30797000.0,TZS,5,Straight Line,14287615.74,LOC-ARU-001,STF-068,Poor,2025-01-30,,,,
AST-0042,CDFT-0042,Toyota Hiace Minibus,Vehicle,GRT-2022-003,PRJ-2023-003,2022-03-19,32914000.0,TZS,5,Straight Line,9628640.38,LOC-KIL-004,STF-069,Fair,2025-02-19,,,,
AST-0043,CDFT-0043,Projector - Epson,IT Equipment,GRT-2023-004,PRJ-2023-008,2024-03-13,1244000.0,TZS,3,Straight Line,600287.47,LOC-MAN-001,STF-054,Fair,2025-04-02,,,,DA-GRT-2023-004-043
AST-0044,CDFT-0044,Water Dispenser,Office Equipment,GRT-2024-003,PRJ-2024-005,2024-12-09,371000.0,TZS,3,Straight Line,270780.06,LOC-KIL-003,STF-102,Fair,2025-08-07,,,,
AST-0045,CDFT-0045,Blood Pressure Monitor,Medical Equipment,GRT-2023-003,PRJ-2023-006,2023-12-30,329000.0,TZS,5,Straight Line,213523.48,LOC-ARU-002,STF-071,Fair,2025-08-15,,,,DA-GRT-2023-003-045
AST-0046,CDFT-0046,Conference Table,Furniture,GRT-2023-005,PRJ-2023-010,2025-04-15,1416000.0,TZS,5,Straight Line,1284964.27,LOC-ARU-002,STF-078,Fair,2025-08-09,,,,
AST-0047,CDFT-0047,Grain Storage Silo,Agricultural Equipment,GRT-2023-002,PRJ-2023-012,2025-03-05,2510000.0,TZS,10,Straight Line,2365687.89,LOC-ARU-004,STF-051,Good,2025-07-04,,,,
AST-0048,CDFT-0048,Toyota Hilux Double Cab,Vehicle,GRT-2023-003,PRJ-2023-013,2021-02-03,39755000.0,TZS,5,Straight Line,2726523.61,LOC-ARU-001,STF-001,Fair,2025-03-11,,,,
AST-0049,CDFT-0049,UPS Battery Backup,IT Equipment,GRT-2024-001,PRJ-2024-002,2021-02-14,404000.0,TZS,3,Straight Line,0.0,LOC-MAN-001,STF-072,Poor,2025-05-22,,,,
AST-0050,CDFT-0050,Generator,Office Equipment,GRT-2023-001,PRJ-2023-002,2023-08-01,3044000.0,TZS,5,Straight Line,1723891.58,LOC-ARU-002,STF-114,Good,2025-03-21,,,,
AST-0051,CDFT-0051,UPS Battery Backup,IT Equipment,GRT-2024-001,PRJ-2024-001,2021-07-08,412000.0,TZS,3,Straight Line,0.0,LOC-KIL-004,STF-094,Fair,2025-07-24,,,,
AST-0052,CDFT-0052,Conference Table,Furniture,GRT-2023-003,PRJ-2023-006,2023-09-27,1388000.0,TZS,5,Straight Line,829379.88,LOC-ARU-001,STF-005,Poor,2025-02-18,,,,DA-GRT-2023-003-052
AST-0053,CDFT-0053,Generator,Office Equipment,GRT-2023-001,PRJ-2023-002,2025-04-28,3401000.0,TZS,5,Straight Line,3110483.37,LOC-ARU-003,STF-054,Good,2025-06-28,,,,DA-GRT-2023-001-053
AST-0054,CDFT-0054,Dell Laptop Computer,IT Equipment,GRT-2023-004,PRJ-2023-008,2025-03-12,2145000.0,TZS,3,Straight Line,1747614.65,LOC-MAN-003,STF-049,Fair,2025-01-06,,,,
AST-0055,CDFT-0055,Irrigation Pump,Agricultural Equipment,GRT-2023-002,PRJ-2023-012,2024-03-02,1146000.0,TZS,5,Straight Line,783296.1,LOC-KIL-004,STF-020,Good,2025-06-17,,,,
AST-0056,CDFT-0056,Blood Pressure Monitor,Medical Equipment,GRT-2023-003,PRJ-2023-013,2024-03-24,396000.0,TZS,5,Straight Line,275438.19,LOC-ARU-001,STF-101,Fair,2025-02-16,,,,
AST-0057,CDFT-0057,HP Desktop Computer,IT Equipment,GRT-2023-001,PRJ-2023-011,2024-03-16,1332000.0,TZS,3,Straight Line,646398.36,LOC-ARU-001,STF-011,Fair,2025-01-26,,,,
AST-0058,CDFT-0058,Weighing Scale,Medical Equipment,GRT-2022-004,PRJ-2023-005,2025-04-10,207000.0,TZS,5,Straight Line,187277.62,LOC-ARU-004,STF-051,Good,2025-09-04,,,,DA-GRT-2022-004-058
AST-0059,CDFT-0059,Projector - Epson,IT Equipment,GRT-2024-004,PRJ-2024-006,2022-05-20,1263000.0,TZS,3,Straight Line,0.0,LOC-ARU-003,STF-042,Good,2025-02-06,,,,DA-GRT-2024-004-059
AST-0060,CDFT-0060,Generator,Office Equipment,GRT-2023-005,PRJ-2023-010,2023-05-18,2941000.0,TZS,5,Straight Line,1544779.88,LOC-ARU-002,STF-077,Good,2025-06-28,,,,DA-GRT-2023-005-060
AST-0061,CDFT-0061,Office Chair,Furniture,GRT-2024-002,PRJ-2024-003,2024-06-16,245000.0,TZS,5,Straight Line,181678.99,LOC-ARU-004,STF-006,Poor,2025-08-15,,,,DA-GRT-2024-002-061
AST-0062,CDFT-0062,UPS Battery Backup,IT Equipment,GRT-2024-002,PRJ-2024-003,2021-11-16,400000.0,TZS,3,Straight Line,0.0,LOC-KIL-001,STF-032,Poor,2025-02-13,,,,DA-GRT-2024-002-062
AST-0063,CDFT-0063,HP Desktop Computer,IT Equipment,GRT-2024-001,PRJ-2024-001,2021-01-29,1667000.0,TZS,3,Straight Line,0.0,LOC-ARU-004,STF-003,Good,2025-02-26,,,,
AST-0064,CDFT-0064,Grain Storage Silo,Agricultural Equipment,GRT-2023-002,PRJ-2023-012,2023-12-08,2507000.0,TZS,10,Straight Line,2051930.6,LOC-MAN-002,STF-094,Poor,2025-05-13,,,,DA-GRT-2023-002-064
AST-0065,CDFT-0065,Radio Set VHF,Communication,GRT-2023-001,PRJ-2023-001,2023-02-11,724000.0,TZS,5,Straight Line,342227.52,LOC-MAN-004,STF-080,Fair,2025-09-27,2024-06-23,Sold,83000.0,
AST-0066,CDFT-0066,Microscope,Medical Equipment,GRT-2023-001,PRJ-2023-001,2021-05-17,1970000.0,TZS,5,Straight Line,246216.29,LOC-MAN-003,STF-047,Good,2025-05-19,,,,DA-GRT-2023-001-066
AST-0067,CDFT-0067,Toyota Land Cruiser 4x4,Vehicle,GRT-2024-002,PRJ-2024-004,2022-04-19,41923000.0,TZS,5,Straight Line,12975756.74,LOC-KIL-002,STF-116,Good,2025-09-18,,,,
AST-0068,CDFT-0068,Air Conditioner,Office Equipment,GRT-2023-003,PRJ-2023-006,2022-02-12,1247000.0,TZS,5,Straight Line,340897.88,LOC-MAN-004,STF-003,Fair,2025-08-23,,,,
AST-0069,CDFT-0069,Irrigation Pump,Agricultural Equipment,GRT-2023-001,PRJ-2023-011,2023-03-17,1312000.0,TZS,5,Straight Line,644595.21,LOC-MAN-003,STF-039,Fair,2025-03-22,2024-12-26,Transferred to Government,,
AST-0070,CDFT-0070,Irrigation Pump,Agricultural Equipment,GRT-2023-001,PRJ-2023-002,2024-07-05,1294000.0,TZS,5,Straight Line,973024.23,LOC-KIL-001,STF-072,Good,2025-07-18,,,,DA-GRT-2023-001-070
AST-0071,CDFT-0071,UPS Battery Backup,IT Equipment,GRT-2024-002,PRJ-2024-004,2024-09-07,391000.0,TZS,3,Straight Line,252191.88,LOC-MAN-001,STF-087,Good,2025-02-14,,,,DA-GRT-2024-002-071
AST-0072,CDFT-0072,Water Dispenser,Office Equipment,GRT-2023-005,PRJ-2023-010,2022-05-08,388000.0,TZS,3,Straight Line,0.0,LOC-ARU-001,STF-117,Fair,2025-03-20,,,,DA-GRT-2023-005-072
AST-0073,CDFT-0073,Microscope,Medical Equipment,GRT-2021-001,PRJ-2023-007,2024-08-29,1879000.0,TZS,5,Straight Line,1469504.04,LOC-ARU-001,STF-089,Good,2025-04-14,,,,DA-GRT-2021-001-073
AST-0074,CDFT-0074,Irrigation Pump,Agricultural Equipment,GRT-2023-005,PRJ-2023-010,2025-04-27,1693000.0,TZS,5,Straight Line,1547455.3,LOC-MAN-001,STF-069,Good,2025-03-22,,,,DA-GRT-2023-005-074
AST-0075,CDFT-0075,Dell Laptop Computer,IT Equipment,GRT-2022-004,PRJ-2023-005,2025-01-29,1589000.0,TZS,3,Straight Line,1233713.67,LOC-ARU-003,STF-053,Good,2025-06-13,,,,
AST-0076,CDFT-0076,Water Dispenser,Office Equipment,GRT-2023-004,PRJ-2023-009,2021-11-08,427000.0,TZS,3,Straight Line,0.0,LOC-KIL-003,STF-004,Poor,2025-04-07,,,,DA-GRT-2023-004-076
AST-0077,CDFT-0077,Air Conditioner,Office Equipment,GRT-2023-003,PRJ-2023-013,2024-03-07,1293000.0,TZS,5,Straight Line,887311.29,LOC-KIL-004,STF-088,Fair,2025-04-29,,,,
AST-0078,CDFT-0078,Toyota Hiace Minibus,Vehicle,GRT-2023-001,PRJ-2023-011,2021-10-02,31071000.0,TZS,5,Straight Line,6231213.55,LOC-ARU-002,STF-024,Fair,2025-08-29,,,,DA-GRT-2023-001-078
AST-0079,CDFT-0079,Rapid Test Kit Storage Fridge,Medical Equipment,GRT-2023-003,PRJ-2023-006,2022-01-31,2432000.0,TZS,5,Straight Line,648866.26,LOC-KIL-001,STF-119,Good,2025-01-17,,,,
AST-0080,CDFT-0080,Weighing Scale,Medical Equipment,GRT-2021-001,PRJ-2023-007,2025-04-01,162000.0,TZS,5,Straight Line,145766.74,LOC-ARU-004,STF-111,Good,2025-02-03,,,,DA-GRT-2021-001-080
AST-0081,CDFT-0081,Radio Set VHF,Communication,GRT-2024-003,PRJ-2024-005,2022-05-21,615000.0,TZS,5,Straight Line,201127.31,LOC-MAN-002,STF-095,Good,2025-07-27,,,,DA-GRT-2024-003-081
AST-0082,CDFT-0082,Conference Table,Furniture,GRT-2024-001,PRJ-2024-007,2024-05-01,1173000.0,TZS,5,Straight Line,840288.71,LOC-MAN-004,STF-101,Fair,2025-09-26,,,,
AST-0083,CDFT-0083,Dell Laptop Computer,IT Equipment,GRT-2023-001,PRJ-2023-002,2022-05-19,1806000.0,TZS,3,Straight Line,0.0,LOC-KIL-001,STF-072,Fair,2025-07-22,,,,
AST-0084,CDFT-0084,Water Dispenser,Office Equipment,GRT-2021-001,PRJ-2023-007,2022-08-20,432000.0,TZS,3,Straight Line,0.0,LOC-ARU-001,STF-060,Good,2025-07-23,,,,
AST-0085,CDFT-0085,Office Chair,Furniture,GRT-2023-001,PRJ-2023-002,2024-11-14,301000.0,TZS,5,Straight Line,248093.22,LOC-MAN-003,STF-058,Fair,2025-03-14,,,,
AST-0086,CDFT-0086,Irrigation Pump,Agricultural Equipment,GRT-2024-001,PRJ-2024-007,2024-11-26,1191000.0,TZS,5,Straight Line,989483.78,LOC-ARU-002,STF-058,Fair,2025-03-11,,,,
AST-0087,CDFT-0087,Microscope,Medical Equipment,GRT-2021-001,PRJ-2023-007,2023-07-21,1918000.0,TZS,5,Straight Line,1074657.63,LOC-MAN-003,STF-117,Good,2025-05-09,,,,DA-GRT-2021-001-087
AST-0088,CDFT-0088,Canon Printer,IT Equipment,GRT-2023-002,PRJ-2023-004,2021-07-06,955000.0,TZS,3,Straight Line,0.0,LOC-KIL-002,STF-068,Good,2025-08-19,,,,DA-GRT-2023-002-088
AST-0089,CDFT-0089,Irrigation Pump,Agricultural Equipment,GRT-2023-003,PRJ-2023-006,2023-02-15,1506000.0,TZS,5,Straight Line,715169.61,LOC-MAN-002,STF-112,Fair,2025-07-14,2024-06-23,Transferred to Government,,DA-GRT-2023-003-089
AST-0090,CDFT-0090,HP Desktop Computer,IT Equipment,GRT-2022-004,PRJ-2023-005,2022-01-02,1222000.0,TZS,3,Straight Line,0.0,LOC-ARU-001,STF-094,Poor,2025-01-27,,,,DA-GRT-2022-004-090
AST-0091,CDFT-0091,Microscope,Medical Equipment,GRT-2023-003,PRJ-2023-006,2021-08-29,1674000.0,TZS,5,Straight Line,304551.13,LOC-ARU-004,STF-070,Good,2025-04-14,2024-09-16,Sold,100000.0,DA-GRT-2023-003-091
AST-0092,CDFT-0092,Air Conditioner,Office Equipment,GRT-2023-004,PRJ-2023-008,2022-03-21,1437000.0,TZS,5,Straight Line,421952.77,LOC-ARU-004,STF-011,Fair,2025-09-01,,,,DA-GRT-2023-004-092
AST-0093,CDFT-0093,Toyota Land Cruiser 4x4,Vehicle,GRT-2023-002,PRJ-2023-012,2022-07-24,40955000.0,TZS,5,Straight Line,14829017.8,LOC-KIL-001,STF-019,Fair,2025-04-17,2024-05-31,Sold,6327000.0,DA-GRT-2023-002-093
AST-0094,CDFT-0094,Satellite Phone,Communication,GRT-2023-003,PRJ-2023-013,2022-09-04,901000.0,TZS,3,Straight Line,0.0,LOC-KIL-003,STF-087,Good,2025-02-14,2025-03-02,Written Off,,
AST-0095,CDFT-0095,Satellite Phone,Communication,GRT-2023-003,PRJ-2023-013,2024-03-18,945000.0,TZS,3,Straight Line,460318.28,LOC-MAN-004,STF-075,Poor,2025-04-01,,,,
AST-0096,CDFT-0096,Toyota Hilux Double Cab,Vehicle,GRT-2024-001,PRJ-2024-001,2022-10-24,26941000.0,TZS,5,Straight Line,11112009.99,LOC-ARU-003,STF-108,Good,2025-07-14,,,,
AST-0097,CDFT-0097,Office Chair,Furniture,GRT-2023-002,PRJ-2023-004,2024-11-23,283000.0,TZS,5,Straight Line,234651.75,LOC-ARU-003,STF-068,Poor,2025-05-21,,,,
AST-0098,CDFT-0098,Projector - Epson,IT Equipment,GRT-2023-002,PRJ-2023-004,2024-03-16,1291000.0,TZS,3,Straight Line,626501.71,LOC-ARU-004,STF-093,Fair,2025-09-28,,,,DA-GRT-2023-002-098
AST-0099,CDFT-0099,Radio Set VHF,Communication,GRT-2023-003,PRJ-2023-013,2022-10-11,604000.0,TZS,5,Straight Line,244824.64,LOC-MAN-002,STF-046,Good,2025-09-27,,,,DA-GRT-2023-003-099
AST-0100,CDFT-0100,Air Conditioner,Office Equipment,GRT-2024-004,PRJ-2024-006,2025-02-02,1264000.0,TZS,5,Straight Line,1097196.99,LOC-KIL-003,STF-114,Fair,2025-09-12,,,,DA-GRT-2024-004-100
AST-0101,CDFT-0101,Radio Set VHF,Communication,GRT-2021-001,PRJ-2023-007,2021-01-04,605000.0,TZS,5,Straight Line,31554.41,LOC-KIL-002,STF-095,Good,2025-01-13,,,,DA-GRT-2021-001-101
AST-0102,CDFT-0102,Air Conditioner,Office Equipment,GRT-2023-005,PRJ-2023-010,2021-04-04,1499000.0,TZS,5,Straight Line,152054.62,LOC-MAN-003,STF-028,Good,2025-06-29,,,,
AST-0103,CDFT-0103,Projector - Epson,IT Equipment,GRT-2023-004,PRJ-2023-009,2021-05-19,1333000.0,TZS,3,Straight Line,0.0,LOC-ARU-002,STF-099,Good,2025-06-03,,,,
AST-0104,CDFT-0104,Satellite Phone,Communication,GRT-2024-002,PRJ-2024-004,2025-01-23,807000.0,TZS,3,Straight Line,622143.05,LOC-KIL-004,STF-043,Fair,2025-01-15,,,,DA-GRT-2024-002-104
AST-0105,CDFT-0105,Satellite Phone,Communication,GRT-2023-001,PRJ-2023-011,2021-03-14,863000.0,TZS,3,Straight Line,0.0,LOC-MAN-003,STF-059,Fair,2025-03-11,,,,DA-GRT-2023-001-105
AST-0106,CDFT-0106,Grain Storage Silo,Agricultural Equipment,GRT-2024-003,PRJ-2024-005,2025-05-25,3369000.0,TZS,10,Straight Line,3250012.73,LOC-KIL-001,STF-107,Poor,2025-07-31,,,,
AST-0107,CDFT-0107,Generator,Office Equipment,GRT-2024-001,PRJ-2024-002,2024-02-12,3942000.0,TZS,5,Straight Line,2653362.63,LOC-MAN-003,STF-043,Fair,2025-01-10,,,,DA-GRT-2024-001-107
AST-0108,CDFT-0108,Steel Filing Cabinet,Furniture,GRT-2022-004,PRJ-2023-005,2022-07-29,315000.0,TZS,5,Straight Line,114917.86,LOC-ARU-003,STF-081,Poor,2025-01-16,,,,
AST-0109,CDFT-0109,Canon Printer,IT Equipment,GRT-2024-002,PRJ-2024-004,2022-01-19,898000.0,TZS,3,Straight Line,0.0,LOC-ARU-001,STF-091,Fair,2025-03-01,,,,DA-GRT-2024-002-109
AST-0110,CDFT-0110,Radio Set VHF,Communication,GRT-2023-005,PRJ-2023-010,2021-06-27,529000.0,TZS,5,Straight Line,77992.2,LOC-ARU-001,STF-028,Good,2025-05-02,,,,
AST-0111,CDFT-0111,Canon Printer,IT Equipment,GRT-2023-001,PRJ-2023-002,2025-05-12,723000.0,TZS,3,Straight Line,629305.27,LOC-KIL-001,STF-103,Good,2025-02-17,,,,
AST-0112,CDFT-0112,Irrigation Pump,Agricultural Equipment,GRT-2024-001,PRJ-2024-002,2023-09-18,1217000.0,TZS,5,Straight Line,721203.7,LOC-ARU-002,STF-019,Fair,2025-09-26,,,,DA-GRT-2024-001-112
AST-0113,CDFT-0113,Dell Laptop Computer,IT Equipment,GRT-2024-004,PRJ-2024-006,2024-10-17,2106000.0,TZS,3,Straight Line,1435232.03,LOC-ARU-004,STF-050,Good,2025-04-16,,,,DA-GRT-2024-004-113
AST-0114,CDFT-0114,Irrigation Pump,Agricultural Equipment,GRT-2024-001,PRJ-2024-001,2021-04-01,1193000.0,TZS,5,Straight Line,119055.03,LOC-KIL-001,STF-014,Fair,2025-02-14,,,,
AST-0115,CDFT-0115,Satellite Phone,Communication,GRT-2023-001,PRJ-2023-001,2024-03-28,965000.0,TZS,3,Straight Line,478867.21,LOC-KIL-004,STF-042,Poor,2025-06-09,,,,
AST-0116,CDFT-0116,Office Chair,Furniture,GRT-2024-001,PRJ-2024-002,2025-05-02,259000.0,TZS,5,Straight Line,237443.26,LOC-KIL-003,STF-036,Good,2025-03-02,,,,
AST-0117,CDFT-0117,Air Conditioner,Office Equipment,GRT-2023-002,PRJ-2023-004,2022-02-28,1262000.0,TZS,5,Straight Line,356055.03,LOC-ARU-001,STF-019,Fair,2025-06-29,,,,DA-GRT-2023-002-117
AST-0118,CDFT-0118,Office Chair,Furniture,GRT-2023-003,PRJ-2023-006,2021-05-26,296000.0,TZS,5,Straight Line,38453.66,LOC-KIL-001,STF-017,Good,2025-06-23,,,,
AST-0119,CDFT-0119,Satellite Phone,Communication,GRT-2024-002,PRJ-2024-004,2021-04-21,699000.0,TZS,3,Straight Line,0.0,LOC-MAN-004,STF-077,Good,2025-08-07,,,,DA-GRT-2024-002-119
AST-0120,CDFT-0120,Water Dispenser,Office Equipment,GRT-2024-003,PRJ-2024-005,2024-06-16,412000.0,TZS,3,Straight Line,234528.86,LOC-KIL-004,STF-092,Good,2025-06-09,,,,DA-GRT-2024-003-120
AST-0121,CDFT-0121,Grain Storage Silo,Agricultural Equipment,GRT-2024-003,PRJ-2024-005,2024-03-08,2339000.0,TZS,10,Straight Line,1972700.75,LOC-MAN-004,STF-060,Good,2025-02-17,,,,
AST-0122,CDFT-0122,Office Chair,Furniture,GRT-2024-003,PRJ-2024-005,2023-08-22,310000.0,TZS,5,Straight Line,179125.26,LOC-MAN-002,STF-034,Good,2025-04-25,,,,DA-GRT-2024-003-122
AST-0123,CDFT-0123,Blood Pressure Monitor,Medical Equipment,GRT-2024-001,PRJ-2024-002,2022-10-28,282000.0,TZS,5,Straight Line,116930.6,LOC-ARU-004,STF-109,Good,2025-09-07,2025-05-01,Sold,32000.0,
AST-0124,CDFT-0124,Steel Filing Cabinet,Furniture,GRT-2022-004,PRJ-2023-005,2023-11-07,407000.0,TZS,5,Straight Line,252334.43,LOC-KIL-002,STF-042,Good,2025-07-27,,,,
AST-0125,CDFT-0125,Toyota Hiace Minibus,Vehicle,GRT-2023-002,PRJ-2023-012,2023-08-03,32385000.0,TZS,5,Straight Line,18375882.96,LOC-KIL-004,STF-071,Good,2025-07-31,,,,
AST-0126,CDFT-0126,Rapid Test Kit Storage Fridge,Medical Equipment,GRT-2024-001,PRJ-2024-002,2022-03-03,2335000.0,TZS,5,Straight Line,662622.18,LOC-ARU-003,STF-073,Poor,2025-08-09,,,,DA-GRT-2024-001-126
AST-0127,CDFT-0127,Grain Storage Silo,Agricultural Equipment,GRT-2023-003,PRJ-2023-006,2024-09-19,3115000.0,TZS,10,Straight Line,2793479.12,LOC-MAN-004,STF-074,Fair,2025-02-09,,,,DA-GRT-2023-003-127
AST-0128,CDFT-0128,Dell Laptop Computer,IT Equipment,GRT-2024-003,PRJ-2024-005,2022-10-29,1920000.0,TZS,3,Straight Line,48624.23,LOC-KIL-003,STF-040,Fair,2025-02-19,,,,DA-GRT-2024-003-128
AST-0129,CDFT-0129,Toyota Hiace Minibus,Vehicle,GRT-2023-003,PRJ-2023-013,2025-04-29,29938000.0,TZS,5,Straight Line,27397060.92,LOC-MAN-003,STF-085,Poor,2025-07-14,,,,
AST-0130,CDFT-0130,Projector - Epson,IT Equipment,GRT-2024-001,PRJ-2024-007,2025-03-27,1401000.0,TZS,3,Straight Line,1160627.65,LOC-MAN-003,STF-020,Fair,2025-01-01,,,,
AST-0131,CDFT-0131,Office Chair,Furniture,GRT-2024-001,PRJ-2024-007,2023-07-05,273000.0,TZS,5,Straight Line,150570.43,LOC-ARU-002,STF-039,Good,2025-04-16,,,,
AST-0132,CDFT-0132,Satellite Phone,Communication,GRT-2023-005,PRJ-2023-010,2025-01-10,796000.0,TZS,3,Straight Line,604219.03,LOC-MAN-002,STF-066,Good,2025-02-15,,,,
AST-0133,CDFT-0133,HP Desktop Computer,IT Equipment,GRT-2023-001,PRJ-2023-002,2023-01-27,1657000.0,TZS,3,Straight Line,178062.29,LOC-KIL-001,STF-031,Fair,2025-01-28,2025-01-02,Sold,94000.0,
AST-0134,CDFT-0134,Generator,Office Equipment,GRT-2024-001,PRJ-2024-002,2024-12-28,3421000.0,TZS,5,Straight Line,2902113.21,LOC-MAN-001,STF-028,Good,2025-07-27,,,,DA-GRT-2024-001-134
AST-0135,CDFT-0135,Rapid Test Kit Storage Fridge,Medical Equipment,GRT-2023-002,PRJ-2023-012,2023-02-27,2070000.0,TZS,5,Straight Line,996603.7,LOC-KIL-003,STF-037,Poor,2025-07-04,,,,DA-GRT-2023-002-135
AST-0136,CDFT-0136,Satellite Phone,Communication,GRT-2023-001,PRJ-2023-001,2021-05-27,728000.0,TZS,3,Straight Line,0.0,LOC-ARU-004,STF-085,Fair,2025-01-09,,,,
AST-0137,CDFT-0137,HP Desktop Computer,IT Equipment,GRT-2023-005,PRJ-2023-010,2023-07-23,1173000.0,TZS,3,Straight Line,315529.77,LOC-ARU-004,STF-066,Poor,2025-08-06,,,,
AST-0138,CDFT-0138,Microscope,Medical Equipment,GRT-2023-004,PRJ-2023-008,2022-01-16,1752000.0,TZS,5,Straight Line,453049.69,LOC-MAN-004,STF-031,Good,2025-01-04,,,,DA-GRT-2023-004-138
AST-0139,CDFT-0139,Executive Office Desk,Furniture,GRT-2023-002,PRJ-2023-012,2024-03-26,640000.0,TZS,5,Straight Line,445853.52,LOC-MAN-002,STF-062,Good,2025-01-18,,,,DA-GRT-2023-002-139
AST-0140,CDFT-0140,Dell Laptop Computer,IT Equipment,GRT-2022-003,PRJ-2023-003,2021-10-18,1910000.0,TZS,3,Straight Line,0.0,LOC-ARU-001,STF-060,Fair,2025-09-27,,,,
AST-0141,CDFT-0141,Irrigation Pump,Agricultural Equipment,GRT-2022-003,PRJ-2023-003,2022-05-18,1681000.0,TZS,5,Straight Line,546986.58,LOC-MAN-001,STF-103,Good,2025-02-09,,,,
AST-0142,CDFT-0142,Air Conditioner,Office Equipment,GRT-2024-001,PRJ-2024-002,2024-01-01,988000.0,TZS,5,Straight Line,642301.44,LOC-MAN-001,STF-116,Poor,2025-01-06,,,,
AST-0143,CDFT-0143,Conference Table,Furniture,GRT-2024-001,PRJ-2024-001,2022-08-16,1187000.0,TZS,5,Straight Line,444739.08,LOC-MAN-002,STF-096,Good,2025-01-19,,,,
AST-0144,CDFT-0144,Generator,Office Equipment,GRT-2023-001,PRJ-2023-011,2024-03-30,3210000.0,TZS,5,Straight Line,2243264.89,LOC-ARU-001,STF-104,Good,2025-01-27,,,,DA-GRT-2023-001-144
AST-0145,CDFT-0145,Toyota Land Cruiser 4x4,Vehicle,GRT-2022-003,PRJ-2023-003,2021-09-17,41808000.0,TZS,5,Straight Line,8041100.62,LOC-ARU-001,STF-033,Fair,2025-02-09,,,,
AST-0146,CDFT-0146,Executive Office Desk,Furniture,GRT-2023-004,PRJ-2023-009,2021-01-30,601000.0,TZS,5,Straight Line,39902.12,LOC-MAN-002,STF-095,Fair,2025-02-27,,,,
AST-0147,CDFT-0147,Microscope,Medical Equipment,GRT-2023-003,PRJ-2023-006,2022-06-20,1740000.0,TZS,5,Straight Line,597626.28,LOC-MAN-001,STF-111,Poor,2025-05-01,,,,
AST-0148,CDFT-0148,Toyota Hiace Minibus,Vehicle,GRT-2023-003,PRJ-2023-013,2021-11-12,34589000.0,TZS,5,Straight Line,7713275.98,LOC-ARU-003,STF-099,Poor,2025-09-11,,,,
AST-0149,CDFT-0149,Satellite Phone,Communication,GRT-2023-003,PRJ-2023-006,2022-03-08,848000.0,TZS,3,Straight Line,0.0,LOC-ARU-001,STF-097,Fair,2025-06-26,,,,DA-GRT-2023-003-149
AST-0150,CDFT-0150,Toyota Hilux Double Cab,Vehicle,GRT-2024-002,PRJ-2024-004,2023-09-03,28013000.0,TZS,5,Straight Line,16370636.14,LOC-MAN-001,STF-030,Good,2025-09-01,,,,
AST-0151,CDFT-0151,Radio Set VHF,Communication,GRT-2023-004,PRJ-2023-009,2021-10-25,634000.0,TZS,5,Straight Line,135131.83,LOC-MAN-003,STF-041,Fair,2025-08-11,2025-04-04,Donated,,DA-GRT-2023-004-151
AST-0152,CDFT-0152,Satellite Phone,Communication,GRT-2023-002,PRJ-2023-004,2023-12-25,1046000.0,TZS,3,Straight Line,429330.14,LOC-ARU-003,STF-079,Fair,2025-07-01,,,,DA-GRT-2023-002-152
AST-0153,CDFT-0153,Executive Office Desk,Furniture,GRT-2023-004,PRJ-2023-009,2021-07-21,618000.0,TZS,5,Straight Line,99235.32,LOC-MAN-003,STF-096,Good,2025-07-20,,,,
AST-0154,CDFT-0154,Satellite Phone,Communication,GRT-2021-001,PRJ-2023-007,2023-12-01,905000.0,TZS,3,Straight Line,351634.73,LOC-KIL-001,STF-087,Good,2025-04-03,,,,
AST-0155,CDFT-0155,Toyota Hiace Minibus,Vehicle,GRT-2023-002,PRJ-2023-004,2023-12-12,22551000.0,TZS,5,Straight Line,14413500.21,LOC-MAN-004,STF-037,Good,2025-08-17,,,,
AST-0156,CDFT-0156,Toyota Hilux Double Cab,Vehicle,GRT-2022-003,PRJ-2023-003,2021-04-27,25941000.0,TZS,5,Straight Line,2958090.76,LOC-MAN-003,STF-016,Fair,2025-04-22,,,,DA-GRT-2022-003-156
AST-0157,CDFT-0157,Dell Laptop Computer,IT Equipment,GRT-2023-003,PRJ-2023-013,2021-09-24,1510000.0,TZS,3,Straight Line,0.0,LOC-MAN-004,STF-024,Good,2025-04-05,,,,
AST-0158,CDFT-0158,Microscope,Medical Equipment,GRT-2022-003,PRJ-2023-003,2024-08-01,1975000.0,TZS,5,Straight Line,1514301.85,LOC-MAN-004,STF-116,Good,2025-05-22,,,,DA-GRT-2022-003-158
AST-0159,CDFT-0159,Conference Table,Furniture,GRT-2022-003,PRJ-2023-003,2022-07-22,1099000.0,TZS,5,Straight Line,396723.2,LOC-ARU-002,STF-008,Poor,2025-02-01,,,,
AST-0160,CDFT-0160,Executive Office Desk,Furniture,GRT-2022-003,PRJ-2023-003,2023-10-05,572000.0,TZS,5,Straight Line,344296.24,LOC-ARU-004,STF-014,Good,2025-07-21,,,,
AST-0161,CDFT-0161,Weighing Scale,Medical Equipment,GRT-2023-002,PRJ-2023-004,2023-06-24,162000.0,TZS,5,Straight Line,88373.72,LOC-KIL-002,STF-010,Fair,2025-05-13,,,,
AST-0162,CDFT-0162,Executive Office Desk,Furniture,GRT-2023-001,PRJ-2023-001,2023-10-17,747000.0,TZS,5,Straight Line,454540.04,LOC-MAN-003,STF-050,Good,2025-01-01,,,,
AST-0163,CDFT-0163,Radio Set VHF,Communication,GRT-2024-002,PRJ-2024-004,2024-03-22,616000.0,TZS,5,Straight Line,427784.8,LOC-ARU-004,STF-062,Good,2025-09-21,,,,
AST-0164,CDFT-0164,Toyota Hiace Minibus,Vehicle,GRT-2023-001,PRJ-2023-001,2023-02-27,29206000.0,TZS,5,Straight Line,14061259.69,LOC-MAN-001,STF-120,Fair,2025-09-04,,,,DA-GRT-2023-001-164
AST-0165,CDFT-0165,Conference Table,Furniture,GRT-2024-002,PRJ-2024-004,2021-04-24,1328000.0,TZS,5,Straight Line,149252.29,LOC-ARU-002,STF-011,Fair,2025-02-16,,,,DA-GRT-2024-002-165
AST-0166,CDFT-0166,Office Chair,Furniture,GRT-2023-003,PRJ-2023-006,2024-02-10,306000.0,TZS,5,Straight Line,205633.68,LOC-ARU-001,STF-090,Good,2025-07-16,,,,
AST-0167,CDFT-0167,Dell Laptop Computer,IT Equipment,GRT-2024-002,PRJ-2024-003,2023-09-24,1951000.0,TZS,3,Straight Line,636979.47,LOC-KIL-003,STF-005,Good,2025-08-13,,,,
AST-0168,CDFT-0168,Generator,Office Equipment,GRT-2024-002,PRJ-2024-004,2021-05-10,3176000.0,TZS,5,Straight Line,384772.07,LOC-ARU-004,STF-003,Poor,2025-06-07,,,,
AST-0169,CDFT-0169,Toyota Hilux Double Cab,Vehicle,GRT-2023-001,PRJ-2023-002,2023-04-11,30463000.0,TZS,5,Straight Line,15383710.75,LOC-MAN-003,STF-067,Good,2025-04-19,,,,
AST-0170,CDFT-0170,Satellite Phone,Communication,GRT-2023-002,PRJ-2023-012,2021-11-02,1013000.0,TZS,3,Straight Line,0.0,LOC-KIL-001,STF-095,Fair,2025-04-30,,,,
AST-0171,CDFT-0171,Water Dispenser,Office Equipment,GRT-2023-003,PRJ-2023-013,2021-04-04,283000.0,TZS,3,Straight Line,0.0,LOC-KIL-002,STF-059,Good,2025-03-08,2024-02-21,Transferred to Government,,DA-GRT-2023-003-171
AST-0172,CDFT-0172,Generator,Office Equipment,GRT-2023-002,PRJ-2023-004,2021-08-22,2901000.0,TZS,5,Straight Line,516659.96,LOC-KIL-004,STF-055,Good,2025-04-23,,,,
AST-0173,CDFT-0173,Satellite Phone,Communication,GRT-2023-002,PRJ-2023-004,2024-11-02,834000.0,TZS,3,Straight Line,580546.2,LOC-KIL-004,STF-098,Fair,2025-03-12,,,,
AST-0174,CDFT-0174,Canon Printer,IT Equipment,GRT-2023-002,PRJ-2023-004,2022-07-15,808000.0,TZS,3,Straight Line,0.0,LOC-ARU-002,STF-071,Good,2025-08-01,,,,
AST-0175,CDFT-0175,UPS Battery Backup,IT Equipment,GRT-2023-001,PRJ-2023-002,2021-10-01,547000.0,TZS,3,Straight Line,0.0,LOC-KIL-001,STF-113,Good,2025-07-12,,,,
AST-0176,CDFT-0176,Toyota Land Cruiser 4x4,Vehicle,GRT-2022-003,PRJ-2023-003,2024-12-18,36146000.0,TZS,5,Straight Line,30465560.85,LOC-ARU-004,STF-089,Fair,2025-05-26,,,,
AST-0177,CDFT-0177,HP Desktop Computer,IT Equipment,GRT-2024-004,PRJ-2024-006,2023-07-12,1523000.0,TZS,3,Straight Line,394388.55,LOC-MAN-002,STF-089,Good,2025-05-03,,,,
AST-0178,CDFT-0178,Canon Printer,IT Equipment,GRT-2023-003,PRJ-2023-013,2021-06-30,954000.0,TZS,3,Straight Line,0.0,LOC-KIL-001,STF-072,Fair,2025-06-04,,,,
AST-0179,CDFT-0179,Dell Laptop Computer,IT Equipment,GRT-2023-002,PRJ-2023-004,2024-06-21,2239000.0,TZS,3,Straight Line,1284755.87,LOC-MAN-003,STF-085,Good,2025-09-17,,,,
AST-0180,CDFT-0180,Toyota Hilux Double Cab,Vehicle,GRT-2022-004,PRJ-2023-005,2024-11-04,28390000.0,TZS,5,Straight Line,23244433.95,LOC-KIL-003,STF-086,Poor,2025-08-31,,,,DA-GRT-2022-004-180
AST-0181,CDFT-0181,Toyota Hilux Double Cab,Vehicle,GRT-2024-001,PRJ-2024-001,2022-03-06,34886000.0,TZS,5,Straight Line,9957195.07,LOC-ARU-004,STF-006,Good,2025-05-09,,,,
AST-0182,CDFT-0182,Toyota Hilux Double Cab,Vehicle,GRT-2023-003,PRJ-2023-006,2021-11-20,38918000.0,TZS,5,Straight Line,8849116.77,LOC-KIL-002,STF-010,Poor,2025-01-15,,,,DA-GRT-2023-003-182
AST-0183,CDFT-0183,Microscope,Medical Equipment,GRT-2024-001,PRJ-2024-002,2023-05-09,1920000.0,TZS,5,Straight Line,999030.8,LOC-KIL-002,STF-042,Good,2025-06-16,,,,
AST-0184,CDFT-0184,UPS Battery Backup,IT Equipment,GRT-2021-001,PRJ-2023-007,2023-02-09,509000.0,TZS,3,Straight Line,60736.25,LOC-ARU-004,STF-007,Good,2025-02-07,,,,DA-GRT-2021-001-184
AST-0185,CDFT-0185,HP Desktop Computer,IT Equipment,GRT-2023-003,PRJ-2023-013,2023-07-21,1256000.0,TZS,3,Straight Line,335563.77,LOC-ARU-004,STF-093,Good,2025-07-18,,,,
AST-0186,CDFT-0186,Steel Filing Cabinet,Furniture,GRT-2021-001,PRJ-2023-007,2022-11-19,471000.0,TZS,5,Straight Line,200972.9,LOC-KIL-001,STF-036,Good,2025-01-17,,,,
AST-0187,CDFT-0187,Microscope,Medical Equipment,GRT-2023-003,PRJ-2023-006,2025-04-07,1811000.0,TZS,5,Straight Line,1635478.03,LOC-MAN-002,STF-021,Good,2025-04-23,,,,DA-GRT-2023-003-187
AST-0188,CDFT-0188,Water Dispenser,Office Equipment,GRT-2023-003,PRJ-2023-006,2024-03-29,430000.0,TZS,3,Straight Line,213773.67,LOC-MAN-001,STF-063,Fair,2025-04-28,,,,DA-GRT-2023-003-188
AST-0189,CDFT-0189,Projector - Epson,IT Equipment,GRT-2024-003,PRJ-2024-005,2022-07-26,1279000.0,TZS,3,Straight Line,0.0,LOC-KIL-004,STF-032,Good,2025-08-08,,,,
AST-0190,CDFT-0190,Generator,Office Equipment,GRT-2024-001,PRJ-2024-007,2021-11-02,3150000.0,TZS,5,Straight Line,685195.07,LOC-KIL-001,STF-006,Fair,2025-01-03,,,,DA-GRT-2024-001-190
AST-0191,CDFT-0191,Irrigation Pump,Agricultural Equipment,GRT-2024-004,PRJ-2024-006,2023-03-19,1141000.0,TZS,5,Straight Line,561831.21,LOC-KIL-004,STF-011,Good,2025-02-20,,,,
AST-0192,CDFT-0192,Toyota Land Cruiser 4x4,Vehicle,GRT-2023-005,PRJ-2023-010,2022-03-23,50036000.0,TZS,5,Straight Line,14747092.13,LOC-MAN-003,STF-012,Good,2025-07-03,,,,
AST-0193,CDFT-0193,Satellite Phone,Communication,GRT-2024-003,PRJ-2024-005,2024-03-14,797000.0,TZS,3,Straight Line,385316.68,LOC-ARU-004,STF-099,Fair,2025-01-13,,,,
AST-0194,CDFT-0194,Radio Set VHF,Communication,GRT-2024-002,PRJ-2024-003,2024-07-07,639000.0,TZS,5,Straight Line,481196.3,LOC-KIL-002,STF-050,Good,2025-01-01,,,,DA-GRT-2024-002-194
AST-0195,CDFT-0195,Conference Table,Furniture,GRT-2024-001,PRJ-2024-001,2023-05-23,1247000.0,TZS,5,Straight Line,658409.17,LOC-MAN-002,STF-070,Poor,2025-05-19,,,,
AST-0196,CDFT-0196,Projector - Epson,IT Equipment,GRT-2022-003,PRJ-2023-003,2024-06-24,1385000.0,TZS,3,Straight Line,798515.86,LOC-MAN-003,STF-047,Good,2025-01-29,,,,DA-GRT-2022-003-196
AST-0197,CDFT-0197,Dell Laptop Computer,IT Equipment,GRT-2024-003,PRJ-2024-005,2024-06-21,1750000.0,TZS,3,Straight Line,1004163.81,LOC-MAN-003,STF-072,Good,2025-07-07,,,,DA-GRT-2024-003-197
AST-0198,CDFT-0198,Grain Storage Silo,Agricultural Equipment,GRT-2021-001,PRJ-2023-007,2021-10-11,3134000.0,TZS,10,Straight Line,1888980.42,LOC-MAN-003,STF-062,Good,2025-05-03,,,,DA-GRT-2021-001-198
AST-0199,CDFT-0199,Generator,Office Equipment,GRT-2021-001,PRJ-2023-007,2025-03-23,4172000.0,TZS,5,Straight Line,3733383.16,LOC-ARU-001,STF-065,Fair,2025-04-26,,,,DA-GRT-2021-001-199
AST-0200,CDFT-0200,Executive Office Desk,Furniture,GRT-2024-002,PRJ-2024-003,2022-12-09,536000.0,TZS,5,Straight Line,234577.96,LOC-KIL-002,STF-061,Good,2025-09-06,,,,DA-GRT-2024-002-200
AST-0201,CDFT-0201,Satellite Phone,Communication,GRT-2024-001,PRJ-2024-001,2023-07-15,996000.0,TZS,3,Straight Line,260646.13,LOC-MAN-004,STF-104,Fair,2025-07-08,,,,DA-GRT-2024-001-201
AST-0202,CDFT-0202,Toyota Hiace Minibus,Vehicle,GRT-2024-003,PRJ-2024-005,2021-06-28,24773000.0,TZS,5,Straight Line,3665929.23,LOC-ARU-001,STF-010,Good,2025-07-20,,,,
AST-0203,CDFT-0203,Executive Office Desk,Furniture,GRT-2022-004,PRJ-2023-005,2023-10-14,553000.0,TZS,5,Straight Line,335585.08,LOC-MAN-003,STF-003,Good,2025-04-15,,,,
AST-0204,CDFT-0204,Satellite Phone,Communication,GRT-2022-004,PRJ-2023-005,2023-08-29,887000.0,TZS,3,Straight Line,268548.71,LOC-MAN-003,STF-003,Good,2025-08-04,,,,
AST-0205,CDFT-0205,Toyota Hiace Minibus,Vehicle,GRT-2023-004,PRJ-2023-008,2023-12-01,22678000.0,TZS,5,Straight Line,14358076.66,LOC-ARU-002,STF-084,Fair,2025-06-21,,,,DA-GRT-2023-004-205
AST-0206,CDFT-0206,Conference Table,Furniture,GRT-2024-004,PRJ-2024-006,2024-01-29,1223000.0,TZS,5,Straight Line,813826.56,LOC-KIL-003,STF-115,Good,2025-08-23,,,,DA-GRT-2024-004-206
AST-0207,CDFT-0207,Canon Printer,IT Equipment,GRT-2023-004,PRJ-2023-008,2023-09-19,982000.0,TZS,3,Straight Line,316130.96,LOC-KIL-001,STF-019,Good,2025-05-28,,,,
AST-0208,CDFT-0208,Microscope,Medical Equipment,GRT-2023-003,PRJ-2023-013,2021-11-26,2215000.0,TZS,5,Straight Line,510920.6,LOC-KIL-003,STF-108,Fair,2025-05-27,,,,DA-GRT-2023-003-208
AST-0209,CDFT-0209,Satellite Phone,Communication,GRT-2023-003,PRJ-2023-006,2022-05-03,984000.0,TZS,3,Straight Line,0.0,LOC-MAN-002,STF-017,Good,2025-01-22,,,,
AST-0210,CDFT-0210,Steel Filing Cabinet,Furniture,GRT-2023-002,PRJ-2023-012,2024-12-19,336000.0,TZS,5,Straight Line,283380.7,LOC-KIL-003,STF-048,Good,2025-06-12,,,,
AST-0211,CDFT-0211,Canon Printer,IT Equipment,GRT-2023-002,PRJ-2023-004,2021-02-21,884000.0,TZS,3,Straight Line,0.0,LOC-ARU-004,STF-119,Good,2025-09-13,,,,
AST-0212,CDFT-0212,Toyota Land Cruiser 4x4,Vehicle,GRT-2023-002,PRJ-2023-012,2023-11-06,55646000.0,TZS,5,Straight Line,34469288.16,LOC-ARU-001,STF-097,Good,2025-06-01,,,,DA-GRT-2023-002-212
AST-0213,CDFT-0213,Generator,Office Equipment,GRT-2024-001,PRJ-2024-007,2025-02-01,3850000.0,TZS,5,Straight Line,3339828.88,LOC-MAN-004,STF-062,Good,2025-06-23,,,,DA-GRT-2024-001-213
AST-0214,CDFT-0214,HP Desktop Computer,IT Equipment,GRT-2023-002,PRJ-2023-004,2022-09-23,1547000.0,TZS,3,Straight Line,0.0,LOC-KIL-004,STF-058,Good,2025-07-25,,,,
AST-0215,CDFT-0215,Conference Table,Furniture,GRT-2021-001,PRJ-2023-007,2024-04-09,990000.0,TZS,5,Straight Line,697268.99,LOC-ARU-001,STF-026,Fair,2025-04-24,,,,
AST-0216,CDFT-0216,Grain Storage Silo,Agricultural Equipment,GRT-2022-003,PRJ-2023-003,2023-11-15,3310000.0,TZS,10,Straight Line,2688327.17,LOC-MAN-002,STF-078,Good,2025-04-10,,,,
AST-0217,CDFT-0217,Toyota Hilux Double Cab,Vehicle,GRT-2024-002,PRJ-2024-003,2023-03-26,38682000.0,TZS,5,Straight Line,19195379.88,LOC-ARU-002,STF-002,Good,2025-08-07,,,,
AST-0218,CDFT-0218,Steel Filing Cabinet,Furniture,GRT-2024-003,PRJ-2024-005,2024-02-23,357000.0,TZS,5,Straight Line,242447.23,LOC-ARU-004,STF-095,Good,2025-04-21,,,,DA-GRT-2024-003-218
AST-0219,CDFT-0219,Microscope,Medical Equipment,GRT-2023-005,PRJ-2023-010,2025-02-01,1674000.0,TZS,5,Straight Line,1452174.95,LOC-MAN-002,STF-012,Good,2025-03-13,,,,
AST-0220,CDFT-0220,Office Chair,Furniture,GRT-2024-004,PRJ-2024-006,2022-11-18,284000.0,TZS,5,Straight Line,121025.6,LOC-ARU-003,STF-082,Good,2025-07-12,,,,DA-GRT-2024-004-220
AST-0221,CDFT-0221,Weighing Scale,Medical Equipment,GRT-2024-003,PRJ-2024-005,2024-12-25,158000.0,TZS,5,Straight Line,133775.5,LOC-ARU-003,STF-038,Fair,2025-03-12,,,,
AST-0222,CDFT-0222,Toyota Hilux Double Cab,Vehicle,GRT-2024-001,PRJ-2024-001,2024-04-13,37448000.0,TZS,5,Straight Line,26457101.71,LOC-ARU-004,STF-029,Good,2025-09-10,,,,
AST-0223,CDFT-0223,Toyota Land Cruiser 4x4,Vehicle,GRT-2024-001,PRJ-2024-001,2024-08-04,39119000.0,TZS,5,Straight Line,30058172.07,LOC-MAN-003,STF-115,Poor,2025-08-30,,,,
AST-0224,CDFT-0224,Canon Printer,IT Equipment,GRT-2023-004,PRJ-2023-008,2021-02-28,868000.0,TZS,3,Straight Line,0.0,LOC-KIL-002,STF-077,Good,2025-05-22,,,,DA-GRT-2023-004-224
AST-0225,CDFT-0225,Generator,Office Equipment,GRT-2023-005,PRJ-2023-010,2022-06-13,3557000.0,TZS,5,Straight Line,1208065.3,LOC-KIL-002,STF-048,Fair,2025-09-01,,,,
AST-0226,CDFT-0226,Generator,Office Equipment,GRT-2023-004,PRJ-2023-009,2021-11-30,2828000.0,TZS,5,Straight Line,658511.7,LOC-ARU-004,STF-113,Fair,2025-01-30,,,,DA-GRT-2023-004-226
AST-0227,CDFT-0227,Steel Filing Cabinet,Furniture,GRT-2023-004,PRJ-2023-009,2023-01-10,332000.0,TZS,5,Straight Line,151115.67,LOC-MAN-003,STF-024,Good,2025-07-02,2024-10-25,Sold,54000.0,DA-GRT-2023-004-227
AST-0228,CDFT-0228,Air Conditioner,Office Equipment,GRT-2023-002,PRJ-2023-012,2022-10-23,1366000.0,TZS,5,Straight Line,562668.58,LOC-MAN-003,STF-103,Poor,2025-06-11,,,,
AST-0229,CDFT-0229,Satellite Phone,Communication,GRT-2024-002,PRJ-2024-003,2021-07-16,947000.0,TZS,3,Straight Line,0.0,LOC-KIL-001,STF-018,Fair,2025-06-30,,,,
AST-0230,CDFT-0230,Steel Filing Cabinet,Furniture,GRT-2023-005,PRJ-2023-010,2022-11-28,437000.0,TZS,5,Straight Line,188618.89,LOC-MAN-001,STF-029,Good,2025-02-22,,,,DA-GRT-2023-005-230
AST-0231,CDFT-0231,Grain Storage Silo,Agricultural Equipment,GRT-2024-004,PRJ-2024-006,2023-12-26,3013000.0,TZS,10,Straight Line,2480930.18,LOC-KIL-002,STF-015,Fair,2025-02-28,,,,DA-GRT-2024-004-231
AST-0232,CDFT-0232,Toyota Land Cruiser 4x4,Vehicle,GRT-2024-001,PRJ-2024-001,2024-11-16,45710000.0,TZS,5,Straight Line,37725611.23,LOC-MAN-002,STF-067,Good,2025-03-13,,,,DA-GRT-2024-001-232
AST-0233,CDFT-0233,Conference Table,Furniture,GRT-2024-001,PRJ-2024-001,2021-02-28,1053000.0,TZS,5,Straight Line,86632.85,LOC-MAN-004,STF-019,Fair,2025-03-02,,,,DA-GRT-2024-001-233
AST-0234,CDFT-0234,Office Chair,Furniture,GRT-2022-004,PRJ-2023-005,2021-06-10,240000.0,TZS,5,Straight Line,33149.9,LOC-ARU-004,STF-097,Good,2025-02-27,,,,
AST-0235,CDFT-0235,Projector - Epson,IT Equipment,GRT-2024-004,PRJ-2024-006,2024-04-29,1018000.0,TZS,3,Straight Line,534897.1,LOC-ARU-001,STF-006,Good,2025-08-29,,,,
AST-0236,CDFT-0236,Satellite Phone,Communication,GRT-2023-002,PRJ-2023-004,2025-05-22,684000.0,TZS,3,Straight Line,601601.64,LOC-KIL-004,STF-024,Good,2025-04-16,,,,DA-GRT-2023-002-236
AST-0237,CDFT-0237,Toyota Land Cruiser 4x4,Vehicle,GRT-2023-004,PRJ-2023-009,2024-04-02,37838000.0,TZS,5,Straight Line,26504729.09,LOC-MAN-001,STF-100,Good,2025-06-30,,,,DA-GRT-2023-004-237
AST-0238,CDFT-0238,UPS Battery Backup,IT Equipment,GRT-2022-003,PRJ-2023-003,2021-07-22,462000.0,TZS,3,Straight Line,0.0,LOC-MAN-004,STF-025,Poor,2025-01-08,,,,DA-GRT-2022-003-238
AST-0239,CDFT-0239,Canon Printer,IT Equipment,GRT-2023-002,PRJ-2023-012,2021-01-09,1025000.0,TZS,3,Straight Line,0.0,LOC-MAN-001,STF-109,Fair,2025-02-20,,,,DA-GRT-2023-002-239
AST-0240,CDFT-0240,Steel Filing Cabinet,Furniture,GRT-2023-003,PRJ-2023-006,2023-06-20,423000.0,TZS,5,Straight Line,229827.1,LOC-ARU-002,STF-049,Fair,2025-02-24,,,,
AST-0241,CDFT-0241,Irrigation Pump,Agricultural Equipment,GRT-2023-002,PRJ-2023-004,2025-04-09,1263000.0,TZS,5,Straight Line,1141973.31,LOC-MAN-001,STF-018,Good,2025-03-05,,,,
AST-0242,CDFT-0242,Steel Filing Cabinet,Furniture,GRT-2023-002,PRJ-2023-012,2025-01-18,425000.0,TZS,5,Straight Line,365424.37,LOC-KIL-002,STF-050,Good,2025-02-12,,,,
AST-0243,CDFT-0243,Air Conditioner,Office Equipment,GRT-2024-003,PRJ-2024-005,2022-04-08,1358000.0,TZS,5,Straight Line,412140.45,LOC-ARU-003,STF-025,Fair,2025-07-28,,,,DA-GRT-2024-003-243
AST-0244,CDFT-0244,Rapid Test Kit Storage Fridge,Medical Equipment,GRT-2024-002,PRJ-2024-003,2022-01-03,2934000.0,TZS,5,Straight Line,737817.66,LOC-ARU-003,STF-057,Good,2025-09-09,,,,
AST-0245,CDFT-0245,Satellite Phone,Communication,GRT-2022-004,PRJ-2023-005,2023-03-20,713000.0,TZS,3,Straight Line,110455.62,LOC-KIL-003,STF-009,Good,2025-02-22,,,,
AST-0246,CDFT-0246,Projector - Epson,IT Equipment,GRT-2023-003,PRJ-2023-013,2023-04-08,1143000.0,TZS,3,Straight Line,196889.12,LOC-MAN-004,STF-064,Good,2025-04-30,,,,
AST-0247,CDFT-0247,Radio Set VHF,Communication,GRT-2024-001,PRJ-2024-007,2022-07-14,744000.0,TZS,5,Straight Line,265314.17,LOC-MAN-003,STF-078,Poor,2025-07-24,,,,DA-GRT-2024-001-247
AST-0248,CDFT-0248,Rapid Test Kit Storage Fridge,Medical Equipment,GRT-2022-004,PRJ-2023-005,2025-04-22,2472000.0,TZS,5,Straight Line,2252717.86,LOC-ARU-004,STF-064,Good,2025-02-25,,,,
AST-0249,CDFT-0249,HP Desktop Computer,IT Equipment,GRT-2023-001,PRJ-2023-002,2021-05-20,1139000.0,TZS,3,Straight Line,0.0,LOC-ARU-003,STF-078,Good,2025-01-14,,,,DA-GRT-2023-001-249
AST-0250,CDFT-0250,HP Desktop Computer,IT Equipment,GRT-2023-003,PRJ-2023-013,2021-07-17,1311000.0,TZS,3,Straight Line,0.0,LOC-MAN-001,STF-099,Poor,2025-02-09,,,,
AST-0251,CDFT-0251,Microscope,Medical Equipment,GRT-2023-001,PRJ-2023-011,2023-10-02,1604000.0,TZS,5,Straight Line,962839.15,LOC-MAN-001,STF-070,Fair,2025-05-14,,,,
AST-0252,CDFT-0252,Toyota Hilux Double Cab,Vehicle,GRT-2023-002,PRJ-2023-004,2023-02-25,39866000.0,TZS,5,Straight Line,19149869.13,LOC-ARU-004,STF-059,Good,2025-06-11,,,,
AST-0253,CDFT-0253,Canon Printer,IT Equipment,GRT-2024-001,PRJ-2024-001,2024-12-17,893000.0,TZS,3,Straight Line,658289.53,LOC-ARU-001,STF-092,Good,2025-09-09,,,,
AST-0254,CDFT-0254,Dell Laptop Computer,IT Equipment,GRT-2023-001,PRJ-2023-011,2024-09-13,1901000.0,TZS,3,Straight Line,1236539.13,LOC-KIL-003,STF-065,Fair,2025-08-29,,,,
AST-0255,CDFT-0255,Executive Office Desk,Furniture,GRT-2024-002,PRJ-2024-004,2024-06-17,665000.0,TZS,5,Straight Line,493492.81,LOC-ARU-001,STF-042,Fair,2025-06-30,,,,
AST-0256,CDFT-0256,Generator,Office Equipment,GRT-2024-002,PRJ-2024-003,2022-12-16,2871000.0,TZS,5,Straight Line,1267484.6,LOC-MAN-003,STF-044,Poor,2025-01-14,,,,
AST-0257,CDFT-0257,Weighing Scale,Medical Equipment,GRT-2024-002,PRJ-2024-003,2023-04-24,172000.0,TZS,5,Straight Line,88083.78,LOC-KIL-004,STF-031,Good,2025-01-29,,,,DA-GRT-2024-002-257
AST-0258,CDFT-0258,Generator,Office Equipment,GRT-2022-003,PRJ-2023-003,2022-09-17,2934000.0,TZS,5,Straight Line,1150706.37,LOC-MAN-001,STF-042,Good,2025-06-22,,,,
AST-0259,CDFT-0259,Satellite Phone,Communication,GRT-2024-001,PRJ-2024-007,2023-11-21,1010000.0,TZS,3,Straight Line,383214.69,LOC-ARU-003,STF-074,Good,2025-05-17,2025-04-25,Sold,227000.0,
AST-0260,CDFT-0260,Generator,Office Equipment,GRT-2023-001,PRJ-2023-011,2021-07-24,2954000.0,TZS,5,Straight Line,479190.97,LOC-MAN-001,STF-104,Fair,2025-04-16,,,,DA-GRT-2023-001-260
AST-0261,CDFT-0261,Conference Table,Furniture,GRT-2024-001,PRJ-2024-001,2023-01-15,1050000.0,TZS,5,Straight Line,480800.82,LOC-KIL-002,STF-108,Good,2025-04-14,,,,DA-GRT-2024-001-261
AST-0262,CDFT-0262,Projector - Epson,IT Equipment,GRT-2023-001,PRJ-2023-002,2022-09-01,1115000.0,TZS,3,Straight Line,0.0,LOC-MAN-002,STF-096,Fair,2025-07-25,,,,DA-GRT-2023-001-262
AST-0263,CDFT-0263,Radio Set VHF,Communication,GRT-2023-002,PRJ-2023-004,2024-04-27,767000.0,TZS,5,Straight Line,547767.15,LOC-MAN-001,STF-061,Good,2025-05-20,,,,
AST-0264,CDFT-0264,Steel Filing Cabinet,Furniture,GRT-2024-001,PRJ-2024-001,2023-10-31,440000.0,TZS,5,Straight Line,271107.46,LOC-MAN-001,STF-041,Poor,2025-06-03,,,,
AST-0265,CDFT-0265,Blood Pressure Monitor,Medical Equipment,GRT-2024-004,PRJ-2024-006,2023-07-18,292000.0,TZS,5,Straight Line,163128.27,LOC-MAN-003,STF-091,Fair,2025-04-03,,,,
AST-0266,CDFT-0266,Canon Printer,IT Equipment,GRT-2021-001,PRJ-2023-007,2024-09-15,901000.0,TZS,3,Straight Line,587715.95,LOC-MAN-003,STF-069,Poor,2025-08-28,,,,DA-GRT-2021-001-266
AST-0267,CDFT-0267,Weighing Scale,Medical Equipment,GRT-2023-001,PRJ-2023-002,2023-12-06,220000.0,TZS,5,Straight Line,139890.49,LOC-KIL-004,STF-020,Good,2025-07-06,,,,DA-GRT-2023-001-267
AST-0268,CDFT-0268,Office Chair,Furniture,GRT-2023-005,PRJ-2023-010,2022-10-15,330000.0,TZS,5,Straight Line,134484.6,LOC-ARU-003,STF-035,Poor,2025-02-02,,,,DA-GRT-2023-005-268
AST-0269,CDFT-0269,Water Dispenser,Office Equipment,GRT-2023-003,PRJ-2023-013,2022-04-29,305000.0,TZS,3,Straight Line,0.0,LOC-KIL-004,STF-004,Good,2025-05-03,,,,
AST-0270,CDFT-0270,Office Chair,Furniture,GRT-2023-002,PRJ-2023-012,2023-06-13,282000.0,TZS,5,Straight Line,152137.17,LOC-ARU-001,STF-018,Good,2025-01-19,,,,
AST-0271,CDFT-0271,Executive Office Desk,Furniture,GRT-2023-003,PRJ-2023-006,2024-08-12,713000.0,TZS,5,Straight Line,550976.73,LOC-ARU-004,STF-101,Poor,2025-01-22,,,,
AST-0272,CDFT-0272,Toyota Hiace Minibus,Vehicle,GRT-2024-001,PRJ-2024-001,2021-05-11,26355000.0,TZS,5,Straight Line,3207336.76,LOC-KIL-002,STF-051,Good,2025-07-06,,,,DA-GRT-2024-001-272
AST-0273,CDFT-0273,HP Desktop Computer,IT Equipment,GRT-2024-001,PRJ-2024-007,2025-02-13,1269000.0,TZS,3,Straight Line,1002634.5,LOC-MAN-002,STF-100,Fair,2025-03-03,,,,DA-GRT-2024-001-273
AST-0274,CDFT-0274,Executive Office Desk,Furniture,GRT-2022-003,PRJ-2023-003,2022-05-03,665000.0,TZS,5,Straight Line,210924.71,LOC-ARU-002,STF-043,Fair,2025-03-04,,,,DA-GRT-2022-003-274
AST-0275,CDFT-0275,Blood Pressure Monitor,Medical Equipment,GRT-2023-004,PRJ-2023-008,2023-05-17,372000.0,TZS,5,Straight Line,195191.79,LOC-KIL-004,STF-036,Good,2025-03-15,,,,
AST-0276,CDFT-0276,Executive Office Desk,Furniture,GRT-2023-001,PRJ-2023-002,2023-10-02,772000.0,TZS,5,Straight Line,463411.36,LOC-KIL-002,STF-041,Fair,2025-07-11,,,,
AST-0277,CDFT-0277,Rapid Test Kit Storage Fridge,Medical Equipment,GRT-2023-004,PRJ-2023-009,2025-05-26,2657000.0,TZS,5,Straight Line,2470773.58,LOC-ARU-002,STF-106,Good,2025-07-05,,,,
AST-0278,CDFT-0278,Water Dispenser,Office Equipment,GRT-2023-003,PRJ-2023-013,2021-03-13,432000.0,TZS,3,Straight Line,0.0,LOC-MAN-003,STF-031,Poor,2025-01-28,,,,
AST-0279,CDFT-0279,Blood Pressure Monitor,Medical Equipment,GRT-2024-002,PRJ-2024-003,2024-11-04,301000.0,TZS,5,Straight Line,246445.04,LOC-ARU-003,STF-002,Good,2025-05-02,,,,DA-GRT-2024-002-279
AST-0280,CDFT-0280,Blood Pressure Monitor,Medical Equipment,GRT-2023-004,PRJ-2023-009,2022-09-09,390000.0,TZS,5,Straight Line,151248.46,LOC-KIL-003,STF-118,Good,2025-05-01,,,,
AST-0281,CDFT-0281,Conference Table,Furniture,GRT-2023-005,PRJ-2023-010,2021-03-11,1435000.0,TZS,5,Straight Line,126704.31,LOC-ARU-004,STF-061,Good,2025-02-11,,,,DA-GRT-2023-005-281
AST-0282,CDFT-0282,Conference Table,Furniture,GRT-2023-002,PRJ-2023-004,2021-11-25,1347000.0,TZS,5,Straight Line,309966.74,LOC-ARU-002,STF-054,Fair,2025-05-14,,,,DA-GRT-2023-002-282
AST-0283,CDFT-0283,Grain Storage Silo,Agricultural Equipment,GRT-2024-003,PRJ-2024-005,2024-11-24,3170000.0,TZS,10,Straight Line,2900083.5,LOC-KIL-003,STF-081,Good,2025-01-27,,,,
AST-0284,CDFT-0284,Water Dispenser,Office Equipment,GRT-2024-002,PRJ-2024-004,2022-02-14,301000.0,TZS,3,Straight Line,0.0,LOC-KIL-002,STF-015,Fair,2025-06-06,,,,
AST-0285,CDFT-0285,Irrigation Pump,Agricultural Equipment,GRT-2022-004,PRJ-2023-005,2024-05-01,1570000.0,TZS,5,Straight Line,1124683.09,LOC-ARU-002,STF-058,Fair,2025-07-30,,,,
AST-0286,CDFT-0286,HP Desktop Computer,IT Equipment,GRT-2024-001,PRJ-2024-007,2022-11-02,1284000.0,TZS,3,Straight Line,37204.65,LOC-ARU-003,STF-048,Poor,2025-05-25,,,,
AST-0287,CDFT-0287,Blood Pressure Monitor,Medical Equipment,GRT-2024-001,PRJ-2024-007,2022-04-05,392000.0,TZS,5,Straight Line,118324.44,LOC-MAN-003,STF-079,Good,2025-01-12,,,,DA-GRT-2024-001-287
AST-0288,CDFT-0288,Toyota Hiace Minibus,Vehicle,GRT-2021-001,PRJ-2023-007,2022-06-21,34674000.0,TZS,5,Straight Line,11928235.73,LOC-KIL-003,STF-012,Fair,2025-03-28,2025-03-15,Transferred to Government,,DA-GRT-2021-001-288
AST-0289,CDFT-0289,Canon Printer,IT Equipment,GRT-2023-002,PRJ-2023-004,2021-01-29,1042000.0,TZS,3,Straight Line,0.0,LOC-ARU-004,STF-106,Fair,2025-09-27,,,,DA-GRT-2023-002-289
AST-0290,CDFT-0290,Dell Laptop Computer,IT Equipment,GRT-2021-001,PRJ-2023-007,2022-01-26,1622000.0,TZS,3,Straight Line,0.0,LOC-ARU-004,STF-049,Poor,2025-05-17,,,,
AST-0291,CDFT-0291,Projector - Epson,IT Equipment,GRT-2024-001,PRJ-2024-001,2025-01-28,1284000.0,TZS,3,Straight Line,995737.17,LOC-ARU-003,STF-102,Fair,2025-04-07,,,,
AST-0292,CDFT-0292,Office Chair,Furniture,GRT-2023-004,PRJ-2023-008,2024-06-19,347000.0,TZS,5,Straight Line,257886.79,LOC-MAN-003,STF-083,Good,2025-05-08,,,,
AST-0293,CDFT-0293,Toyota Land Cruiser 4x4,Vehicle,GRT-2024-001,PRJ-2024-002,2024-11-20,45495000.0,TZS,5,Straight Line,37647813.14,LOC-MAN-004,STF-055,Good,2025-04-19,,,,DA-GRT-2024-001-293
AST-0294,CDFT-0294,Executive Office Desk,Furniture,GRT-2023-002,PRJ-2023-012,2021-05-01,541000.0,TZS,5,Straight Line,62875.98,LOC-ARU-004,STF-117,Good,2025-06-20,,,,
AST-0295,CDFT-0295,Air Conditioner,Office Equipment,GRT-2023-003,PRJ-2023-013,2024-12-24,1467000.0,TZS,5,Straight Line,1241276.8,LOC-ARU-001,STF-051,Fair,2025-01-24,2025-05-31,Donated,,DA-GRT-2023-003-295
AST-0296,CDFT-0296,HP Desktop Computer,IT Equipment,GRT-2023-002,PRJ-2023-012,2021-03-26,1730000.0,TZS,3,Straight Line,0.0,LOC-MAN-001,STF-064,Fair,2025-04-02,,,,DA-GRT-2023-002-296
AST-0297,CDFT-0297,Microscope,Medical Equipment,GRT-2024-001,PRJ-2024-002,2024-12-25,1547000.0,TZS,5,Straight Line,1309814.51,LOC-KIL-002,STF-041,Fair,2025-08-10,,,,
AST-0298,CDFT-0298,HP Desktop Computer,IT Equipment,GRT-2023-004,PRJ-2023-009,2025-03-12,1435000.0,TZS,3,Straight Line,1169150.13,LOC-ARU-001,STF-079,Good,2025-08-09,,,,DA-GRT-2023-004-298
AST-0299,CDFT-0299,Executive Office Desk,Furniture,GRT-2023-005,PRJ-2023-010,2021-12-04,671000.0,TZS,5,Straight Line,157714.85,LOC-KIL-003,STF-072,Good,2025-09-09,,,,DA-GRT-2023-005-299
AST-0300,CDFT-0300,Satellite Phone,Communication,GRT-2024-003,PRJ-2024-005,2021-04-19,924000.0,TZS,3,Straight Line,0.0,LOC-KIL-003,STF-005,Good,2025-03-18,,,,
AST-0301,CDFT-0301,Canon Printer,IT Equipment,GRT-2023-005,PRJ-2023-010,2021-08-26,950000.0,TZS,3,Straight Line,0.0,LOC-MAN-004,STF-072,Good,2025-01-21,,,,
AST-0302,CDFT-0302,Rapid Test Kit Storage Fridge,Medical Equipment,GRT-2022-004,PRJ-2023-005,2021-09-11,2041000.0,TZS,5,Straight Line,385848.19,LOC-ARU-001,STF-024,Good,2025-02-17,,,,DA-GRT-2022-004-302
AST-0303,CDFT-0303,Irrigation Pump,Agricultural Equipment,GRT-2024-001,PRJ-2024-007,2024-09-20,1638000.0,TZS,5,Straight Line,1300758.11,LOC-KIL-001,STF-068,Fair,2025-04-19,,,,DA-GRT-2024-001-303
AST-0304,CDFT-0304,Canon Printer,IT Equipment,GRT-2022-003,PRJ-2023-003,2022-05-20,839000.0,TZS,3,Straight Line,0.0,LOC-ARU-002,STF-004,Poor,2025-09-13,,,,
AST-0305,CDFT-0305,Satellite Phone,Communication,GRT-2024-002,PRJ-2024-003,2024-04-24,727000.0,TZS,3,Straight Line,378676.93,LOC-KIL-002,STF-059,Good,2025-06-15,,,,DA-GRT-2024-002-305
AST-0306,CDFT-0306,Satellite Phone,Communication,GRT-2023-004,PRJ-2023-009,2024-05-01,864000.0,TZS,3,Straight Line,455556.47,LOC-KIL-001,STF-084,Fair,2025-01-03,,,,DA-GRT-2023-004-306
AST-0307,CDFT-0307,Microscope,Medical Equipment,GRT-2024-001,PRJ-2024-007,2021-09-22,1703000.0,TZS,5,Straight Line,332207.39,LOC-ARU-001,STF-042,Good,2025-01-25,,,,DA-GRT-2024-001-307
AST-0308,CDFT-0308,Toyota Hiace Minibus,Vehicle,GRT-2023-003,PRJ-2023-013,2023-02-21,29294000.0,TZS,5,Straight Line,14007384.26,LOC-KIL-004,STF-099,Good,2025-07-24,,,,DA-GRT-2023-003-308
AST-0309,CDFT-0309,Toyota Hiace Minibus,Vehicle,GRT-2021-001,PRJ-2023-007,2021-11-30,22658000.0,TZS,5,Straight Line,5276010.68,LOC-MAN-003,STF-020,Good,2025-07-26,,,,
AST-0310,CDFT-0310,Rapid Test Kit Storage Fridge,Medical Equipment,GRT-2024-001,PRJ-2024-001,2024-11-03,2785000.0,TZS,5,Straight Line,2278705.68,LOC-KIL-002,STF-107,Fair,2025-03-09,,,,
AST-0311,CDFT-0311,Projector - Epson,IT Equipment,GRT-2024-002,PRJ-2024-004,2023-09-03,1224000.0,TZS,3,Straight Line,376164.27,LOC-ARU-003,STF-104,Good,2025-08-05,,,,
AST-0312,CDFT-0312,Canon Printer,IT Equipment,GRT-2023-005,PRJ-2023-010,2021-07-10,846000.0,TZS,3,Straight Line,0.0,LOC-ARU-004,STF-087,Good,2025-09-20,,,,
AST-0313,CDFT-0313,Satellite Phone,Communication,GRT-2023-001,PRJ-2023-011,2023-12-16,953000.0,TZS,3,Straight Line,383330.82,LOC-ARU-004,STF-056,Fair,2025-09-26,,,,
AST-0314,CDFT-0314,Rapid Test Kit Storage Fridge,Medical Equipment,GRT-2022-004,PRJ-2023-005,2024-11-02,2244000.0,TZS,5,Straight Line,1834827.1,LOC-ARU-001,STF-073,Good,2025-05-08,,,,
AST-0315,CDFT-0315,Toyota Hiace Minibus,Vehicle,GRT-2024-004,PRJ-2024-006,2021-08-09,33958000.0,TZS,5,Straight Line,5806097.47,LOC-ARU-004,STF-085,Fair,2025-08-06,,,,DA-GRT-2024-004-315
AST-0316,CDFT-0316,Executive Office Desk,Furniture,GRT-2024-001,PRJ-2024-007,2021-06-17,624000.0,TZS,5,Straight Line,88581.52,LOC-KIL-003,STF-108,Poor,2025-09-15,2025-04-18,Written Off,,
AST-0317,CDFT-0317,Toyota Hiace Minibus,Vehicle,GRT-2024-001,PRJ-2024-001,2022-10-05,27645000.0,TZS,5,Straight Line,11114765.91,LOC-ARU-004,STF-080,Fair,2025-08-21,,,,DA-GRT-2024-001-317
AST-0318,CDFT-0318,Conference Table,Furniture,GRT-2023-003,PRJ-2023-006,2022-03-09,1482000.0,TZS,5,Straight Line,425428.34,LOC-MAN-002,STF-034,Good,2025-02-10,,,,DA-GRT-2023-003-318
AST-0319,CDFT-0319,Dell Laptop Computer,IT Equipment,GRT-2023-001,PRJ-2023-001,2021-01-12,1791000.0,TZS,3,Straight Line,0.0,LOC-MAN-004,STF-052,Good,2025-03-01,2025-05-03,Donated,,DA-GRT-2023-001-319
AST-0320,CDFT-0320,Air Conditioner,Office Equipment,GRT-2024-001,PRJ-2024-001,2024-06-20,1352000.0,TZS,5,Straight Line,1005532.65,LOC-MAN-004,STF-087,Poor,2025-07-04,,,,
AST-0321,CDFT-0321,Office Chair,Furniture,GRT-2022-004,PRJ-2023-005,2021-01-29,235000.0,TZS,5,Straight Line,15473.65,LOC-MAN-004,STF-025,Good,2025-02-27,,,,DA-GRT-2022-004-321
AST-0322,CDFT-0322,Projector - Epson,IT Equipment,GRT-2022-004,PRJ-2023-005,2024-08-23,1220000.0,TZS,3,Straight Line,770189.37,LOC-MAN-001,STF-025,Good,2025-08-12,,,,
AST-0323,CDFT-0323,Microscope,Medical Equipment,GRT-2023-005,PRJ-2023-010,2021-02-14,1560000.0,TZS,5,Straight Line,116386.04,LOC-MAN-004,STF-090,Good,2025-03-27,,,,
AST-0324,CDFT-0324,Rapid Test Kit Storage Fridge,Medical Equipment,GRT-2024-003,PRJ-2024-005,2024-04-13,2429000.0,TZS,5,Straight Line,1716094.32,LOC-ARU-003,STF-007,Good,2025-04-14,,,,
AST-0325,CDFT-0325,Dell Laptop Computer,IT Equipment,GRT-2023-005,PRJ-2023-010,2023-05-02,1951000.0,TZS,3,Straight Line,378804.7,LOC-MAN-002,STF-094,Poor,2025-09-11,,,,
AST-0326,CDFT-0326,Office Chair,Furniture,GRT-2024-002,PRJ-2024-004,2023-09-23,229000.0,TZS,5,Straight Line,136334.15,LOC-KIL-001,STF-068,Fair,2025-09-07,,,,
AST-0327,CDFT-0327,Generator,Office Equipment,GRT-2022-003,PRJ-2023-003,2022-07-03,3297000.0,TZS,5,Straight Line,1155868.17,LOC-KIL-002,STF-064,Fair,2025-08-02,,,,DA-GRT-2022-003-327
AST-0328,CDFT-0328,Water Dispenser,Office Equipment,GRT-2023-005,PRJ-2023-010,2021-02-12,335000.0,TZS,3,Straight Line,0.0,LOC-ARU-004,STF-045,Good,2025-05-28,,,,
AST-0329,CDFT-0329,Irrigation Pump,Agricultural Equipment,GRT-2024-001,PRJ-2024-002,2024-05-18,1258000.0,TZS,5,Straight Line,912889.53,LOC-ARU-001,STF-093,Poor,2025-08-28,,,,DA-GRT-2024-001-329
AST-0330,CDFT-0330,Weighing Scale,Medical Equipment,GRT-2024-002,PRJ-2024-003,2023-08-26,211000.0,TZS,5,Straight Line,122382.89,LOC-ARU-001,STF-089,Poor,2025-03-24,,,,DA-GRT-2024-002-330
AST-0331,CDFT-0331,Satellite Phone,Communication,GRT-2023-003,PRJ-2023-006,2022-02-13,865000.0,TZS,3,Straight Line,0.0,LOC-ARU-003,STF-064,Good,2025-09-09,,,,
AST-0332,CDFT-0332,Projector - Epson,IT Equipment,GRT-2023-001,PRJ-2023-001,2023-01-05,1261000.0,TZS,3,Straight Line,110190.05,LOC-KIL-003,STF-106,Good,2025-07-02,,,,DA-GRT-2023-001-332
AST-0333,CDFT-0333,Irrigation Pump,Agricultural Equipment,GRT-2022-003,PRJ-2023-003,2022-11-23,1140000.0,TZS,5,Straight Line,488928.13,LOC-KIL-002,STF-072,Good,2025-02-28,,,,
AST-0334,CDFT-0334,Executive Office Desk,Furniture,GRT-2024-002,PRJ-2024-003,2025-04-25,811000.0,TZS,5,Straight Line,740391.38,LOC-MAN-004,STF-112,Good,2025-05-17,,,,
AST-0335,CDFT-0335,Satellite Phone,Communication,GRT-2023-001,PRJ-2023-002,2023-06-16,720000.0,TZS,3,Straight Line,169363.45,LOC-KIL-002,STF-014,Poor,2025-08-23,,,,DA-GRT-2023-001-335
AST-0336,CDFT-0336,Air Conditioner,Office Equipment,GRT-2023-002,PRJ-2023-004,2024-02-26,1382000.0,TZS,5,Straight Line,940819.44,LOC-MAN-003,STF-016,Good,2025-09-17,,,,DA-GRT-2023-002-336
AST-0337,CDFT-0337,Steel Filing Cabinet,Furniture,GRT-2024-001,PRJ-2024-001,2024-12-21,331000.0,TZS,5,Straight Line,279526.21,LOC-KIL-002,STF-020,Good,2025-09-17,,,,DA-GRT-2024-001-337
AST-0338,CDFT-0338,Conference Table,Furniture,GRT-2023-002,PRJ-2023-004,2022-02-18,1402000.0,TZS,5,Straight Line,387877.07,LOC-KIL-001,STF-032,Good,2025-08-01,,,,DA-GRT-2023-002-338
AST-0339,CDFT-0339,Rapid Test Kit Storage Fridge,Medical Equipment,GRT-2024-004,PRJ-2024-006,2021-12-17,2289000.0,TZS,5,Straight Line,554310.88,LOC-ARU-003,STF-047,Good,2025-05-17,,,,DA-GRT-2024-004-339
AST-0340,CDFT-0340,UPS Battery Backup,IT Equipment,GRT-2024-004,PRJ-2024-006,2023-05-14,391000.0,TZS,3,Straight Line,80198.27,LOC-ARU-003,STF-053,Poor,2025-04-27,,,,DA-GRT-2024-004-340
AST-0341,CDFT-0341,Microscope,Medical Equipment,GRT-2024-004,PRJ-2024-006,2024-10-29,2211000.0,TZS,5,Straight Line,1803001.64,LOC-KIL-001,STF-092,Good,2025-01-16,,,,DA-GRT-2024-004-341
AST-0342,CDFT-0342,Toyota Hiace Minibus,Vehicle,GRT-2024-001,PRJ-2024-002,2023-04-03,23468000.0,TZS,5,Straight Line,11748456.67,LOC-ARU-003,STF-098,Poor,2025-03-26,,,,
AST-0343,CDFT-0343,Water Dispenser,Office Equipment,GRT-2024-001,PRJ-2024-007,2021-04-29,304000.0,TZS,3,Straight Line,0.0,LOC-ARU-003,STF-052,Fair,2025-09-24,,,,DA-GRT-2024-001-343
AST-0344,CDFT-0344,Radio Set VHF,Communication,GRT-2024-001,PRJ-2024-001,2025-01-17,682000.0,TZS,5,Straight Line,586025.19,LOC-KIL-001,STF-106,Fair,2025-06-10,,,,
AST-0345,CDFT-0345,Irrigation Pump,Agricultural Equipment,GRT-2022-004,PRJ-2023-005,2024-12-05,1505000.0,TZS,5,Straight Line,1257772.07,LOC-MAN-001,STF-080,Good,2025-08-17,,,,DA-GRT-2022-004-345
AST-0346,CDFT-0346,Water Dispenser,Office Equipment,GRT-2024-002,PRJ-2024-003,2025-05-20,350000.0,TZS,3,Straight Line,307198.27,LOC-ARU-001,STF-011,Fair,2025-07-27,,,,
AST-0347,CDFT-0347,Conference Table,Furniture,GRT-2022-004,PRJ-2023-005,2023-12-02,1171000.0,TZS,5,Straight Line,742034.09,LOC-MAN-001,STF-071,Fair,2025-05-26,,,,
AST-0348,CDFT-0348,Conference Table,Furniture,GRT-2023-003,PRJ-2023-006,2021-02-17,1369000.0,TZS,5,Straight Line,104385.08,LOC-ARU-001,STF-093,Good,2025-05-13,,,,
AST-0349,CDFT-0349,Irrigation Pump,Agricultural Equipment,GRT-2023-001,PRJ-2023-002,2023-02-03,1190000.0,TZS,5,Straight Line,557288.16,LOC-KIL-001,STF-097,Good,2025-09-17,,,,DA-GRT-2023-001-349
AST-0350,CDFT-0350,Dell Laptop Computer,IT Equipment,GRT-2024-001,PRJ-2024-007,2025-02-18,1803000.0,TZS,3,Straight Line,1432774.13,LOC-KIL-004,STF-104,Good,2025-08-21,,,,DA-GRT-2024-001-350
AST-0351,CDFT-0351,Generator,Office Equipment,GRT-2023-002,PRJ-2023-012,2024-05-04,3691000.0,TZS,5,Straight Line,2650143.05,LOC-MAN-003,STF-101,Good,2025-06-29,,,,DA-GRT-2023-002-351
AST-0352,CDFT-0352,Generator,Office Equipment,GRT-2024-002,PRJ-2024-004,2023-12-01,3859000.0,TZS,5,Straight Line,2443240.93,LOC-MAN-001,STF-075,Fair,2025-05-07,,,,
AST-0353,CDFT-0353,Steel Filing Cabinet,Furniture,GRT-2022-004,PRJ-2023-005,2024-12-28,382000.0,TZS,5,Straight Line,324059.41,LOC-KIL-001,STF-055,Good,2025-07-30,,,,DA-GRT-2022-004-353
AST-0354,CDFT-0354,Rapid Test Kit Storage Fridge,Medical Equipment,GRT-2022-003,PRJ-2023-003,2023-01-27,2152000.0,TZS,5,Straight Line,999553.18,LOC-MAN-001,STF-067,Fair,2025-09-27,,,,DA-GRT-2022-003-354
AST-0355,CDFT-0355,Executive Office Desk,Furniture,GRT-2023-005,PRJ-2023-010,2023-06-21,691000.0,TZS,5,Straight Line,375816.97,LOC-ARU-003,STF-106,Fair,2025-09-08,,,,
AST-0356,CDFT-0356,Irrigation Pump,Agricultural Equipment,GRT-2024-003,PRJ-2024-005,2021-09-22,1200000.0,TZS,5,Straight Line,234086.24,LOC-KIL-002,STF-089,Fair,2025-09-20,,,,
AST-0357,CDFT-0357,Rapid Test Kit Storage Fridge,Medical Equipment,GRT-2023-003,PRJ-2023-006,2024-02-19,1955000.0,TZS,5,Straight Line,1323405.2,LOC-ARU-003,STF-015,Good,2025-03-02,,,,
AST-0358,CDFT-0358,Generator,Office Equipment,GRT-2024-004,PRJ-2024-006,2021-11-10,3256000.0,TZS,5,Straight Line,722515.54,LOC-ARU-002,STF-039,Good,2025-07-10,,,,
AST-0359,CDFT-0359,Toyota Land Cruiser 4x4,Vehicle,GRT-2022-004,PRJ-2023-005,2025-05-25,52022000.0,TZS,5,Straight Line,48347345.38,LOC-KIL-004,STF-024,Fair,2025-08-04,2024-11-08,Transferred to Government,,DA-GRT-2022-004-359
AST-0360,CDFT-0360,Rapid Test Kit Storage Fridge,Medical Equipment,GRT-2023-002,PRJ-2023-012,2022-12-16,1922000.0,TZS,5,Straight Line,848521.56,LOC-MAN-002,STF-040,Good,2025-01-23,,,,
AST-0361,CDFT-0361,Conference Table,Furniture,GRT-2023-001,PRJ-2023-011,2025-01-14,1382000.0,TZS,5,Straight Line,1185247.09,LOC-MAN-001,STF-082,Poor,2025-03-09,,,,
AST-0362,CDFT-0362,Microscope,Medical Equipment,GRT-2022-004,PRJ-2023-005,2025-01-30,1980000.0,TZS,5,Straight Line,1715457.91,LOC-MAN-003,STF-080,Good,2025-02-15,,,,
AST-0363,CDFT-0363,UPS Battery Backup,IT Equipment,GRT-2024-001,PRJ-2024-002,2024-01-13,542000.0,TZS,3,Straight Line,231861.74,LOC-MAN-003,STF-012,Good,2025-08-15,,,,DA-GRT-2024-001-363
AST-0364,CDFT-0364,Radio Set VHF,Communication,GRT-2024-001,PRJ-2024-001,2024-02-24,527000.0,TZS,5,Straight Line,358186.86,LOC-KIL-002,STF-025,Fair,2025-03-05,,,,DA-GRT-2024-001-364
AST-0365,CDFT-0365,Grain Storage Silo,Agricultural Equipment,GRT-2023-001,PRJ-2023-002,2024-03-13,2967000.0,TZS,10,Straight Line,2506414.37,LOC-MAN-001,STF-115,Fair,2025-04-07,,,,
AST-0366,CDFT-0366,Satellite Phone,Communication,GRT-2023-003,PRJ-2023-006,2021-02-08,1038000.0,TZS,3,Straight Line,0.0,LOC-MAN-004,STF-108,Good,2025-04-16,,,,DA-GRT-2023-003-366
AST-0367,CDFT-0367,Microscope,Medical Equipment,GRT-2023-002,PRJ-2023-012,2024-05-27,1509000.0,TZS,5,Straight Line,1102468.58,LOC-ARU-004,STF-111,Good,2025-07-25,,,,DA-GRT-2023-002-367
AST-0368,CDFT-0368,Conference Table,Furniture,GRT-2023-005,PRJ-2023-010,2021-02-19,1196000.0,TZS,5,Straight Line,92503.76,LOC-ARU-001,STF-012,Poor,2025-09-28,,,,
AST-0369,CDFT-0369,Dell Laptop Computer,IT Equipment,GRT-2024-001,PRJ-2024-001,2021-10-22,1879000.0,TZS,3,Straight Line,0.0,LOC-KIL-003,STF-040,Good,2025-05-11,,,,DA-GRT-2024-001-369
AST-0370,CDFT-0370,Satellite Phone,Communication,GRT-2023-003,PRJ-2023-013,2022-10-29,745000.0,TZS,3,Straight Line,18867.21,LOC-ARU-001,STF-050,Good,2025-01-14,,,,
AST-0371,CDFT-0371,HP Desktop Computer,IT Equipment,GRT-2024-001,PRJ-2024-002,2022-06-13,1380000.0,TZS,3,Straight Line,0.0,LOC-KIL-004,STF-097,Good,2025-03-03,,,,
AST-0372,CDFT-0372,UPS Battery Backup,IT Equipment,GRT-2024-004,PRJ-2024-006,2023-02-28,460000.0,TZS,3,Straight Line,62865.62,LOC-ARU-004,STF-071,Good,2025-05-18,,,,
AST-0373,CDFT-0373,Rapid Test Kit Storage Fridge,Medical Equipment,GRT-2023-004,PRJ-2023-008,2021-02-08,1951000.0,TZS,5,Straight Line,139147.3,LOC-MAN-001,STF-084,Good,2025-02-21,,,,DA-GRT-2023-004-373
AST-0374,CDFT-0374,Office Chair,Furniture,GRT-2024-003,PRJ-2024-005,2021-06-21,296000.0,TZS,5,Straight Line,42667.76,LOC-KIL-003,STF-048,Poor,2025-09-14,,,,
AST-0375,CDFT-0375,Canon Printer,IT Equipment,GRT-2023-002,PRJ-2023-012,2023-05-18,979000.0,TZS,3,Straight Line,204377.14,LOC-MAN-003,STF-022,Fair,2025-08-20,2025-04-20,Transferred to Government,,
AST-0376,CDFT-0376,Rapid Test Kit Storage Fridge,Medical Equipment,GRT-2023-004,PRJ-2023-009,2024-10-24,2215000.0,TZS,5,Straight Line,1800199.18,LOC-KIL-004,STF-075,Good,2025-06-29,,,,DA-GRT-2023-004-376
AST-0377,CDFT-0377,Office Chair,Furniture,GRT-2023-002,PRJ-2023-012,2024-02-28,230000.0,TZS,5,Straight Line,156828.2,LOC-MAN-004,STF-016,Good,2025-06-03,,,,DA-GRT-2023-002-377
AST-0378,CDFT-0378,Grain Storage Silo,Agricultural Equipment,GRT-2023-005,PRJ-2023-010,2022-03-08,3499000.0,TZS,10,Straight Line,2250759.89,LOC-ARU-002,STF-114,Fair,2025-09-16,,,,DA-GRT-2023-005-378
AST-0379,CDFT-0379,Conference Table,Furniture,GRT-2024-003,PRJ-2024-005,2022-07-14,1303000.0,TZS,5,Straight Line,464656.4,LOC-ARU-004,STF-077,Good,2025-06-14,,,,
AST-0380,CDFT-0380,Radio Set VHF,Communication,GRT-2023-001,PRJ-2023-001,2024-05-31,559000.0,TZS,5,Straight Line,409627.24,LOC-MAN-003,STF-023,Good,2025-01-03,,,,
AST-0381,CDFT-0381,Radio Set VHF,Communication,GRT-2024-002,PRJ-2024-004,2024-01-08,726000.0,TZS,5,Straight Line,474757.29,LOC-MAN-003,STF-057,Good,2025-02-09,,,,DA-GRT-2024-002-381
AST-0382,CDFT-0382,Steel Filing Cabinet,Furniture,GRT-2024-002,PRJ-2024-004,2024-05-16,470000.0,TZS,5,Straight Line,340548.94,LOC-MAN-004,STF-002,Good,2025-07-18,,,,
AST-0383,CDFT-0383,Steel Filing Cabinet,Furniture,GRT-2024-003,PRJ-2024-005,2021-01-20,464000.0,TZS,5,Straight Line,28265.57,LOC-MAN-003,STF-118,Good,2025-01-11,,,,DA-GRT-2024-003-383
AST-0384,CDFT-0384,Projector - Epson,IT Equipment,GRT-2023-003,PRJ-2023-013,2024-07-04,1009000.0,TZS,3,Straight Line,590942.96,LOC-ARU-004,STF-047,Good,2025-04-24,,,,
AST-0385,CDFT-0385,Rapid Test Kit Storage Fridge,Medical Equipment,GRT-2023-003,PRJ-2023-013,2022-03-05,2897000.0,TZS,5,Straight Line,825278.17,LOC-MAN-003,STF-051,Good,2025-04-11,,,,
AST-0386,CDFT-0386,Executive Office Desk,Furniture,GRT-2023-001,PRJ-2023-011,2021-12-16,686000.0,TZS,5,Straight Line,165748.12,LOC-MAN-002,STF-087,Fair,2025-04-10,,,,DA-GRT-2023-001-386
AST-0387,CDFT-0387,Generator,Office Equipment,GRT-2024-001,PRJ-2024-007,2021-09-20,3076000.0,TZS,5,Straight Line,596672.42,LOC-MAN-002,STF-110,Fair,2025-02-03,,,,
AST-0388,CDFT-0388,Irrigation Pump,Agricultural Equipment,GRT-2023-004,PRJ-2023-009,2022-01-28,1579000.0,TZS,5,Straight Line,418688.98,LOC-MAN-004,STF-087,Poor,2025-01-12,,,,
AST-0389,CDFT-0389,Executive Office Desk,Furniture,GRT-2024-003,PRJ-2024-005,2021-01-05,719000.0,TZS,5,Straight Line,37893.91,LOC-ARU-002,STF-056,Good,2025-01-27,,,,DA-GRT-2024-003-389
AST-0390,CDFT-0390,Weighing Scale,Medical Equipment,GRT-2024-004,PRJ-2024-006,2023-08-14,166000.0,TZS,5,Straight Line,95191.51,LOC-KIL-001,STF-114,Good,2025-07-05,,,,DA-GRT-2024-004-390
AST-0391,CDFT-0391,Toyota Hilux Double Cab,Vehicle,GRT-2023-005,PRJ-2023-010,2023-12-27,29602000.0,TZS,5,Straight Line,19163293.36,LOC-KIL-002,STF-113,Good,2025-06-11,2024-07-18,Transferred to Government,,
AST-0392,CDFT-0392,Toyota Land Cruiser 4x4,Vehicle,GRT-2023-004,PRJ-2023-008,2024-11-13,56053000.0,TZS,5,Straight Line,46169870.09,LOC-KIL-004,STF-022,Good,2025-02-08,,,,
AST-0393,CDFT-0393,Toyota Hiace Minibus,Vehicle,GRT-2023-002,PRJ-2023-004,2021-02-27,30288000.0,TZS,5,Straight Line,2475282.14,LOC-MAN-002,STF-103,Good,2025-08-10,,,,DA-GRT-2023-002-393
AST-0394,CDFT-0394,Conference Table,Furniture,GRT-2023-004,PRJ-2023-008,2021-08-09,1414000.0,TZS,5,Straight Line,241764.0,LOC-KIL-001,STF-106,Good,2025-05-03,,,,
AST-0395,CDFT-0395,UPS Battery Backup,IT Equipment,GRT-2023-003,PRJ-2023-013,2024-06-22,551000.0,TZS,3,Straight Line,316671.0,LOC-MAN-002,STF-016,Good,2025-02-18,,,,
AST-0396,CDFT-0396,Toyota Hilux Double Cab,Vehicle,GRT-2024-002,PRJ-2024-004,2022-10-04,38801000.0,TZS,5,Straight Line,15578827.24,LOC-KIL-001,STF-118,Poor,2025-02-03,,,,DA-GRT-2024-002-396
AST-0397,CDFT-0397,Toyota Hilux Double Cab,Vehicle,GRT-2023-005,PRJ-2023-010,2021-05-15,29941000.0,TZS,5,Straight Line,3709323.07,LOC-ARU-001,STF-109,Good,2025-01-29,,,,
AST-0398,CDFT-0398,Dell Laptop Computer,IT Equipment,GRT-2023-005,PRJ-2023-010,2022-04-23,1940000.0,TZS,3,Straight Line,0.0,LOC-ARU-004,STF-102,Poor,2025-01-06,,,,
AST-0399,CDFT-0399,Air Conditioner,Office Equipment,GRT-2024-001,PRJ-2024-002,2024-08-26,1294000.0,TZS,5,Straight Line,1009869.13,LOC-ARU-002,STF-076,Fair,2025-01-14,,,,
AST-0400,CDFT-0400,Dell Laptop Computer,IT Equipment,GRT-2022-003,PRJ-2023-003,2024-04-29,1450000.0,TZS,3,Straight Line,761886.84,LOC-KIL-003,STF-082,Poor,2025-04-10,,,,
AST-0401,CDFT-0401,Steel Filing Cabinet,Furniture,GRT-2023-003,PRJ-2023-013,2023-06-30,376000.0,TZS,5,Straight Line,206349.62,LOC-KIL-001,STF-008,Good,2025-05-05,,,,
AST-0402,CDFT-0402,Generator,Office Equipment,GRT-2024-002,PRJ-2024-003,2022-09-30,3486000.0,TZS,5,Straight Line,1392013.96,LOC-ARU-001,STF-078,Fair,2025-03-16,,,,
AST-0403,CDFT-0403,Steel Filing Cabinet,Furniture,GRT-2024-004,PRJ-2024-006,2024-04-16,470000.0,TZS,5,Straight Line,332828.2,LOC-MAN-001,STF-105,Fair,2025-03-16,,,,DA-GRT-2024-004-403
AST-0404,CDFT-0404,Toyota Hilux Double Cab,Vehicle,GRT-2021-001,PRJ-2023-007,2022-02-15,31678000.0,TZS,5,Straight Line,8711992.06,LOC-ARU-002,STF-025,Fair,2025-04-14,,,,DA-GRT-2021-001-404
AST-0405,CDFT-0405,Radio Set VHF,Communication,GRT-2024-003,PRJ-2024-005,2024-05-13,722000.0,TZS,5,Straight Line,521955.1,LOC-MAN-002,STF-043,Fair,2025-06-19,,,,DA-GRT-2024-003-405
AST-0406,CDFT-0406,Weighing Scale,Medical Equipment,GRT-2023-002,PRJ-2023-004,2023-07-20,171000.0,TZS,5,Straight Line,95717.86,LOC-KIL-001,STF-082,Poor,2025-01-22,,,,
AST-0407,CDFT-0407,UPS Battery Backup,IT Equipment,GRT-2021-001,PRJ-2023-007,2022-05-05,454000.0,TZS,3,Straight Line,0.0,LOC-ARU-003,STF-027,Good,2025-06-19,,,,
AST-0408,CDFT-0408,Toyota Land Cruiser 4x4,Vehicle,GRT-2022-003,PRJ-2023-003,2023-01-03,43347000.0,TZS,5,Straight Line,19564005.34,LOC-ARU-004,STF-025,Good,2025-02-28,,,,DA-GRT-2022-003-408
AST-0409,CDFT-0409,Steel Filing Cabinet,Furniture,GRT-2023-001,PRJ-2023-001,2022-02-12,312000.0,TZS,5,Straight Line,85292.81,LOC-ARU-001,STF-093,Good,2025-05-26,,,,
AST-0410,CDFT-0410,Grain Storage Silo,Agricultural Equipment,GRT-2021-001,PRJ-2023-007,2021-02-14,2550000.0,TZS,10,Straight Line,1370123.2,LOC-KIL-001,STF-107,Good,2025-05-15,,,,DA-GRT-2021-001-410
AST-0411,CDFT-0411,Blood Pressure Monitor,Medical Equipment,GRT-2023-002,PRJ-2023-004,2022-11-25,350000.0,TZS,5,Straight Line,150492.81,LOC-ARU-002,STF-104,Good,2025-06-06,,,,
AST-0412,CDFT-0412,Canon Printer,IT Equipment,GRT-2023-003,PRJ-2023-013,2023-06-08,1040000.0,TZS,3,Straight Line,237043.12,LOC-KIL-003,STF-102,Fair,2025-02-03,,,,
AST-0413,CDFT-0413,Grain Storage Silo,Agricultural Equipment,GRT-2024-002,PRJ-2024-003,2022-10-14,2717000.0,TZS,10,Straight Line,1911384.39,LOC-KIL-004,STF-118,Fair,2025-08-08,,,,
AST-0414,CDFT-0414,Air Conditioner,Office Equipment,GRT-2023-002,PRJ-2023-012,2022-08-26,1277000.0,TZS,5,Straight Line,485452.29,LOC-KIL-001,STF-081,Poor,2025-03-18,,,,DA-GRT-2023-002-414
AST-0415,CDFT-0415,HP Desktop Computer,IT Equipment,GRT-2024-001,PRJ-2024-007,2023-09-29,1656000.0,TZS,3,Straight Line,548221.77,LOC-MAN-003,STF-079,Good,2025-02-11,,,,
AST-0416,CDFT-0416,Irrigation Pump,Agricultural Equipment,GRT-2024-004,PRJ-2024-006,2023-02-06,1365000.0,TZS,5,Straight Line,641484.6,LOC-ARU-002,STF-092,Good,2025-09-23,,,,
AST-0417,CDFT-0417,Radio Set VHF,Communication,GRT-2023-001,PRJ-2023-011,2023-08-29,661000.0,TZS,5,Straight Line,384474.88,LOC-MAN-002,STF-084,Good,2025-07-25,,,,
AST-0418,CDFT-0418,UPS Battery Backup,IT Equipment,GRT-2024-003,PRJ-2024-005,2022-04-26,541000.0,TZS,3,Straight Line,0.0,LOC-ARU-003,STF-074,Good,2025-04-22,,,,
AST-0419,CDFT-0419,Steel Filing Cabinet,Furniture,GRT-2022-003,PRJ-2023-003,2021-10-03,348000.0,TZS,5,Straight Line,69981.11,LOC-MAN-001,STF-046,Poor,2025-02-13,,,,
AST-0420,CDFT-0420,Toyota Hilux Double Cab,Vehicle,GRT-2023-003,PRJ-2023-013,2022-11-20,32300000.0,TZS,5,Straight Line,13799904.18,LOC-ARU-003,STF-048,Good,2025-08-19,,,,DA-GRT-2023-003-420
AST-0421,CDFT-0421,Conference Table,Furniture,GRT-2023-001,PRJ-2023-001,2022-01-03,1107000.0,TZS,5,Straight Line,278379.06,LOC-KIL-002,STF-046,Good,2025-04-30,,,,DA-GRT-2023-001-421
AST-0422,CDFT-0422,Office Chair,Furniture,GRT-2024-004,PRJ-2024-006,2024-01-25,330000.0,TZS,5,Straight Line,218870.64,LOC-KIL-004,STF-013,Fair,2025-02-10,,,,
AST-0423,CDFT-0423,Steel Filing Cabinet,Furniture,GRT-2021-001,PRJ-2023-007,2022-11-15,311000.0,TZS,5,Straight Line,132020.67,LOC-MAN-004,STF-105,Good,2025-06-18,,,,DA-GRT-2021-001-423
AST-0424,CDFT-0424,Executive Office Desk,Furniture,GRT-2023-003,PRJ-2023-013,2021-10-10,576000.0,TZS,5,Straight Line,118038.6,LOC-ARU-002,STF-101,Poor,2025-05-14,2024-11-02,Transferred to Government,,DA-GRT-2023-003-424
AST-0425,CDFT-0425,Blood Pressure Monitor,Medical Equipment,GRT-2023-001,PRJ-2023-001,2023-08-25,374000.0,TZS,5,Straight Line,216720.33,LOC-KIL-003,STF-111,Fair,2025-09-20,,,,
AST-0426,CDFT-0426,UPS Battery Backup,IT Equipment,GRT-2021-001,PRJ-2023-007,2023-08-30,506000.0,TZS,3,Straight Line,153658.68,LOC-MAN-001,STF-097,Good,2025-09-22,,,,
AST-0427,CDFT-0427,Microscope,Medical Equipment,GRT-2022-003,PRJ-2023-003,2022-10-04,1716000.0,TZS,5,Straight Line,688983.98,LOC-MAN-004,STF-054,Poor,2025-04-07,,,,
AST-0428,CDFT-0428,Microscope,Medical Equipment,GRT-2023-001,PRJ-2023-001,2023-02-07,2131000.0,TZS,5,Straight Line,1002634.77,LOC-MAN-004,STF-002,Good,2025-03-07,,,,
AST-0429,CDFT-0429,Satellite Phone,Communication,GRT-2024-001,PRJ-2024-002,2022-04-07,999000.0,TZS,3,Straight Line,0.0,LOC-ARU-003,STF-098,Good,2025-08-06,,,,DA-GRT-2024-001-429
AST-0430,CDFT-0430,Grain Storage Silo,Agricultural Equipment,GRT-2024-001,PRJ-2024-007,2021-02-17,2618000.0,TZS,10,Straight Line,1408810.13,LOC-KIL-003,STF-043,Fair,2025-01-17,,,,
AST-0431,CDFT-0431,Air Conditioner,Office Equipment,GRT-2024-001,PRJ-2024-007,2023-03-12,1453000.0,TZS,5,Straight Line,709891.44,LOC-KIL-002,STF-069,Good,2025-04-15,,,,
AST-0432,CDFT-0432,Rapid Test Kit Storage Fridge,Medical Equipment,GRT-2024-001,PRJ-2024-007,2023-07-14,2037000.0,TZS,5,Straight Line,1133525.67,LOC-KIL-002,STF-087,Fair,2025-06-05,,,,
AST-0433,CDFT-0433,Toyota Hilux Double Cab,Vehicle,GRT-2023-003,PRJ-2023-013,2023-09-28,37501000.0,TZS,5,Straight Line,22428729.5,LOC-ARU-003,STF-037,Good,2025-04-06,,,,
AST-0434,CDFT-0434,Office Chair,Furniture,GRT-2022-003,PRJ-2023-003,2023-07-21,307000.0,TZS,5,Straight Line,172012.46,LOC-KIL-003,STF-042,Good,2025-07-08,,,,DA-GRT-2022-003-434
AST-0435,CDFT-0435,Weighing Scale,Medical Equipment,GRT-2023-002,PRJ-2023-004,2021-09-22,176000.0,TZS,5,Straight Line,34332.65,LOC-KIL-002,STF-050,Fair,2025-08-03,,,,DA-GRT-2023-002-435
AST-0436,CDFT-0436,Projector - Epson,IT Equipment,GRT-2021-001,PRJ-2023-007,2022-09-27,1030000.0,TZS,3,Straight Line,0.0,LOC-MAN-002,STF-040,Good,2025-09-01,,,,
AST-0437,CDFT-0437,Irrigation Pump,Agricultural Equipment,GRT-2024-003,PRJ-2024-005,2022-07-19,1572000.0,TZS,5,Straight Line,564887.06,LOC-ARU-004,STF-009,Good,2025-01-04,,,,DA-GRT-2024-003-437
AST-0438,CDFT-0438,Air Conditioner,Office Equipment,GRT-2024-004,PRJ-2024-006,2022-11-05,1396000.0,TZS,5,Straight Line,584963.18,LOC-MAN-002,STF-006,Fair,2025-09-09,,,,DA-GRT-2024-004-438
AST-0439,CDFT-0439,Office Chair,Furniture,GRT-2024-003,PRJ-2024-005,2022-12-12,305000.0,TZS,5,Straight Line,133982.89,LOC-KIL-003,STF-054,Fair,2025-06-02,,,,
AST-0440,CDFT-0440,Air Conditioner,Office Equipment,GRT-2024-003,PRJ-2024-005,2023-02-27,1356000.0,TZS,5,Straight Line,652847.64,LOC-KIL-002,STF-051,Fair,2025-04-04,,,,DA-GRT-2024-003-440
AST-0441,CDFT-0441,Toyota Hilux Double Cab,Vehicle,GRT-2023-003,PRJ-2023-006,2022-07-15,29052000.0,TZS,5,Straight Line,10375998.36,LOC-KIL-002,STF-090,Fair,2025-05-30,,,,DA-GRT-2023-003-441
AST-0442,CDFT-0442,Projector - Epson,IT Equipment,GRT-2023-005,PRJ-2023-010,2025-04-10,1451000.0,TZS,3,Straight Line,1220587.95,LOC-KIL-002,STF-097,Fair,2025-03-04,,,,
AST-0443,CDFT-0443,Conference Table,Furniture,GRT-2023-003,PRJ-2023-006,2022-06-02,1181000.0,TZS,5,Straight Line,393990.01,LOC-MAN-003,STF-096,Good,2025-09-17,2024-01-28,Sold,165000.0,
AST-0444,CDFT-0444,Conference Table,Furniture,GRT-2021-001,PRJ-2023-007,2023-03-24,1363000.0,TZS,5,Straight Line,674876.25,LOC-MAN-004,STF-118,Good,2025-01-06,,,,
AST-0445,CDFT-0445,Satellite Phone,Communication,GRT-2023-001,PRJ-2023-011,2023-08-03,966000.0,TZS,3,Straight Line,269545.52,LOC-KIL-004,STF-092,Good,2025-02-12,,,,DA-GRT-2023-001-445
AST-0446,CDFT-0446,HP Desktop Computer,IT Equipment,GRT-2023-004,PRJ-2023-009,2021-11-27,1417000.0,TZS,3,Straight Line,0.0,LOC-KIL-003,STF-038,Good,2025-01-10,,,,
AST-0447,CDFT-0447,Blood Pressure Monitor,Medical Equipment,GRT-2023-001,PRJ-2023-001,2024-10-19,280000.0,TZS,5,Straight Line,226798.08,LOC-KIL-003,STF-028,Good,2025-03-20,,,,DA-GRT-2023-001-447
AST-0448,CDFT-0448,Satellite Phone,Communication,GRT-2024-003,PRJ-2024-005,2024-11-27,884000.0,TZS,3,Straight Line,635519.96,LOC-MAN-004,STF-085,Good,2025-09-25,,,,DA-GRT-2024-003-448
AST-0449,CDFT-0449,Blood Pressure Monitor,Medical Equipment,GRT-2024-003,PRJ-2024-005,2021-04-18,355000.0,TZS,5,Straight Line,38731.69,LOC-KIL-004,STF-048,Fair,2025-01-03,2025-01-21,Written Off,,DA-GRT-2024-003-449
AST-0450,CDFT-0450,Projector - Epson,IT Equipment,GRT-2023-005,PRJ-2023-010,2021-02-27,1009000.0,TZS,3,Straight Line,0.0,LOC-MAN-003,STF-086,Good,2025-06-22,,,,
AST-0451,CDFT-0451,Dell Laptop Computer,IT Equipment,GRT-2023-003,PRJ-2023-006,2025-01-22,2086000.0,TZS,3,Straight Line,1606262.83,LOC-KIL-002,STF-105,Good,2025-01-23,,,,
AST-0452,CDFT-0452,Grain Storage Silo,Agricultural Equipment,GRT-2023-003,PRJ-2023-013,2022-03-01,3030000.0,TZS,10,Straight Line,1943264.89,LOC-KIL-002,STF-030,Fair,2025-07-22,,,,
AST-0453,CDFT-0453,Steel Filing Cabinet,Furniture,GRT-2023-001,PRJ-2023-001,2023-04-04,359000.0,TZS,5,Straight Line,179917.73,LOC-KIL-004,STF-009,Fair,2025-06-11,2024-08-05,Donated,,DA-GRT-2023-001-453
AST-0454,CDFT-0454,Executive Office Desk,Furniture,GRT-2024-002,PRJ-2024-003,2021-03-31,710000.0,TZS,5,Straight Line,70465.43,LOC-MAN-002,STF-064,Good,2025-04-22,,,,DA-GRT-2024-002-454
AST-0455,CDFT-0455,Dell Laptop Computer,IT Equipment,GRT-2024-001,PRJ-2024-007,2021-12-18,2017000.0,TZS,3,Straight Line,0.0,LOC-MAN-003,STF-090,Good,2025-02-18,,,,
AST-0456,CDFT-0456,Radio Set VHF,Communication,GRT-2023-003,PRJ-2023-006,2024-07-25,559000.0,TZS,5,Straight Line,426462.29,LOC-MAN-003,STF-062,Poor,2025-06-12,,,,
AST-0457,CDFT-0457,Toyota Land Cruiser 4x4,Vehicle,GRT-2024-001,PRJ-2024-007,2023-07-09,48323000.0,TZS,5,Straight Line,26757910.34,LOC-KIL-004,STF-065,Good,2025-09-19,,,,
AST-0458,CDFT-0458,Toyota Land Cruiser 4x4,Vehicle,GRT-2023-003,PRJ-2023-013,2025-04-04,40710000.0,TZS,5,Straight Line,36697515.4,LOC-ARU-003,STF-097,Good,2025-06-08,,,,
AST-0459,CDFT-0459,Toyota Hiace Minibus,Vehicle,GRT-2024-002,PRJ-2024-003,2023-10-19,23155000.0,TZS,5,Straight Line,14114882.27,LOC-KIL-004,STF-083,Good,2025-04-14,,,,
AST-0460,CDFT-0460,Air Conditioner,Office Equipment,GRT-2024-003,PRJ-2024-005,2025-02-22,1494000.0,TZS,5,Straight Line,1313206.57,LOC-MAN-003,STF-101,Good,2025-03-10,,,,DA-GRT-2024-003-460
AST-0461,CDFT-0461,Irrigation Pump,Agricultural Equipment,GRT-2023-005,PRJ-2023-010,2024-08-20,1619000.0,TZS,5,Straight Line,1258187.95,LOC-KIL-004,STF-109,Poor,2025-05-28,,,,DA-GRT-2023-005-461
AST-0462,CDFT-0462,Conference Table,Furniture,GRT-2023-002,PRJ-2023-012,2021-04-21,1091000.0,TZS,5,Straight Line,120823.96,LOC-MAN-004,STF-093,Fair,2025-05-08,,,,
AST-0463,CDFT-0463,Blood Pressure Monitor,Medical Equipment,GRT-2023-003,PRJ-2023-006,2023-06-25,331000.0,TZS,5,Straight Line,180747.3,LOC-ARU-004,STF-009,Fair,2025-01-04,,,,DA-GRT-2023-003-463
AST-0464,CDFT-0464,Toyota Hilux Double Cab,Vehicle,GRT-2022-004,PRJ-2023-005,2022-02-23,34735000.0,TZS,5,Straight Line,9704878.17,LOC-MAN-001,STF-107,Good,2025-02-16,,,,DA-GRT-2022-004-464
AST-0465,CDFT-0465,Projector - Epson,IT Equipment,GRT-2022-003,PRJ-2023-003,2023-05-23,1088000.0,TZS,3,Straight Line,232096.74,LOC-MAN-004,STF-026,Fair,2025-08-28,,,,
AST-0466,CDFT-0466,Canon Printer,IT Equipment,GRT-2024-001,PRJ-2024-001,2022-08-08,912000.0,TZS,3,Straight Line,0.0,LOC-KIL-004,STF-035,Fair,2025-08-18,,,,DA-GRT-2024-001-466
AST-0467,CDFT-0467,Rapid Test Kit Storage Fridge,Medical Equipment,GRT-2024-002,PRJ-2024-003,2023-03-27,2006000.0,TZS,5,Straight Line,996546.75,LOC-ARU-003,STF-065,Good,2025-03-27,,,,DA-GRT-2024-002-467
AST-0468,CDFT-0468,Weighing Scale,Medical Equipment,GRT-2023-001,PRJ-2023-011,2021-02-10,206000.0,TZS,5,Straight Line,14917.73,LOC-KIL-002,STF-098,Poor,2025-07-15,,,,DA-GRT-2023-001-468
AST-0469,CDFT-0469,Office Chair,Furniture,GRT-2022-004,PRJ-2023-005,2024-02-07,299000.0,TZS,5,Straight Line,200438.47,LOC-ARU-004,STF-040,Fair,2025-03-31,,,,
AST-0470,CDFT-0470,Blood Pressure Monitor,Medical Equipment,GRT-2023-001,PRJ-2023-011,2021-05-28,337000.0,TZS,5,Straight Line,44149.08,LOC-KIL-004,STF-020,Good,2025-03-11,,,,DA-GRT-2023-001-470
AST-0471,CDFT-0471,Toyota Land Cruiser 4x4,Vehicle,GRT-2024-004,PRJ-2024-006,2025-02-04,36260000.0,TZS,5,Straight Line,31514680.36,LOC-ARU-003,STF-051,Fair,2025-07-11,,,,DA-GRT-2024-004-471
AST-0472,CDFT-0472,Steel Filing Cabinet,Furniture,GRT-2024-001,PRJ-2024-001,2024-08-05,370000.0,TZS,5,Straight Line,284502.4,LOC-KIL-001,STF-118,Fair,2025-02-06,,,,
AST-0473,CDFT-0473,Generator,Office Equipment,GRT-2023-005,PRJ-2023-010,2022-06-07,3056000.0,TZS,5,Straight Line,1027870.23,LOC-ARU-004,STF-082,Poor,2025-06-28,,,,DA-GRT-2023-005-473
AST-0474,CDFT-0474,Radio Set VHF,Communication,GRT-2024-002,PRJ-2024-004,2023-05-19,537000.0,TZS,5,Straight Line,282356.88,LOC-KIL-001,STF-118,Fair,2025-05-07,,,,DA-GRT-2024-002-474
AST-0475,CDFT-0475,Water Dispenser,Office Equipment,GRT-2023-001,PRJ-2023-001,2024-11-29,391000.0,TZS,3,Straight Line,281809.03,LOC-ARU-004,STF-088,Fair,2025-03-17,,,,
AST-0476,CDFT-0476,UPS Battery Backup,IT Equipment,GRT-2023-003,PRJ-2023-006,2021-01-26,482000.0,TZS,3,Straight Line,0.0,LOC-ARU-003,STF-051,Good,2025-02-17,,,,DA-GRT-2023-003-476
AST-0477,CDFT-0477,Toyota Hiace Minibus,Vehicle,GRT-2021-001,PRJ-2023-007,2023-05-17,28934000.0,TZS,5,Straight Line,15181933.2,LOC-ARU-001,STF-065,Good,2025-08-07,,,,DA-GRT-2021-001-477
AST-0478,CDFT-0478,Satellite Phone,Communication,GRT-2024-001,PRJ-2024-007,2022-09-23,1019000.0,TZS,3,Straight Line,0.0,LOC-MAN-004,STF-112,Fair,2025-07-30,,,,
AST-0479,CDFT-0479,Water Dispenser,Office Equipment,GRT-2024-002,PRJ-2024-003,2021-10-20,370000.0,TZS,3,Straight Line,0.0,LOC-ARU-003,STF-090,Good,2025-04-18,,,,
AST-0480,CDFT-0480,Canon Printer,IT Equipment,GRT-2023-001,PRJ-2023-001,2021-07-18,992000.0,TZS,3,Straight Line,0.0,LOC-MAN-003,STF-037,Good,2025-08-02,,,,DA-GRT-2023-001-480
AST-0481,CDFT-0481,Canon Printer,IT Equipment,GRT-2023-003,PRJ-2023-006,2024-12-12,747000.0,TZS,3,Straight Line,547254.62,LOC-MAN-001,STF-015,Good,2025-04-12,,,,
AST-0482,CDFT-0482,Projector - Epson,IT Equipment,GRT-2023-001,PRJ-2023-002,2025-03-16,1060000.0,TZS,3,Straight Line,867492.58,LOC-ARU-003,STF-057,Good,2025-04-09,,,,DA-GRT-2023-001-482
AST-0483,CDFT-0483,Air Conditioner,Office Equipment,GRT-2023-003,PRJ-2023-006,2021-06-13,1019000.0,TZS,5,Straight Line,142422.86,LOC-ARU-001,STF-009,Good,2025-02-13,,,,
AST-0484,CDFT-0484,Generator,Office Equipment,GRT-2023-001,PRJ-2023-011,2024-10-09,3170000.0,TZS,5,Straight Line,2550320.33,LOC-KIL-001,STF-013,Poor,2025-02-21,2024-09-29,Sold,1103000.0,
AST-0485,CDFT-0485,Toyota Land Cruiser 4x4,Vehicle,GRT-2024-004,PRJ-2024-006,2025-04-09,43607000.0,TZS,5,Straight Line,39428368.93,LOC-ARU-002,STF-078,Good,2025-09-06,,,,
AST-0486,CDFT-0486,Steel Filing Cabinet,Furniture,GRT-2024-001,PRJ-2024-002,2022-10-08,421000.0,TZS,5,Straight Line,169956.06,LOC-MAN-003,STF-052,Poor,2025-05-03,,,,
AST-0487,CDFT-0487,Toyota Hilux Double Cab,Vehicle,GRT-2024-001,PRJ-2024-002,2021-07-25,39644000.0,TZS,5,Straight Line,6452664.75,LOC-ARU-003,STF-093,Good,2025-08-22,,,,DA-GRT-2024-001-487
AST-0488,CDFT-0488,HP Desktop Computer,IT Equipment,GRT-2023-002,PRJ-2023-004,2023-12-23,1136000.0,TZS,3,Straight Line,464197.13,LOC-MAN-002,STF-088,Good,2025-05-08,,,,DA-GRT-2023-002-488
AST-0489,CDFT-0489,Rapid Test Kit Storage Fridge,Medical Equipment,GRT-2021-001,PRJ-2023-007,2021-01-07,2476000.0,TZS,5,Straight Line,133205.75,LOC-MAN-004,STF-042,Fair,2025-06-14,2025-01-03,Sold,78000.0,DA-GRT-2021-001-489
AST-0490,CDFT-0490,UPS Battery Backup,IT Equipment,GRT-2024-002,PRJ-2024-004,2025-02-22,483000.0,TZS,3,Straight Line,385584.53,LOC-ARU-004,STF-085,Fair,2025-02-11,,,,DA-GRT-2024-002-490
AST-0491,CDFT-0491,Dell Laptop Computer,IT Equipment,GRT-2024-001,PRJ-2024-001,2024-05-28,2035000.0,TZS,3,Straight Line,1123126.85,LOC-MAN-002,STF-101,Good,2025-03-15,,,,DA-GRT-2024-001-491
AST-0492,CDFT-0492,Irrigation Pump,Agricultural Equipment,GRT-2023-001,PRJ-2023-011,2021-06-28,1140000.0,TZS,5,Straight Line,168698.15,LOC-ARU-004,STF-015,Good,2025-08-28,,,,
AST-0493,CDFT-0493,Grain Storage Silo,Agricultural Equipment,GRT-2021-001,PRJ-2023-007,2021-12-16,2544000.0,TZS,10,Straight Line,1579334.7,LOC-MAN-004,STF-004,Poor,2025-02-15,,,,
AST-0494,CDFT-0494,Conference Table,Furniture,GRT-2023-004,PRJ-2023-009,2022-03-28,1447000.0,TZS,5,Straight Line,430435.46,LOC-MAN-003,STF-016,Fair,2025-05-12,,,,DA-GRT-2023-004-494
AST-0495,CDFT-0495,Grain Storage Silo,Agricultural Equipment,GRT-2023-001,PRJ-2023-011,2021-07-05,3038000.0,TZS,10,Straight Line,1749605.2,LOC-MAN-002,STF-099,Poor,2025-06-20,,,,DA-GRT-2023-001-495
AST-0496,CDFT-0496,Toyota Hiace Minibus,Vehicle,GRT-2024-002,PRJ-2024-004,2025-01-09,30514000.0,TZS,5,Straight Line,26086232.72,LOC-MAN-001,STF-110,Fair,2025-07-15,,,,
AST-0497,CDFT-0497,UPS Battery Backup,IT Equipment,GRT-2023-002,PRJ-2023-004,2022-08-19,405000.0,TZS,3,Straight Line,0.0,LOC-MAN-004,STF-076,Good,2025-02-27,,,,DA-GRT-2023-002-497
AST-0498,CDFT-0498,Dell Laptop Computer,IT Equipment,GRT-2022-004,PRJ-2023-005,2022-10-04,1904000.0,TZS,3,Straight Line,4778.46,LOC-MAN-002,STF-069,Good,2025-01-01,,,,
AST-0499,CDFT-0499,Blood Pressure Monitor,Medical Equipment,GRT-2024-001,PRJ-2024-002,2025-04-29,397000.0,TZS,5,Straight Line,363305.27,LOC-MAN-002,STF-076,Good,2025-03-06,,,,
AST-0500,CDFT-0500,Blood Pressure Monitor,Medical Equipment,GRT-2024-003,PRJ-2024-005,2022-10-10,257000.0,TZS,5,Straight Line,104031.35,LOC-ARU-004,STF-088,Good,2025-06-01,,,,
AST-0501,CDFT-0501,Air Conditioner,Office Equipment,GRT-2023-001,PRJ-2023-002,2024-05-11,1113000.0,TZS,5,Straight Line,803401.64,LOC-MAN-004,STF-016,Good,2025-06-08,,,,
AST-0502,CDFT-0502,Radio Set VHF,Communication,GRT-2021-001,PRJ-2023-007,2023-10-11,688000.0,TZS,5,Straight Line,416378.92,LOC-ARU-002,STF-020,Good,2025-07-12,,,,DA-GRT-2021-001-502
AST-0503,CDFT-0503,Projector - Epson,IT Equipment,GRT-2023-004,PRJ-2023-008,2024-12-05,1418000.0,TZS,3,Straight Line,1029772.76,LOC-KIL-003,STF-110,Fair,2025-01-27,,,,
AST-0504,CDFT-0504,Blood Pressure Monitor,Medical Equipment,GRT-2023-003,PRJ-2023-006,2021-02-14,299000.0,TZS,5,Straight Line,22307.32,LOC-MAN-003,STF-061,Fair,2025-07-20,,,,DA-GRT-2023-003-504
AST-0505,CDFT-0505,Blood Pressure Monitor,Medical Equipment,GRT-2024-004,PRJ-2024-006,2025-01-28,312000.0,TZS,5,Straight Line,269972.9,LOC-KIL-004,STF-090,Good,2025-05-25,,,,DA-GRT-2024-004-505
AST-0506,CDFT-0506,Blood Pressure Monitor,Medical Equipment,GRT-2024-001,PRJ-2024-002,2025-03-21,270000.0,TZS,5,Straight Line,241318.28,LOC-MAN-004,STF-039,Poor,2025-01-28,,,,
AST-0507,CDFT-0507,Canon Printer,IT Equipment,GRT-2024-003,PRJ-2024-005,2024-11-26,901000.0,TZS,3,Straight Line,646919.23,LOC-KIL-004,STF-028,Good,2025-05-30,,,,DA-GRT-2024-003-507
AST-0508,CDFT-0508,Projector - Epson,IT Equipment,GRT-2023-001,PRJ-2023-001,2023-01-12,1357000.0,TZS,3,Straight Line,127247.78,LOC-KIL-003,STF-049,Fair,2025-02-22,,,,DA-GRT-2023-001-508
AST-0509,CDFT-0509,Weighing Scale,Medical Equipment,GRT-2023-003,PRJ-2023-006,2021-04-26,199000.0,TZS,5,Straight Line,22583.3,LOC-KIL-003,STF-007,Good,2025-07-02,,,,
AST-0510,CDFT-0510,Irrigation Pump,Agricultural Equipment,GRT-2024-001,PRJ-2024-007,2023-06-08,1530000.0,TZS,5,Straight Line,821236.14,LOC-KIL-002,STF-031,Good,2025-07-26,,,,
AST-0511,CDFT-0511,Office Chair,Furniture,GRT-2023-003,PRJ-2023-006,2024-08-29,311000.0,TZS,5,Straight Line,243222.86,LOC-MAN-003,STF-085,Fair,2025-07-12,,,,
AST-0512,CDFT-0512,Microscope,Medical Equipment,GRT-2024-002,PRJ-2024-004,2022-07-18,2141000.0,TZS,5,Straight Line,768180.84,LOC-KIL-002,STF-015,Fair,2025-08-16,,,,
AST-0513,CDFT-0513,Rapid Test Kit Storage Fridge,Medical Equipment,GRT-2024-004,PRJ-2024-006,2022-04-06,2613000.0,TZS,5,Straight Line,790159.75,LOC-MAN-004,STF-013,Good,2025-09-03,,,,DA-GRT-2024-004-513
AST-0514,CDFT-0514,Canon Printer,IT Equipment,GRT-2023-005,PRJ-2023-010,2022-09-04,827000.0,TZS,3,Straight Line,0.0,LOC-KIL-002,STF-092,Fair,2025-03-06,,,,DA-GRT-2023-005-514
AST-0515,CDFT-0515,Grain Storage Silo,Agricultural Equipment,GRT-2023-001,PRJ-2023-001,2023-03-18,2473000.0,TZS,10,Straight Line,1844678.58,LOC-MAN-001,STF-108,Fair,2025-09-29,,,,
AST-0516,CDFT-0516,Radio Set VHF,Communication,GRT-2023-002,PRJ-2023-004,2025-03-24,760000.0,TZS,5,Straight Line,680514.72,LOC-KIL-002,STF-024,Poor,2025-04-17,,,,DA-GRT-2023-002-516
AST-0517,CDFT-0517,Radio Set VHF,Communication,GRT-2023-002,PRJ-2023-012,2023-07-05,573000.0,TZS,5,Straight Line,316032.44,LOC-KIL-003,STF-074,Poor,2025-06-10,,,,
AST-0518,CDFT-0518,Canon Printer,IT Equipment,GRT-2023-004,PRJ-2023-009,2025-03-23,714000.0,TZS,3,Straight Line,588891.17,LOC-MAN-001,STF-039,Good,2025-02-13,,,,
AST-0519,CDFT-0519,Grain Storage Silo,Agricultural Equipment,GRT-2023-001,PRJ-2023-001,2022-05-24,2456000.0,TZS,10,Straight Line,1631617.8,LOC-MAN-001,STF-116,Good,2025-01-24,,,,DA-GRT-2023-001-519
AST-0520,CDFT-0520,Satellite Phone,Communication,GRT-2022-004,PRJ-2023-005,2024-03-27,884000.0,TZS,3,Straight Line,437865.39,LOC-ARU-002,STF-078,Good,2025-06-10,,,,
AST-0521,CDFT-0521,Projector - Epson,IT Equipment,GRT-2023-001,PRJ-2023-002,2022-05-01,1331000.0,TZS,3,Straight Line,0.0,LOC-KIL-004,STF-018,Good,2025-04-07,,,,DA-GRT-2023-001-521
AST-0522,CDFT-0522,Projector - Epson,IT Equipment,GRT-2023-004,PRJ-2023-009,2021-09-21,1280000.0,TZS,3,Straight Line,0.0,LOC-ARU-001,STF-034,Fair,2025-08-05,,,,
AST-0523,CDFT-0523,Canon Printer,IT Equipment,GRT-2022-003,PRJ-2023-003,2022-06-05,833000.0,TZS,3,Straight Line,0.0,LOC-KIL-003,STF-069,Fair,2025-08-06,,,,
AST-0524,CDFT-0524,Water Dispenser,Office Equipment,GRT-2021-001,PRJ-2023-007,2025-01-03,395000.0,TZS,3,Straight Line,297308.92,LOC-ARU-003,STF-106,Good,2025-09-19,,,,
AST-0525,CDFT-0525,Weighing Scale,Medical Equipment,GRT-2023-003,PRJ-2023-013,2022-05-22,175000.0,TZS,5,Straight Line,57327.17,LOC-KIL-002,STF-088,Good,2025-05-19,,,,
AST-0526,CDFT-0526,Toyota Hiace Minibus,Vehicle,GRT-2022-003,PRJ-2023-003,2023-01-14,26550000.0,TZS,5,Straight Line,12142854.21,LOC-KIL-004,STF-036,Good,2025-05-20,,,,
AST-0527,CDFT-0527,Blood Pressure Monitor,Medical Equipment,GRT-2023-004,PRJ-2023-008,2023-02-15,397000.0,TZS,5,Straight Line,188527.45,LOC-MAN-004,STF-113,Good,2025-03-05,,,,
AST-0528,CDFT-0528,Rapid Test Kit Storage Fridge,Medical Equipment,GRT-2024-002,PRJ-2024-003,2024-12-05,2023000.0,TZS,5,Straight Line,1690679.67,LOC-MAN-002,STF-013,Fair,2025-05-25,,,,DA-GRT-2024-002-528
AST-0529,CDFT-0529,Canon Printer,IT Equipment,GRT-2024-002,PRJ-2024-004,2022-01-06,802000.0,TZS,3,Straight Line,0.0,LOC-ARU-003,STF-062,Good,2025-09-30,,,,
AST-0530,CDFT-0530,Executive Office Desk,Furniture,GRT-2024-004,PRJ-2024-006,2024-12-31,523000.0,TZS,5,Straight Line,444532.1,LOC-MAN-002,STF-095,Good,2025-03-06,,,,
AST-0531,CDFT-0531,Water Dispenser,Office Equipment,GRT-2023-004,PRJ-2023-008,2024-10-20,433000.0,TZS,3,Straight Line,296273.56,LOC-KIL-003,STF-057,Fair,2025-08-03,,,,DA-GRT-2023-004-531
AST-0532,CDFT-0532,Microscope,Medical Equipment,GRT-2023-004,PRJ-2023-009,2023-05-27,1847000.0,TZS,5,Straight Line,979251.33,LOC-KIL-002,STF-040,Fair,2025-04-28,,,,
AST-0533,CDFT-0533,Conference Table,Furniture,GRT-2022-003,PRJ-2023-003,2021-06-07,1416000.0,TZS,5,Straight Line,193258.32,LOC-KIL-003,STF-074,Fair,2025-05-03,,,,
AST-0534,CDFT-0534,Office Chair,Furniture,GRT-2023-001,PRJ-2023-011,2021-01-22,294000.0,TZS,5,Straight Line,18231.62,LOC-KIL-003,STF-062,Good,2025-09-18,,,,
AST-0535,CDFT-0535,Satellite Phone,Communication,GRT-2023-002,PRJ-2023-012,2024-11-30,1062000.0,TZS,3,Straight Line,766394.25,LOC-MAN-004,STF-069,Good,2025-07-27,2024-07-13,Sold,350000.0,DA-GRT-2023-002-535
AST-0536,CDFT-0536,UPS Battery Backup,IT Equipment,GRT-2024-004,PRJ-2024-006,2024-11-01,561000.0,TZS,3,Straight Line,389999.32,LOC-KIL-003,STF-087,Fair,2025-01-22,,,,DA-GRT-2024-004-536
AST-0537,CDFT-0537,Irrigation Pump,Agricultural Equipment,GRT-2023-003,PRJ-2023-006,2021-06-03,1689000.0,TZS,5,Straight Line,226818.48,LOC-KIL-001,STF-055,Good,2025-03-10,,,,
AST-0538,CDFT-0538,Canon Printer,IT Equipment,GRT-2023-002,PRJ-2023-004,2022-11-24,823000.0,TZS,3,Straight Line,40370.75,LOC-KIL-002,STF-038,Fair,2025-05-08,,,,
AST-0539,CDFT-0539,Office Chair,Furniture,GRT-2023-001,PRJ-2023-001,2025-02-20,257000.0,TZS,5,Straight Line,225618.21,LOC-ARU-001,STF-119,Fair,2025-07-21,,,,DA-GRT-2023-001-539
AST-0540,CDFT-0540,Water Dispenser,Office Equipment,GRT-2023-001,PRJ-2023-002,2023-08-07,361000.0,TZS,3,Straight Line,102048.6,LOC-KIL-001,STF-079,Fair,2025-09-07,,,,
AST-0541,CDFT-0541,Office Chair,Furniture,GRT-2023-001,PRJ-2023-001,2022-12-18,269000.0,TZS,5,Straight Line,119052.29,LOC-KIL-001,STF-013,Fair,2025-04-06,,,,
AST-0542,CDFT-0542,Projector - Epson,IT Equipment,GRT-2024-004,PRJ-2024-006,2021-11-11,1006000.0,TZS,3,Straight Line,0.0,LOC-KIL-001,STF-020,Good,2025-03-05,,,,DA-GRT-2024-004-542
AST-0543,CDFT-0543,Executive Office Desk,Furniture,GRT-2024-002,PRJ-2024-004,2023-02-06,586000.0,TZS,5,Straight Line,275391.92,LOC-KIL-003,STF-069,Good,2025-07-06,,,,DA-GRT-2024-002-543
AST-0544,CDFT-0544,Dell Laptop Computer,IT Equipment,GRT-2024-003,PRJ-2024-005,2021-11-28,2241000.0,TZS,3,Straight Line,0.0,LOC-KIL-001,STF-046,Good,2025-07-01,,,,DA-GRT-2024-003-544
AST-0545,CDFT-0545,Radio Set VHF,Communication,GRT-2021-001,PRJ-2023-007,2022-08-07,578000.0,TZS,5,Straight Line,213713.62,LOC-MAN-004,STF-043,Good,2025-03-10,,,,DA-GRT-2021-001-545
AST-0546,CDFT-0546,Canon Printer,IT Equipment,GRT-2023-001,PRJ-2023-011,2024-09-24,935000.0,TZS,3,Straight Line,617573.58,LOC-MAN-001,STF-064,Good,2025-03-02,,,,DA-GRT-2023-001-546
AST-0547,CDFT-0547,Radio Set VHF,Communication,GRT-2024-002,PRJ-2024-004,2023-10-25,557000.0,TZS,5,Straight Line,341367.42,LOC-KIL-002,STF-102,Fair,2025-07-19,,,,
AST-0548,CDFT-0548,HP Desktop Computer,IT Equipment,GRT-2023-001,PRJ-2023-001,2025-04-21,1337000.0,TZS,3,Straight Line,1138112.48,LOC-ARU-002,STF-055,Fair,2025-05-02,,,,DA-GRT-2023-001-548
AST-0549,CDFT-0549,Toyota Land Cruiser 4x4,Vehicle,GRT-2024-001,PRJ-2024-001,2022-08-01,44795000.0,TZS,5,Straight Line,16415635.18,LOC-KIL-004,STF-080,Good,2025-02-12,,,,
AST-0550,CDFT-0550,Irrigation Pump,Agricultural Equipment,GRT-2023-004,PRJ-2023-009,2025-04-20,1238000.0,TZS,5,Straight Line,1126825.74,LOC-KIL-004,STF-086,Good,2025-05-15,,,,DA-GRT-2023-004-550
AST-0551,CDFT-0551,Projector - Epson,IT Equipment,GRT-2023-002,PRJ-2023-004,2024-12-06,1216000.0,TZS,3,Straight Line,884187.09,LOC-KIL-004,STF-110,Fair,2025-09-15,,,,
AST-0552,CDFT-0552,Water Dispenser,Office Equipment,GRT-2023-002,PRJ-2023-004,2021-09-28,303000.0,TZS,3,Straight Line,0.0,LOC-KIL-004,STF-119,Good,2025-01-20,,,,
AST-0553,CDFT-0553,Toyota Land Cruiser 4x4,Vehicle,GRT-2022-003,PRJ-2023-003,2021-04-15,48483000.0,TZS,5,Straight Line,5210014.37,LOC-MAN-004,STF-082,Good,2025-07-28,,,,DA-GRT-2022-003-553
AST-0554,CDFT-0554,UPS Battery Backup,IT Equipment,GRT-2023-001,PRJ-2023-011,2021-05-06,428000.0,TZS,3,Straight Line,0.0,LOC-ARU-001,STF-015,Fair,2025-08-07,,,,
AST-0555,CDFT-0555,Executive Office Desk,Furniture,GRT-2023-005,PRJ-2023-010,2022-05-21,796000.0,TZS,5,Straight Line,260320.88,LOC-KIL-001,STF-007,Good,2025-01-25,,,,DA-GRT-2023-005-555
AST-0556,CDFT-0556,Conference Table,Furniture,GRT-2023-001,PRJ-2023-011,2022-07-28,1074000.0,TZS,5,Straight Line,391227.1,LOC-ARU-001,STF-063,Fair,2025-02-21,,,,
AST-0557,CDFT-0557,Office Chair,Furniture,GRT-2023-001,PRJ-2023-001,2024-10-30,238000.0,TZS,5,Straight Line,194211.91,LOC-MAN-004,STF-104,Fair,2025-03-08,,,,
AST-0558,CDFT-0558,Generator,Office Equipment,GRT-2024-002,PRJ-2024-003,2022-05-03,3633000.0,TZS,5,Straight Line,1152314.99,LOC-ARU-003,STF-012,Fair,2025-05-22,,,,DA-GRT-2024-002-558
AST-0559,CDFT-0559,HP Desktop Computer,IT Equipment,GRT-2023-003,PRJ-2023-013,2021-09-04,1517000.0,TZS,3,Straight Line,0.0,LOC-ARU-004,STF-119,Good,2025-04-08,,,,
AST-0560,CDFT-0560,Grain Storage Silo,Agricultural Equipment,GRT-2024-001,PRJ-2024-001,2025-01-25,3020000.0,TZS,10,Straight Line,2814119.1,LOC-KIL-003,STF-006,Good,2025-04-14,,,,
AST-0561,CDFT-0561,Weighing Scale,Medical Equipment,GRT-2023-004,PRJ-2023-009,2025-04-05,189000.0,TZS,5,Straight Line,170475.15,LOC-ARU-004,STF-081,Poor,2025-06-27,,,,DA-GRT-2023-004-561
AST-0562,CDFT-0562,Weighing Scale,Medical Equipment,GRT-2023-005,PRJ-2023-010,2023-12-09,149000.0,TZS,5,Straight Line,94988.77,LOC-ARU-001,STF-090,Fair,2025-01-12,,,,DA-GRT-2023-005-562
AST-0563,CDFT-0563,Office Chair,Furniture,GRT-2024-001,PRJ-2024-007,2021-05-05,230000.0,TZS,5,Straight Line,27234.77,LOC-ARU-003,STF-064,Poor,2025-04-08,,,,DA-GRT-2024-001-563
AST-0564,CDFT-0564,Irrigation Pump,Agricultural Equipment,GRT-2023-003,PRJ-2023-006,2023-06-16,1732000.0,TZS,5,Straight Line,937247.91,LOC-ARU-003,STF-052,Poor,2025-09-18,,,,DA-GRT-2023-003-564
AST-0565,CDFT-0565,Projector - Epson,IT Equipment,GRT-2023-003,PRJ-2023-006,2024-03-17,1059000.0,TZS,3,Straight Line,514882.27,LOC-MAN-001,STF-059,Good,2025-01-05,,,,
AST-0566,CDFT-0566,Irrigation Pump,Agricultural Equipment,GRT-2023-004,PRJ-2023-008,2022-08-30,1283000.0,TZS,5,Straight Line,490543.33,LOC-KIL-003,STF-029,Fair,2025-05-18,,,,
AST-0567,CDFT-0567,UPS Battery Backup,IT Equipment,GRT-2022-004,PRJ-2023-005,2022-07-23,419000.0,TZS,3,Straight Line,0.0,LOC-KIL-001,STF-083,Good,2025-05-19,,,,DA-GRT-2022-004-567
AST-0568,CDFT-0568,Projector - Epson,IT Equipment,GRT-2023-001,PRJ-2023-001,2024-08-21,1249000.0,TZS,3,Straight Line,786217.43,LOC-MAN-004,STF-114,Good,2025-07-08,,,,
AST-0569,CDFT-0569,HP Desktop Computer,IT Equipment,GRT-2023-003,PRJ-2023-013,2022-08-27,1377000.0,TZS,3,Straight Line,0.0,LOC-KIL-001,STF-106,Good,2025-01-30,,,,
AST-0570,CDFT-0570,Executive Office Desk,Furniture,GRT-2023-001,PRJ-2023-001,2024-01-06,572000.0,TZS,5,Straight Line,373424.78,LOC-MAN-004,STF-049,Fair,2025-02-24,,,,DA-GRT-2023-001-570
AST-0571,CDFT-0571,Executive Office Desk,Furniture,GRT-2023-003,PRJ-2023-013,2024-02-03,774000.0,TZS,5,Straight Line,517165.5,LOC-ARU-001,STF-027,Good,2025-08-15,,,,
AST-0572,CDFT-0572,Blood Pressure Monitor,Medical Equipment,GRT-2023-004,PRJ-2023-008,2025-02-03,278000.0,TZS,5,Straight Line,241466.12,LOC-ARU-004,STF-012,Fair,2025-08-11,,,,
AST-0573,CDFT-0573,Microscope,Medical Equipment,GRT-2023-003,PRJ-2023-006,2022-01-22,1590000.0,TZS,5,Straight Line,416381.93,LOC-KIL-003,STF-083,Fair,2025-09-09,,,,
AST-0574,CDFT-0574,Office Chair,Furniture,GRT-2023-003,PRJ-2023-006,2023-03-19,245000.0,TZS,5,Straight Line,120638.6,LOC-KIL-002,STF-055,Fair,2025-04-07,,,,
AST-0575,CDFT-0575,Water Dispenser,Office Equipment,GRT-2023-002,PRJ-2023-004,2025-01-23,433000.0,TZS,3,Straight Line,333814.05,LOC-KIL-001,STF-078,Fair,2025-03-12,,,,
AST-0576,CDFT-0576,Blood Pressure Monitor,Medical Equipment,GRT-2023-001,PRJ-2023-001,2025-04-13,259000.0,TZS,5,Straight Line,234748.67,LOC-KIL-002,STF-035,Poor,2025-01-23,,,,
AST-0577,CDFT-0577,Water Dispenser,Office Equipment,GRT-2023-001,PRJ-2023-001,2021-08-06,374000.0,TZS,3,Straight Line,0.0,LOC-KIL-002,STF-026,Fair,2025-06-23,,,,
AST-0578,CDFT-0578,Generator,Office Equipment,GRT-2023-003,PRJ-2023-006,2022-09-22,4206000.0,TZS,5,Straight Line,1661096.51,LOC-KIL-001,STF-070,Good,2025-09-03,,,,DA-GRT-2023-003-578
AST-0579,CDFT-0579,Water Dispenser,Office Equipment,GRT-2023-001,PRJ-2023-001,2021-04-02,366000.0,TZS,3,Straight Line,0.0,LOC-ARU-003,STF-019,Good,2025-06-01,,,,
AST-0580,CDFT-0580,UPS Battery Backup,IT Equipment,GRT-2023-005,PRJ-2023-010,2023-03-01,365000.0,TZS,3,Straight Line,50215.61,LOC-KIL-004,STF-118,Good,2025-06-30,,,,DA-GRT-2023-005-580
AST-0581,CDFT-0581,Blood Pressure Monitor,Medical Equipment,GRT-2023-002,PRJ-2023-004,2023-10-05,355000.0,TZS,5,Straight Line,213680.36,LOC-ARU-001,STF-046,Good,2025-02-26,,,,
AST-0582,CDFT-0582,Conference Table,Furniture,GRT-2022-003,PRJ-2023-003,2021-03-30,1024000.0,TZS,5,Straight Line,101068.31,LOC-MAN-001,STF-043,Fair,2025-03-19,,,,
AST-0583,CDFT-0583,Satellite Phone,Communication,GRT-2024-001,PRJ-2024-001,2024-07-03,843000.0,TZS,3,Straight Line,492952.09,LOC-KIL-002,STF-035,Poor,2025-05-27,,,,DA-GRT-2024-001-583
AST-0584,CDFT-0584,Satellite Phone,Communication,GRT-2023-004,PRJ-2023-009,2024-12-27,821000.0,TZS,3,Straight Line,612706.14,LOC-KIL-003,STF-100,Poor,2025-02-09,,,,DA-GRT-2023-004-584
AST-0585,CDFT-0585,Conference Table,Furniture,GRT-2024-003,PRJ-2024-005,2025-01-17,1040000.0,TZS,5,Straight Line,893645.45,LOC-KIL-002,STF-074,Poor,2025-09-02,,,,
AST-0586,CDFT-0586,Executive Office Desk,Furniture,GRT-2024-001,PRJ-2024-002,2021-09-19,562000.0,TZS,5,Straight Line,108707.19,LOC-ARU-004,STF-055,Good,2025-07-17,,,,
AST-0587,CDFT-0587,Weighing Scale,Medical Equipment,GRT-2024-001,PRJ-2024-002,2021-10-11,193000.0,TZS,5,Straight Line,39656.81,LOC-MAN-001,STF-064,Poor,2025-05-06,,,,
AST-0588,CDFT-0588,Rapid Test Kit Storage Fridge,Medical Equipment,GRT-2023-004,PRJ-2023-008,2023-02-27,2495000.0,TZS,5,Straight Line,1201220.4,LOC-MAN-004,STF-104,Good,2025-08-04,,,,DA-GRT-2023-004-588
AST-0589,CDFT-0589,Radio Set VHF,Communication,GRT-2024-002,PRJ-2024-003,2021-01-06,546000.0,TZS,5,Straight Line,29075.15,LOC-ARU-004,STF-018,Good,2025-01-09,,,,DA-GRT-2024-002-589
AST-0590,CDFT-0590,Toyota Hilux Double Cab,Vehicle,GRT-2024-002,PRJ-2024-003,2025-05-14,38724000.0,TZS,5,Straight Line,35755425.05,LOC-KIL-003,STF-107,Poor,2025-03-13,,,,DA-GRT-2024-002-590
AST-0591,CDFT-0591,Weighing Scale,Medical Equipment,GRT-2023-004,PRJ-2023-008,2021-04-25,164000.0,TZS,5,Straight Line,18521.56,LOC-MAN-004,STF-091,Fair,2025-03-12,,,,
AST-0592,CDFT-0592,Toyota Land Cruiser 4x4,Vehicle,GRT-2023-005,PRJ-2023-010,2023-02-01,50096000.0,TZS,5,Straight Line,23405564.41,LOC-KIL-002,STF-062,Good,2025-02-24,,,,DA-GRT-2023-005-592
AST-0593,CDFT-0593,Canon Printer,IT Equipment,GRT-2024-002,PRJ-2024-003,2021-10-17,692000.0,TZS,3,Straight Line,0.0,LOC-MAN-002,STF-107,Good,2025-05-06,,,,DA-GRT-2024-002-593
AST-0594,CDFT-0594,HP Desktop Computer,IT Equipment,GRT-2023-001,PRJ-2023-011,2025-03-03,1602000.0,TZS,3,Straight Line,1292053.39,LOC-ARU-001,STF-061,Good,2025-09-28,,,,
AST-0595,CDFT-0595,Conference Table,Furniture,GRT-2023-001,PRJ-2023-001,2022-08-11,1200000.0,TZS,5,Straight Line,446324.44,LOC-MAN-003,STF-005,Good,2025-03-21,,,,DA-GRT-2023-001-595
AST-0596,CDFT-0596,Canon Printer,IT Equipment,GRT-2023-001,PRJ-2023-001,2023-03-23,873000.0,TZS,3,Straight Line,137632.44,LOC-ARU-004,STF-071,Poor,2025-08-05,,,,DA-GRT-2023-001-596
AST-0597,CDFT-0597,Executive Office Desk,Furniture,GRT-2024-004,PRJ-2024-006,2022-09-19,789000.0,TZS,5,Straight Line,310307.6,LOC-KIL-003,STF-035,Fair,2025-04-27,,,,DA-GRT-2024-004-597
AST-0598,CDFT-0598,Irrigation Pump,Agricultural Equipment,GRT-2022-004,PRJ-2023-005,2025-03-02,1358000.0,TZS,5,Straight Line,1199613.14,LOC-KIL-004,STF-051,Good,2025-07-25,,,,
AST-0599,CDFT-0599,Grain Storage Silo,Agricultural Equipment,GRT-2022-003,PRJ-2023-003,2024-11-19,3002000.0,TZS,10,Straight Line,2742278.71,LOC-MAN-003,STF-052,Good,2025-09-02,,,,DA-GRT-2022-003-599
AST-0600,CDFT-0600,Canon Printer,IT Equipment,GRT-2024-002,PRJ-2024-003,2024-08-17,701000.0,TZS,3,Straight Line,438704.77,LOC-KIL-002,STF-010,Good,2025-04-10,,,,
