training_id,grant_id,project_id,activity_id,location_id,period_id,facilitator_id,training_title,training_type,target_group,start_date,end_date,duration_days,planned_attendance,total_attendance,attendance_male,attendance_female,attendance_youth,attendance_pwd,total_cost,cost_currency,cost_per_participant,pre_assessment_avg,post_assessment_avg,knowledge_gain_pct,certificates_issued,venue,notes
TRN-2025-0001,GRT-2023-001,PRJ-2023-002,ACT-0006,LOC-KIL-002,FP-2025-05,STF-006,First Aid and Emergency Response,Technical,Health Facility Staff,2025-05-18,2025-05-20,3,25,22,15,7,7,0,2723000.0,TZS,123772.73,34.7,72.1,37.4,0,District Council Hall,Training delivered by internal staff
TRN-2025-0002,GRT-2023-003,PRJ-2023-006,ACT-0023,LOC-KIL-001,FP-2025-09,STF-016,Financial Literacy and Savings,Awareness,VSLA Members,2025-09-03,2025-09-03,1,60,47,27,20,26,0,2048000.0,TZS,43574.47,53.0,80.4,,0,CDFT Training Centre,
TRN-2025-0003,GRT-2024-004,PRJ-2024-006,ACT-0066,LOC-MAN-002,FP-2025-04,STF-016,Conservation Agriculture,Vocational,Youth Farmers,2025-04-06,2025-04-07,2,40,37,16,21,14,1,3125000.0,TZS,84459.46,31.1,68.6,37.5,0,CDFT Training Centre,
TRN-2025-0004,GRT-2023-002,PRJ-2023-004,ACT-0016,LOC-ARU-002,FP-2025-08,STF-019,Child Centred Learning Methods,Awareness,Education Officers,2025-08-19,2025-08-23,5,40,41,23,18,19,2,8825000.0,TZS,215243.9,42.7,72.1,29.4,41,District Council Hall,Training delivered by internal staff
TRN-2025-0005,GRT-2023-002,PRJ-2023-012,ACT-0073,LOC-ARU-001,FP-2025-06,STF-039,Teacher Pedagogy Training,Leadership,Parent Teachers Association Members,2025-06-16,2025-06-20,5,50,41,17,24,25,2,3839000.0,TZS,93634.15,36.1,67.7,31.6,41,Community Centre,Training delivered by external facilitator
TRN-2025-0006,GRT-2024-002,PRJ-2024-003,ACT-0048,LOC-ARU-003,FP-2025-05,STF-024,Psychosocial Support Basics,Financial Management,Religious Leaders,2025-05-23,2025-05-26,4,50,43,21,22,13,0,7359000.0,TZS,171139.53,34.7,70.4,35.7,0,District Council Hall,
TRN-2025-0007,GRT-2024-002,PRJ-2024-004,ACT-0050,LOC-MAN-004,FP-2025-03,STF-006,Community Based Child Protection,Awareness,Religious Leaders,2025-03-05,2025-03-09,5,80,64,33,31,39,3,12280000.0,TZS,191875.0,37.1,72.4,35.3,64,School Hall,Training delivered by internal staff
TRN-2025-0008,GRT-2023-004,PRJ-2023-008,ACT-0032,LOC-MAN-002,FP-2025-07,STF-029,Water Harvesting Techniques,Vocational,Youth Farmers,2025-07-04,2025-07-04,1,60,56,23,33,35,2,1747000.0,TZS,31196.43,46.0,85.1,39.1,56,Community Centre,Training delivered by external facilitator
TRN-2025-0009,GRT-2023-003,PRJ-2023-006,ACT-0024,LOC-KIL-001,FP-2025-10,STF-006,Market Linkage Training,Leadership,Women Group Members,2025-10-16,2025-10-19,4,40,30,11,19,18,0,3066000.0,TZS,102200.0,37.9,57.3,19.4,30,Community Centre,Training delivered by government partner
TRN-2025-0010,GRT-2023-002,PRJ-2023-004,ACT-0016,LOC-ARU-002,FP-2025-03,STF-028,Early Childhood Development,Financial Management,Education Officers,2025-03-14,2025-03-18,5,30,24,15,9,14,0,3237000.0,TZS,134875.0,34.5,50.9,16.4,0,District Council Hall,Training delivered by internal staff
TRN-2025-0011,GRT-2021-001,PRJ-2023-007,ACT-0029,LOC-ARU-001,FP-2025-07,STF-029,Business Skills Development,Awareness,Women Group Members,2025-07-25,2025-07-28,4,80,75,29,46,41,3,7254000.0,TZS,96720.0,51.0,80.0,29.0,75,Government Office Meeting Room,Training delivered by government partner
TRN-2025-0012,GRT-2024-001,PRJ-2024-007,ACT-0076,LOC-ARU-002,FP-2025-10,STF-027,Cooperative Management,Leadership,Smallholder Farmers,2025-10-02,2025-10-04,3,50,48,16,32,16,0,4409000.0,TZS,91854.17,35.3,66.0,30.7,0,Government Office Meeting Room,Training delivered by external facilitator
TRN-2025-0013,GRT-2023-001,PRJ-2023-001,ACT-0001,LOC-KIL-001,FP-2025-08,STF-015,First Aid and Emergency Response,Awareness,Health Facility Staff,2025-08-13,2025-08-17,5,40,33,16,17,13,1,5938000.0,TZS,179939.39,33.4,54.6,21.2,33,Government Office Meeting Room,Training delivered by external facilitator
TRN-2025-0014,GRT-2023-003,PRJ-2023-006,ACT-0023,LOC-KIL-001,FP-2025-07,STF-040,Leadership for Women,Technical,Female Entrepreneurs,2025-07-26,2025-07-28,3,30,23,8,15,11,0,2422000.0,TZS,105304.35,44.5,74.0,29.5,0,School Hall,
TRN-2025-0015,GRT-2024-001,PRJ-2024-002,ACT-0042,LOC-KIL-004,FP-2025-01,STF-014,Cooperative Management,Leadership,Agro Dealers,2025-01-19,2025-01-21,3,30,28,12,16,14,0,2177000.0,TZS,77750.0,51.3,68.0,16.7,28,Community Centre,Training delivered by internal staff
TRN-2025-0016,GRT-2024-002,PRJ-2024-003,ACT-0048,LOC-ARU-003,FP-2025-04,STF-039,Community Based Child Protection,Leadership,Social Welfare Officers,2025-04-15,2025-04-15,1,60,59,20,39,18,1,1386000.0,TZS,23491.53,43.5,,,0,Community Centre,
TRN-2025-0017,GRT-2023-003,PRJ-2023-013,ACT-0080,LOC-ARU-001,FP-2025-08,STF-012,Malaria Prevention and Treatment,Vocational,Community Health Workers,2025-08-18,2025-08-21,4,100,91,28,63,54,1,8157000.0,TZS,89637.36,33.8,52.7,18.9,0,School Hall,Training delivered by internal staff
TRN-2025-0018,GRT-2024-002,PRJ-2024-004,ACT-0050,LOC-MAN-004,FP-2025-08,STF-007,Child Safeguarding and Protection,Awareness,Religious Leaders,2025-08-14,2025-08-17,4,80,77,37,40,38,1,11769000.0,TZS,152844.16,53.3,81.5,28.2,77,Community Centre,
TRN-2025-0019,GRT-2022-003,PRJ-2023-003,ACT-0011,LOC-KIL-003,FP-2025-04,STF-036,Community Health Worker Basic Training,Financial Management,Community Members,2025-04-06,2025-04-08,3,80,77,45,32,41,3,9195000.0,TZS,119415.58,36.2,56.9,20.7,0,District Council Hall,Training delivered by external facilitator
TRN-2025-0020,GRT-2023-001,PRJ-2023-002,ACT-0009,LOC-KIL-002,FP-2025-09,STF-008,Community Health Worker Basic Training,Awareness,Village Health Workers,2025-09-04,2025-09-07,4,60,61,20,41,23,2,4406000.0,TZS,72229.51,42.7,66.6,23.9,0,Government Office Meeting Room,Training delivered by government partner
TRN-2025-0021,GRT-2023-002,PRJ-2023-004,ACT-0015,LOC-ARU-002,FP-2025-08,STF-040,School Management Training,Technical,School Administrators,2025-08-06,2025-08-10,5,80,83,45,38,29,1,17534000.0,TZS,211253.01,41.0,58.5,17.5,83,School Hall,Training delivered by external facilitator
TRN-2025-0022,GRT-2022-004,PRJ-2023-005,ACT-0019,LOC-KIL-001,FP-2025-09,STF-019,Inclusive Education,Vocational,Education Officers,2025-09-10,2025-09-12,3,25,23,13,10,13,1,1505000.0,TZS,65434.78,39.8,77.5,37.7,23,Hotel Conference Room,
TRN-2025-0023,GRT-2024-001,PRJ-2024-002,ACT-0045,LOC-KIL-004,FP-2025-05,STF-018,Cooperative Management,Vocational,Smallholder Farmers,2025-05-26,2025-05-30,5,60,60,19,41,30,1,12657000.0,TZS,210950.0,,69.1,27.4,60,Hotel Conference Room,
TRN-2025-0024,GRT-2024-001,PRJ-2024-002,ACT-0043,LOC-KIL-004,FP-2025-06,STF-028,Irrigation Management,Awareness,Cooperative Members,2025-06-04,2025-06-05,2,50,37,22,15,18,1,2986000.0,TZS,80702.7,52.3,81.7,29.4,0,School Hall,Training delivered by external facilitator
TRN-2025-0025,GRT-2023-002,PRJ-2023-004,ACT-0015,LOC-ARU-002,FP-2025-02,STF-036,Early Childhood Development,Awareness,Teachers,2025-02-01,2025-02-04,4,30,22,11,11,8,1,1870000.0,TZS,85000.0,42.3,63.5,21.2,22,Hotel Conference Room,Training delivered by government partner
TRN-2025-0026,GRT-2023-001,PRJ-2023-002,ACT-0008,LOC-KIL-002,FP-2025-10,STF-016,Nutrition Counselling,Vocational,Community Health Workers,2025-10-05,2025-10-08,4,100,96,61,35,41,1,9865000.0,TZS,102760.42,54.1,76.4,22.3,96,Hotel Conference Room,
TRN-2025-0027,GRT-2024-001,PRJ-2024-001,ACT-0041,LOC-MAN-001,FP-2025-06,STF-025,Cooperative Management,Financial Management,Cooperative Members,2025-06-01,2025-06-04,4,80,79,52,27,43,3,8148000.0,TZS,103139.24,36.1,,,79,Government Office Meeting Room,Training delivered by internal staff
TRN-2025-0028,GRT-2024-004,PRJ-2024-006,ACT-0067,LOC-MAN-002,FP-2025-03,STF-020,Climate Smart Agriculture Practices,Awareness,Youth Farmers,2025-03-04,2025-03-08,5,100,95,30,65,52,4,10151000.0,TZS,106852.63,53.4,69.0,15.6,95,Community Centre,Training delivered by external facilitator
TRN-2025-0029,GRT-2024-001,PRJ-2024-002,ACT-0044,LOC-KIL-004,FP-2025-06,STF-032,Post Harvest Handling,Vocational,Cooperative Members,2025-06-12,2025-06-16,5,60,46,21,25,15,1,9102000.0,TZS,197869.57,47.2,84.2,37.0,0,CDFT Training Centre,
TRN-2025-0030,GRT-2024-002,PRJ-2024-004,ACT-0051,LOC-MAN-004,FP-2025-07,STF-005,Reporting and Referral Pathways,Technical,Religious Leaders,2025-07-04,2025-07-04,1,25,19,9,10,6,1,828000.0,TZS,43578.95,35.9,71.6,35.7,0,School Hall,
TRN-2025-0031,GRT-2022-004,PRJ-2023-005,ACT-0018,LOC-KIL-001,FP-2025-03,STF-033,Teacher Pedagogy Training,Leadership,Teachers,2025-03-13,2025-03-14,2,20,18,6,12,8,1,1355000.0,TZS,75277.78,35.4,66.8,31.4,18,School Hall,Training delivered by internal staff
TRN-2025-0032,GRT-2023-004,PRJ-2023-009,ACT-0035,LOC-MAN-003,FP-2025-04,STF-018,Climate Smart Agriculture Practices,Financial Management,Youth Farmers,2025-04-14,2025-04-17,4,40,38,14,24,16,0,5265000.0,TZS,138552.63,54.7,86.5,31.8,38,Government Office Meeting Room,Training delivered by government partner
TRN-2025-0033,GRT-2023-002,PRJ-2023-012,ACT-0072,LOC-ARU-001,FP-2025-04,STF-026,Inclusive Education,Leadership,School Administrators,2025-04-11,2025-04-14,4,40,36,21,15,16,0,5397000.0,TZS,149916.67,49.7,68.8,19.1,36,CDFT Training Centre,Training delivered by government partner
TRN-2025-0034,GRT-2022-003,PRJ-2023-003,ACT-0010,LOC-KIL-003,FP-2025-08,STF-036,Nutrition Counselling,Financial Management,Community Health Workers,2025-08-09,2025-08-11,3,50,40,19,21,16,2,4168000.0,TZS,104200.0,47.4,74.0,26.6,40,CDFT Training Centre,
TRN-2025-0035,GRT-2024-002,PRJ-2024-003,ACT-0048,LOC-ARU-003,FP-2025-08,STF-029,Case Management Procedures,Vocational,Social Welfare Officers,2025-08-25,2025-08-25,1,80,64,31,33,41,1,2357000.0,TZS,36828.12,48.2,85.1,36.9,64,School Hall,
TRN-2025-0036,GRT-2023-003,PRJ-2023-013,ACT-0078,LOC-ARU-001,FP-2025-11,STF-035,Nutrition Counselling,Leadership,Community Members,2025-11-25,2025-11-25,1,100,84,37,47,26,3,2218000.0,TZS,26404.76,48.6,74.9,26.3,0,School Hall,Training delivered by external facilitator
TRN-2025-0037,GRT-2023-001,PRJ-2023-002,ACT-0008,LOC-KIL-002,FP-2025-02,STF-006,HIV AIDS Awareness,Awareness,Community Health Workers,2025-02-02,2025-02-04,3,100,102,61,41,54,3,11010000.0,TZS,107941.18,34.4,54.4,20.0,102,CDFT Training Centre,Training delivered by internal staff
TRN-2025-0038,GRT-2024-004,PRJ-2024-006,ACT-0067,LOC-MAN-002,FP-2025-03,STF-032,Climate Smart Agriculture Practices,Awareness,Community Leaders,2025-03-10,2025-03-14,5,50,40,19,21,25,0,8834000.0,TZS,220850.0,43.4,67.7,24.3,0,School Hall,
TRN-2025-0039,GRT-2024-003,PRJ-2024-005,ACT-0057,LOC-ARU-004,FP-2025-03,STF-017,HIV AIDS Awareness,Awareness,Health Facility Staff,2025-03-19,2025-03-22,4,50,41,21,20,17,1,4302000.0,TZS,104926.83,37.3,64.5,27.2,0,Government Office Meeting Room,Training delivered by external facilitator
TRN-2025-0040,GRT-2024-001,PRJ-2024-002,ACT-0043,LOC-KIL-004,FP-2025-09,STF-024,Market Information Systems,Leadership,Cooperative Members,2025-09-07,2025-09-08,2,100,88,35,53,51,3,3331000.0,TZS,37852.27,33.4,64.3,30.9,0,Community Centre,Training delivered by internal staff
TRN-2025-0041,GRT-2023-003,PRJ-2023-013,ACT-0081,LOC-ARU-001,FP-2025-03,STF-030,Nutrition Counselling,Leadership,Health Facility Staff,2025-03-23,2025-03-27,5,20,19,13,6,9,0,4200000.0,TZS,221052.63,33.4,55.4,22.0,19,Government Office Meeting Room,Training delivered by internal staff
TRN-2025-0042,GRT-2023-003,PRJ-2023-013,ACT-0077,LOC-ARU-001,FP-2025-01,STF-008,HIV AIDS Awareness,Financial Management,Community Health Workers,2025-01-04,2025-01-08,5,80,70,23,47,35,3,13739000.0,TZS,196271.43,36.4,69.8,33.4,70,Hotel Conference Room,
TRN-2025-0043,GRT-2021-001,PRJ-2023-007,ACT-0028,LOC-ARU-001,FP-2025-09,STF-037,Leadership for Women,Leadership,Youth Women,2025-09-11,2025-09-15,5,25,24,11,13,8,0,2652000.0,TZS,110500.0,30.8,54.2,23.4,0,School Hall,Training delivered by internal staff
TRN-2025-0044,GRT-2024-002,PRJ-2024-003,ACT-0047,LOC-ARU-003,FP-2025-06,STF-024,Child Safeguarding and Protection,Technical,Community Leaders,2025-06-15,2025-06-18,4,20,17,7,10,10,0,1748000.0,TZS,102823.53,41.7,79.3,37.6,17,Hotel Conference Room,Training delivered by internal staff
TRN-2025-0045,GRT-2023-001,PRJ-2023-002,ACT-0007,LOC-KIL-002,FP-2025-06,STF-039,HIV AIDS Awareness,Vocational,Health Facility Staff,2025-06-10,2025-06-10,1,30,27,14,13,17,0,949000.0,TZS,35148.15,34.3,56.5,22.2,27,District Council Hall,Training delivered by external facilitator
TRN-2025-0046,GRT-2023-004,PRJ-2023-009,ACT-0036,LOC-MAN-003,FP-2025-02,STF-019,Disaster Risk Reduction,Financial Management,Community Leaders,2025-02-18,2025-02-19,2,30,24,15,9,14,1,2068000.0,TZS,86166.67,54.0,88.3,34.3,24,School Hall,Training delivered by government partner
TRN-2025-0047,GRT-2023-004,PRJ-2023-008,ACT-0033,LOC-MAN-002,FP-2025-08,STF-012,Water Harvesting Techniques,Financial Management,Smallholder Farmers,2025-08-16,2025-08-18,3,20,18,7,11,6,0,1846000.0,TZS,102555.56,,55.3,15.6,18,CDFT Training Centre,Training delivered by internal staff
TRN-2025-0048,GRT-2023-003,PRJ-2023-013,ACT-0080,LOC-ARU-001,FP-2025-06,STF-021,Nutrition Counselling,Leadership,Community Health Workers,2025-06-05,2025-06-07,3,40,37,18,19,22,1,3254000.0,TZS,87945.95,36.4,70.1,33.7,37,District Council Hall,Training delivered by government partner
TRN-2025-0049,GRT-2024-001,PRJ-2024-007,ACT-0074,LOC-ARU-002,FP-2025-07,STF-038,Irrigation Management,Leadership,Agro Dealers,2025-07-16,2025-07-17,2,20,15,7,8,5,1,1137000.0,TZS,75800.0,,79.6,27.6,15,School Hall,Training delivered by government partner
TRN-2025-0050,GRT-2023-002,PRJ-2023-004,ACT-0017,LOC-ARU-002,FP-2025-11,STF-017,Inclusive Education,Financial Management,Parent Teachers Association Members,2025-11-14,2025-11-16,3,20,18,9,9,6,1,1684000.0,TZS,93555.56,35.0,53.3,18.3,18,Community Centre,Training delivered by external facilitator
TRN-2025-0051,GRT-2024-001,PRJ-2024-001,ACT-0038,LOC-MAN-001,FP-2025-07,STF-027,Market Information Systems,Awareness,Smallholder Farmers,2025-07-25,2025-07-25,1,40,41,16,25,17,0,1365000.0,TZS,33292.68,42.7,72.5,,0,CDFT Training Centre,Training delivered by internal staff
TRN-2025-0052,GRT-2024-001,PRJ-2024-002,ACT-0044,LOC-KIL-004,FP-2025-05,STF-024,Market Information Systems,Leadership,Cooperative Members,2025-05-22,2025-05-26,5,100,93,58,35,29,1,19379000.0,TZS,208376.34,35.3,73.4,38.1,93,Hotel Conference Room,Training delivered by external facilitator
TRN-2025-0053,GRT-2023-002,PRJ-2023-004,ACT-0015,LOC-ARU-002,FP-2025-10,STF-005,School Management Training,Financial Management,Education Officers,2025-10-11,2025-10-12,2,40,30,17,13,10,1,1526000.0,TZS,50866.67,45.3,84.2,38.9,0,CDFT Training Centre,Training delivered by external facilitator
TRN-2025-0054,GRT-2023-001,PRJ-2023-011,ACT-0064,LOC-MAN-001,FP-2025-06,STF-032,WASH Behaviour Change,Financial Management,Health Facility Staff,2025-06-11,2025-06-15,5,30,26,17,9,15,1,3984000.0,TZS,153230.77,,71.2,38.2,26,Community Centre,
TRN-2025-0055,GRT-2024-002,PRJ-2024-004,ACT-0053,LOC-MAN-004,FP-2025-11,STF-026,Case Management Procedures,Awareness,Community Child Protection Committee Members,2025-11-18,2025-11-21,4,60,58,30,28,20,0,5629000.0,TZS,97051.72,32.4,,32.3,0,CDFT Training Centre,Training delivered by internal staff
TRN-2025-0056,GRT-2022-003,PRJ-2023-003,ACT-0013,LOC-KIL-003,FP-2025-10,STF-015,Malaria Prevention and Treatment,Financial Management,Community Members,2025-10-20,2025-10-23,4,40,33,21,12,19,1,4139000.0,TZS,125424.24,32.9,51.0,18.1,33,Community Centre,
TRN-2025-0057,GRT-2024-001,PRJ-2024-007,ACT-0076,LOC-ARU-002,FP-2025-06,STF-027,Market Information Systems,Awareness,Extension Officers,2025-06-14,2025-06-17,4,80,76,48,28,48,0,11671000.0,TZS,153565.79,36.2,72.0,35.8,76,CDFT Training Centre,Training delivered by internal staff
TRN-2025-0058,GRT-2024-002,PRJ-2024-003,ACT-0048,LOC-ARU-003,FP-2025-02,STF-038,Child Safeguarding and Protection,Vocational,Community Child Protection Committee Members,2025-02-23,2025-02-27,5,25,23,11,12,13,0,2450000.0,TZS,106521.74,39.8,72.1,32.3,23,School Hall,
TRN-2025-0059,GRT-2023-003,PRJ-2023-006,ACT-0022,LOC-KIL-001,FP-2025-09,STF-033,Business Skills Development,Leadership,VSLA Members,2025-09-09,2025-09-12,4,25,21,9,12,12,0,2253000.0,TZS,107285.71,34.6,67.2,32.6,0,District Council Hall,
TRN-2025-0060,GRT-2022-004,PRJ-2023-005,ACT-0019,LOC-KIL-001,FP-2025-06,STF-007,School Management Training,Awareness,Teachers,2025-06-19,2025-06-21,3,25,19,10,9,9,0,1769000.0,TZS,93105.26,52.4,68.0,15.6,19,School Hall,Training delivered by government partner
TRN-2025-0061,GRT-2024-001,PRJ-2024-007,ACT-0074,LOC-ARU-002,FP-2025-08,STF-023,Improved Farming Techniques,Financial Management,Extension Officers,2025-08-05,2025-08-06,2,80,60,29,31,20,0,3466000.0,TZS,57766.67,49.4,79.8,30.4,60,Hotel Conference Room,Training delivered by government partner
TRN-2025-0062,GRT-2023-004,PRJ-2023-009,ACT-0036,LOC-MAN-003,FP-2025-06,STF-030,Water Harvesting Techniques,Financial Management,Extension Officers,2025-06-19,2025-06-21,3,30,22,9,13,6,0,1314000.0,TZS,59727.27,,57.3,26.6,22,District Council Hall,
TRN-2025-0063,GRT-2023-002,PRJ-2023-012,ACT-0072,LOC-ARU-001,FP-2025-09,STF-017,Child Centred Learning Methods,Vocational,Teachers,2025-09-08,2025-09-08,1,100,97,61,36,45,0,4331000.0,TZS,44649.48,53.4,73.1,19.7,0,School Hall,
TRN-2025-0064,GRT-2024-001,PRJ-2024-007,ACT-0074,LOC-ARU-002,FP-2025-05,STF-024,Cooperative Management,Technical,Extension Officers,2025-05-10,2025-05-14,5,80,63,22,41,36,1,6177000.0,TZS,98047.62,48.6,88.6,40.0,63,CDFT Training Centre,
TRN-2025-0065,GRT-2023-004,PRJ-2023-008,ACT-0033,LOC-MAN-002,FP-2025-11,STF-013,Disaster Risk Reduction,Vocational,Community Leaders,2025-11-16,2025-11-19,4,50,43,16,27,20,0,4324000.0,TZS,100558.14,40.5,74.2,33.7,0,CDFT Training Centre,Training delivered by internal staff
TRN-2025-0066,GRT-2023-001,PRJ-2023-001,ACT-0002,LOC-KIL-001,FP-2025-11,STF-006,HIV AIDS Awareness,Technical,Health Facility Staff,2025-11-10,2025-11-10,1,40,33,12,21,18,1,949000.0,TZS,28757.58,36.7,64.2,27.5,0,Community Centre,
TRN-2025-0067,GRT-2024-004,PRJ-2024-006,ACT-0068,LOC-MAN-002,FP-2025-03,STF-024,Reforestation and Tree Nursery Management,Financial Management,Extension Officers,2025-03-21,2025-03-23,3,20,18,11,7,8,1,2226000.0,TZS,123666.67,42.1,70.1,28.0,0,CDFT Training Centre,Training delivered by external facilitator
TRN-2025-0068,GRT-2024-004,PRJ-2024-006,ACT-0068,LOC-MAN-002,FP-2025-01,STF-023,Water Harvesting Techniques,Technical,Smallholder Farmers,2025-01-22,2025-01-26,5,50,42,24,18,26,0,9297000.0,TZS,221357.14,34.7,50.0,15.3,42,Community Centre,
TRN-2025-0069,GRT-2023-005,PRJ-2023-010,ACT-0055,LOC-KIL-001,FP-2025-09,STF-029,Community Health Worker Basic Training,Leadership,Community Members,2025-09-23,2025-09-27,5,30,25,13,12,14,1,5409000.0,TZS,216360.0,51.2,67.9,16.7,0,Community Centre,
TRN-2025-0070,GRT-2022-003,PRJ-2023-003,ACT-0010,LOC-KIL-003,FP-2025-04,STF-017,WASH Behaviour Change,Awareness,Community Members,2025-04-18,2025-04-21,4,20,20,13,7,7,0,2663000.0,TZS,133150.0,43.4,67.1,23.7,20,District Council Hall,Training delivered by government partner
TRN-2025-0071,GRT-2023-001,PRJ-2023-001,ACT-0005,LOC-KIL-001,FP-2025-08,STF-008,Nutrition Counselling,Awareness,Health Facility Staff,2025-08-04,2025-08-08,5,25,26,11,15,13,0,5218000.0,TZS,200692.31,48.9,74.8,25.9,0,District Council Hall,Training delivered by internal staff
TRN-2025-0072,GRT-2021-001,PRJ-2023-007,ACT-0028,LOC-ARU-001,FP-2025-03,STF-028,Financial Literacy and Savings,Vocational,Women Group Members,2025-03-26,2025-03-27,2,20,15,6,9,9,0,857000.0,TZS,57133.33,50.7,73.0,22.3,15,School Hall,Training delivered by government partner
TRN-2025-0073,GRT-2023-005,PRJ-2023-010,ACT-0054,LOC-KIL-001,FP-2025-02,STF-028,Community Health Worker Basic Training,Leadership,Health Facility Staff,2025-02-12,2025-02-16,5,50,48,15,33,27,2,7428000.0,TZS,154750.0,35.8,75.7,39.9,48,District Council Hall,Training delivered by external facilitator
TRN-2025-0074,GRT-2023-001,PRJ-2023-011,ACT-0061,LOC-MAN-001,FP-2025-10,STF-019,Malaria Prevention and Treatment,Financial Management,Village Health Workers,2025-10-18,2025-10-19,2,25,19,9,10,7,1,1338000.0,TZS,70421.05,35.2,55.8,20.6,19,Government Office Meeting Room,
TRN-2025-0075,GRT-2024-001,PRJ-2024-007,ACT-0075,LOC-ARU-002,FP-2025-07,STF-036,Irrigation Management,Vocational,Smallholder Farmers,2025-07-15,2025-07-17,3,40,38,20,18,20,0,4379000.0,TZS,115236.84,35.9,72.1,36.2,38,CDFT Training Centre,Training delivered by external facilitator
TRN-2025-0076,GRT-2024-002,PRJ-2024-003,ACT-0046,LOC-ARU-003,FP-2025-04,STF-010,Psychosocial Support Basics,Awareness,Religious Leaders,2025-04-21,2025-04-25,5,30,24,8,16,12,1,4367000.0,TZS,181958.33,49.8,65.8,16.0,0,CDFT Training Centre,Training delivered by external facilitator
TRN-2025-0077,GRT-2023-004,PRJ-2023-009,ACT-0037,LOC-MAN-003,FP-2025-11,STF-014,Water Harvesting Techniques,Leadership,Extension Officers,2025-11-05,2025-11-06,2,40,38,22,16,14,0,3089000.0,TZS,81289.47,46.8,63.3,16.5,38,Community Centre,
TRN-2025-0078,GRT-2023-002,PRJ-2023-004,ACT-0017,LOC-ARU-002,FP-2025-09,STF-039,Early Childhood Development,Awareness,Teachers,2025-09-11,2025-09-11,1,60,52,27,25,30,0,1182000.0,TZS,22730.77,50.4,77.0,,52,District Council Hall,
TRN-2025-0079,GRT-2023-005,PRJ-2023-010,ACT-0056,LOC-KIL-001,FP-2025-02,STF-032,Nutrition Counselling,Vocational,Village Health Workers,2025-02-16,2025-02-17,2,60,62,28,34,35,0,2991000.0,TZS,48241.94,30.1,68.5,38.4,62,CDFT Training Centre,Training delivered by external facilitator
TRN-2025-0080,GRT-2022-003,PRJ-2023-003,ACT-0010,LOC-KIL-003,FP-2025-01,STF-033,Malaria Prevention and Treatment,Financial Management,Community Health Workers,2025-01-19,2025-01-19,1,80,79,25,54,35,2,3002000.0,TZS,38000.0,46.8,83.2,36.4,79,Hotel Conference Room,
TRN-2025-0081,GRT-2023-005,PRJ-2023-010,ACT-0054,LOC-KIL-001,FP-2025-07,STF-023,WASH Behaviour Change,Financial Management,Village Health Workers,2025-07-09,2025-07-11,3,40,33,14,19,12,0,2365000.0,TZS,71666.67,48.5,82.0,33.5,0,Community Centre,Training delivered by internal staff
TRN-2025-0082,GRT-2021-001,PRJ-2023-007,ACT-0029,LOC-ARU-001,FP-2025-09,STF-013,Business Skills Development,Financial Management,Youth Women,2025-09-10,2025-09-11,2,60,46,20,26,29,2,2906000.0,TZS,63173.91,50.8,75.0,24.2,46,CDFT Training Centre,
TRN-2025-0083,GRT-2023-004,PRJ-2023-008,ACT-0032,LOC-MAN-002,FP-2025-01,STF-029,Water Harvesting Techniques,Awareness,Extension Officers,2025-01-19,2025-01-20,2,40,36,14,22,20,1,2347000.0,TZS,65194.44,38.4,68.3,29.9,36,Hotel Conference Room,
TRN-2025-0084,GRT-2024-002,PRJ-2024-004,ACT-0051,LOC-MAN-004,FP-2025-08,STF-026,Reporting and Referral Pathways,Financial Management,Social Welfare Officers,2025-08-06,2025-08-07,2,80,62,31,31,23,0,4549000.0,TZS,73370.97,52.7,74.3,21.6,62,District Council Hall,Training delivered by external facilitator
TRN-2025-0085,GRT-2024-001,PRJ-2024-002,ACT-0044,LOC-KIL-004,FP-2025-02,STF-027,Irrigation Management,Technical,Extension Officers,2025-02-16,2025-02-20,5,40,36,17,19,13,0,5132000.0,TZS,142555.56,44.5,63.9,19.4,36,District Council Hall,
TRN-2025-0086,GRT-2024-003,PRJ-2024-005,ACT-0057,LOC-ARU-004,FP-2025-04,STF-027,Community Health Worker Basic Training,Leadership,Community Members,2025-04-02,2025-04-05,4,80,66,31,35,32,2,10583000.0,TZS,160348.48,42.0,67.7,25.7,66,School Hall,
TRN-2025-0087,GRT-2023-001,PRJ-2023-001,ACT-0005,LOC-KIL-001,FP-2025-07,STF-011,WASH Behaviour Change,Vocational,Health Facility Staff,2025-07-03,2025-07-06,4,50,42,17,25,18,0,7385000.0,TZS,175833.33,41.6,79.7,38.1,42,School Hall,Training delivered by internal staff
TRN-2025-0088,GRT-2024-003,PRJ-2024-005,ACT-0058,LOC-ARU-004,FP-2025-09,STF-016,Nutrition Counselling,Awareness,Health Facility Staff,2025-09-11,2025-09-15,5,100,98,50,48,48,0,21889000.0,TZS,223357.14,39.7,63.3,,0,Government Office Meeting Room,Training delivered by government partner
TRN-2025-0089,GRT-2023-003,PRJ-2023-006,ACT-0022,LOC-KIL-001,FP-2025-01,STF-013,Business Skills Development,Awareness,VSLA Members,2025-01-25,2025-01-28,4,20,16,6,10,7,1,1224000.0,TZS,76500.0,35.5,57.3,21.8,16,District Council Hall,Training delivered by internal staff
TRN-2025-0090,GRT-2024-001,PRJ-2024-002,ACT-0044,LOC-KIL-004,FP-2025-05,STF-026,Improved Farming Techniques,Vocational,Smallholder Farmers,2025-05-14,2025-05-15,2,20,19,8,11,9,1,1539000.0,TZS,81000.0,40.5,61.7,21.2,19,District Council Hall,Training delivered by external facilitator
TRN-2025-0091,GRT-2023-004,PRJ-2023-008,ACT-0033,LOC-MAN-002,FP-2025-04,STF-038,Conservation Agriculture,Vocational,Youth Farmers,2025-04-07,2025-04-09,3,20,17,6,11,5,0,2123000.0,TZS,124882.35,31.7,55.9,24.2,0,Government Office Meeting Room,Training delivered by external facilitator
TRN-2025-0092,GRT-2024-001,PRJ-2024-001,ACT-0038,LOC-MAN-001,FP-2025-01,STF-013,Post Harvest Handling,Leadership,Agro Dealers,2025-01-11,2025-01-11,1,20,19,10,9,10,1,482000.0,TZS,25368.42,44.1,68.2,24.1,0,District Council Hall,Training delivered by government partner
TRN-2025-0093,GRT-2023-005,PRJ-2023-010,ACT-0056,LOC-KIL-001,FP-2025-10,STF-030,Malaria Prevention and Treatment,Technical,Community Health Workers,2025-10-10,2025-10-10,1,25,22,11,11,7,1,578000.0,TZS,26272.73,41.6,72.6,31.0,0,District Council Hall,
TRN-2025-0094,GRT-2024-003,PRJ-2024-005,ACT-0059,LOC-ARU-004,FP-2025-10,STF-008,Community Health Worker Basic Training,Awareness,Village Health Workers,2025-10-03,2025-10-06,4,80,66,38,28,24,2,8378000.0,TZS,126939.39,36.7,53.6,16.9,66,Government Office Meeting Room,
TRN-2025-0095,GRT-2022-004,PRJ-2023-005,ACT-0018,LOC-KIL-001,FP-2025-08,STF-016,Inclusive Education,Leadership,Education Officers,2025-08-01,2025-08-04,4,100,84,32,52,50,2,6869000.0,TZS,81773.81,36.7,54.9,18.2,84,District Council Hall,
TRN-2025-0096,GRT-2024-004,PRJ-2024-006,ACT-0066,LOC-MAN-002,FP-2025-03,STF-019,Reforestation and Tree Nursery Management,Technical,Smallholder Farmers,2025-03-04,2025-03-08,5,100,90,50,40,48,0,19620000.0,TZS,218000.0,54.4,82.3,27.9,90,CDFT Training Centre,
TRN-2025-0097,GRT-2023-004,PRJ-2023-009,ACT-0036,LOC-MAN-003,FP-2025-06,STF-005,Climate Smart Agriculture Practices,Awareness,Extension Officers,2025-06-02,2025-06-02,1,60,62,39,23,37,3,1828000.0,TZS,29483.87,,59.3,27.7,62,CDFT Training Centre,Training delivered by external facilitator
TRN-2025-0098,GRT-2023-002,PRJ-2023-004,ACT-0016,LOC-ARU-002,FP-2025-05,STF-027,Early Childhood Development,Vocational,School Administrators,2025-05-25,2025-05-29,5,30,23,12,11,9,0,4928000.0,TZS,214260.87,30.2,49.6,19.4,0,Hotel Conference Room,Training delivered by external facilitator
TRN-2025-0099,GRT-2024-002,PRJ-2024-004,ACT-0053,LOC-MAN-004,FP-2025-05,STF-022,Child Safeguarding and Protection,Financial Management,Community Leaders,2025-05-12,2025-05-13,2,40,39,23,16,19,0,2711000.0,TZS,69512.82,52.1,80.3,28.2,39,Hotel Conference Room,Training delivered by government partner
TRN-2025-0100,GRT-2023-003,PRJ-2023-006,ACT-0025,LOC-KIL-001,FP-2025-01,STF-017,Leadership for Women,Technical,Female Entrepreneurs,2025-01-02,2025-01-06,5,60,45,20,25,18,1,4323000.0,TZS,96066.67,32.6,66.0,33.4,45,CDFT Training Centre,Training delivered by internal staff
TRN-2025-0101,GRT-2022-004,PRJ-2023-005,ACT-0018,LOC-KIL-001,FP-2025-03,STF-038,Inclusive Education,Awareness,School Administrators,2025-03-11,2025-03-12,2,80,76,27,49,25,2,2958000.0,TZS,38921.05,51.7,73.1,21.4,76,Government Office Meeting Room,Training delivered by external facilitator
TRN-2025-0102,GRT-2022-004,PRJ-2023-005,ACT-0018,LOC-KIL-001,FP-2025-02,STF-027,Early Childhood Development,Vocational,School Administrators,2025-02-02,2025-02-03,2,30,23,9,14,8,1,1402000.0,TZS,60956.52,42.1,76.8,34.7,0,Government Office Meeting Room,Training delivered by government partner
TRN-2025-0103,GRT-2023-003,PRJ-2023-006,ACT-0024,LOC-KIL-001,FP-2025-01,STF-019,Business Skills Development,Financial Management,Youth Women,2025-01-01,2025-01-03,3,80,76,43,33,25,1,5169000.0,TZS,68013.16,34.1,62.0,27.9,76,School Hall,
TRN-2025-0104,GRT-2022-003,PRJ-2023-003,ACT-0013,LOC-KIL-003,FP-2025-08,STF-040,HIV AIDS Awareness,Awareness,Community Health Workers,2025-08-10,2025-08-12,3,40,32,12,20,9,0,2893000.0,TZS,90406.25,39.6,77.4,37.8,0,Government Office Meeting Room,Training delivered by government partner
TRN-2025-0105,GRT-2023-002,PRJ-2023-012,ACT-0071,LOC-ARU-001,FP-2025-10,STF-038,Teacher Pedagogy Training,Leadership,Education Officers,2025-10-18,2025-10-21,4,30,28,13,15,9,0,3265000.0,TZS,116607.14,52.2,88.8,36.6,0,Government Office Meeting Room,Training delivered by external facilitator
TRN-2025-0106,GRT-2023-002,PRJ-2023-012,ACT-0071,LOC-ARU-001,FP-2025-03,STF-011,Inclusive Education,Vocational,Parent Teachers Association Members,2025-03-24,2025-03-28,5,25,26,17,9,15,0,5238000.0,TZS,201461.54,37.7,59.8,22.1,26,Community Centre,Training delivered by external facilitator
TRN-2025-0107,GRT-2023-004,PRJ-2023-008,ACT-0032,LOC-MAN-002,FP-2025-07,STF-039,Water Harvesting Techniques,Leadership,Extension Officers,2025-07-22,2025-07-25,4,100,104,67,37,57,0,16674000.0,TZS,160326.92,42.6,80.3,37.7,0,School Hall,
TRN-2025-0108,GRT-2023-002,PRJ-2023-012,ACT-0070,LOC-ARU-001,FP-2025-11,STF-025,Child Centred Learning Methods,Vocational,Teachers,2025-11-12,2025-11-14,3,100,88,50,38,49,3,5823000.0,TZS,66170.45,50.6,82.3,31.7,88,Community Centre,Training delivered by internal staff
TRN-2025-0109,GRT-2024-002,PRJ-2024-003,ACT-0046,LOC-ARU-003,FP-2025-07,STF-036,Psychosocial Support Basics,Technical,Community Leaders,2025-07-10,2025-07-11,2,50,51,16,35,16,0,2353000.0,TZS,46137.25,48.9,66.5,17.6,51,Hotel Conference Room,Training delivered by external facilitator
TRN-2025-0110,GRT-2024-001,PRJ-2024-001,ACT-0038,LOC-MAN-001,FP-2025-05,STF-039,Post Harvest Handling,Vocational,Smallholder Farmers,2025-05-22,2025-05-25,4,100,81,36,45,32,1,13929000.0,TZS,171962.96,52.4,85.5,33.1,0,District Council Hall,Training delivered by government partner
TRN-2025-0111,GRT-2023-001,PRJ-2023-001,ACT-0003,LOC-KIL-001,FP-2025-04,STF-007,Nutrition Counselling,Vocational,Village Health Workers,2025-04-15,2025-04-17,3,40,33,13,20,20,0,1898000.0,TZS,57515.15,41.7,71.8,30.1,33,Community Centre,Training delivered by internal staff
TRN-2025-0112,GRT-2024-002,PRJ-2024-003,ACT-0047,LOC-ARU-003,FP-2025-06,STF-035,Child Safeguarding and Protection,Financial Management,Social Welfare Officers,2025-06-01,2025-06-03,3,60,62,39,23,39,0,4593000.0,TZS,74080.65,52.9,85.1,32.2,0,Government Office Meeting Room,Training delivered by internal staff
TRN-2025-0113,GRT-2021-001,PRJ-2023-007,ACT-0029,LOC-ARU-001,FP-2025-11,STF-030,Leadership for Women,Technical,VSLA Members,2025-11-01,2025-11-04,4,100,89,34,55,35,1,15080000.0,TZS,169438.2,49.9,71.6,21.7,0,School Hall,
TRN-2025-0114,GRT-2024-001,PRJ-2024-001,ACT-0039,LOC-MAN-001,FP-2025-10,STF-007,Market Information Systems,Awareness,Cooperative Members,2025-10-03,2025-10-03,1,30,28,13,15,10,0,732000.0,TZS,26142.86,30.9,60.5,29.6,0,District Council Hall,
TRN-2025-0115,GRT-2023-002,PRJ-2023-012,ACT-0073,LOC-ARU-001,FP-2025-02,STF-031,Teacher Pedagogy Training,Financial Management,School Administrators,2025-02-16,2025-02-16,1,30,24,13,11,7,1,944000.0,TZS,39333.33,36.0,63.9,27.9,24,School Hall,Training delivered by external facilitator
TRN-2025-0116,GRT-2023-001,PRJ-2023-001,ACT-0005,LOC-KIL-001,FP-2025-02,STF-018,HIV AIDS Awareness,Technical,Health Facility Staff,2025-02-20,2025-02-20,1,60,46,20,26,24,2,1369000.0,TZS,29760.87,33.3,56.4,23.1,46,CDFT Training Centre,
TRN-2025-0117,GRT-2022-003,PRJ-2023-003,ACT-0014,LOC-KIL-003,FP-2025-09,STF-036,Nutrition Counselling,Vocational,Community Members,2025-09-01,2025-09-03,3,30,30,13,17,12,0,1850000.0,TZS,61666.67,49.1,,20.3,30,Community Centre,
TRN-2025-0118,GRT-2024-001,PRJ-2024-007,ACT-0076,LOC-ARU-002,FP-2025-04,STF-030,Cooperative Management,Leadership,Smallholder Farmers,2025-04-22,2025-04-22,1,50,50,33,17,20,0,2068000.0,TZS,41360.0,50.0,73.8,23.8,0,Community Centre,
TRN-2025-0119,GRT-2023-001,PRJ-2023-002,ACT-0008,LOC-KIL-002,FP-2025-03,STF-017,WASH Behaviour Change,Vocational,Village Health Workers,2025-03-11,2025-03-12,2,40,39,19,20,19,1,1407000.0,TZS,36076.92,54.4,74.4,20.0,39,School Hall,Training delivered by external facilitator
TRN-2025-0120,GRT-2023-002,PRJ-2023-012,ACT-0071,LOC-ARU-001,FP-2025-10,STF-012,Early Childhood Development,Awareness,Parent Teachers Association Members,2025-10-05,2025-10-07,3,40,30,10,20,13,1,2138000.0,TZS,71266.67,52.6,82.5,29.9,30,Community Centre,Training delivered by internal staff
TRN-2025-0121,GRT-2023-001,PRJ-2023-011,ACT-0061,LOC-MAN-001,FP-2025-10,STF-033,Nutrition Counselling,Vocational,Health Facility Staff,2025-10-20,2025-10-21,2,50,49,28,21,26,1,3313000.0,TZS,67612.24,47.0,74.7,,49,Government Office Meeting Room,Training delivered by external facilitator
TRN-2025-0122,GRT-2023-002,PRJ-2023-004,ACT-0016,LOC-ARU-002,FP-2025-01,STF-032,Early Childhood Development,Leadership,Teachers,2025-01-24,2025-01-26,3,80,73,28,45,26,0,6865000.0,TZS,94041.1,47.1,84.2,37.1,73,School Hall,Training delivered by external facilitator
TRN-2025-0123,GRT-2023-002,PRJ-2023-004,ACT-0016,LOC-ARU-002,FP-2025-02,STF-005,Teacher Pedagogy Training,Financial Management,School Administrators,2025-02-20,2025-02-22,3,25,22,10,12,7,1,1962000.0,TZS,89181.82,53.8,90.0,36.2,0,Community Centre,
TRN-2025-0124,GRT-2024-002,PRJ-2024-003,ACT-0047,LOC-ARU-003,FP-2025-08,STF-027,Community Based Child Protection,Leadership,Community Leaders,2025-08-13,2025-08-16,4,100,75,41,34,44,1,12621000.0,TZS,168280.0,52.2,80.4,28.2,0,Hotel Conference Room,Training delivered by internal staff
TRN-2025-0125,GRT-2024-004,PRJ-2024-006,ACT-0065,LOC-MAN-002,FP-2025-10,STF-010,Reforestation and Tree Nursery Management,Awareness,Smallholder Farmers,2025-10-25,2025-10-27,3,50,38,19,19,22,1,3539000.0,TZS,93131.58,,74.4,25.3,0,Hotel Conference Room,Training delivered by internal staff
TRN-2025-0126,GRT-2022-004,PRJ-2023-005,ACT-0019,LOC-KIL-001,FP-2025-05,STF-026,Early Childhood Development,Technical,School Administrators,2025-05-09,2025-05-10,2,40,38,18,20,12,1,1601000.0,TZS,42131.58,40.5,62.2,21.7,38,District Council Hall,Training delivered by government partner
TRN-2025-0127,GRT-2023-001,PRJ-2023-001,ACT-0003,LOC-KIL-001,FP-2025-06,STF-028,WASH Behaviour Change,Leadership,Community Members,2025-06-02,2025-06-03,2,50,49,21,28,14,2,3823000.0,TZS,78020.41,39.6,75.7,36.1,49,Hotel Conference Room,Training delivered by government partner
TRN-2025-0128,GRT-2023-001,PRJ-2023-011,ACT-0061,LOC-MAN-001,FP-2025-02,STF-035,Malaria Prevention and Treatment,Financial Management,Community Members,2025-02-04,2025-02-08,5,25,23,14,9,12,0,4503000.0,TZS,195782.61,39.0,75.5,,23,District Council Hall,Training delivered by government partner
TRN-2025-0129,GRT-2021-001,PRJ-2023-007,ACT-0026,LOC-ARU-001,FP-2025-07,STF-037,Financial Literacy and Savings,Technical,VSLA Members,2025-07-20,2025-07-22,3,30,28,9,19,16,1,3450000.0,TZS,123214.29,50.1,68.4,18.3,0,Government Office Meeting Room,
TRN-2025-0130,GRT-2023-005,PRJ-2023-010,ACT-0056,LOC-KIL-001,FP-2025-02,STF-019,Malaria Prevention and Treatment,Awareness,Village Health Workers,2025-02-03,2025-02-07,5,100,102,56,46,32,1,19120000.0,TZS,187450.98,46.8,81.8,35.0,102,Hotel Conference Room,Training delivered by internal staff
TRN-2025-0131,GRT-2023-001,PRJ-2023-001,ACT-0004,LOC-KIL-001,FP-2025-02,STF-014,Malaria Prevention and Treatment,Vocational,Community Members,2025-02-23,2025-02-26,4,30,24,15,9,7,1,2910000.0,TZS,121250.0,33.5,55.8,22.3,24,District Council Hall,Training delivered by external facilitator
TRN-2025-0132,GRT-2023-004,PRJ-2023-009,ACT-0036,LOC-MAN-003,FP-2025-05,STF-028,Climate Smart Agriculture Practices,Leadership,Smallholder Farmers,2025-05-16,2025-05-17,2,30,23,8,15,7,0,1888000.0,TZS,82086.96,30.1,61.1,31.0,23,Hotel Conference Room,Training delivered by external facilitator
TRN-2025-0133,GRT-2024-003,PRJ-2024-005,ACT-0059,LOC-ARU-004,FP-2025-11,STF-019,First Aid and Emergency Response,Leadership,Community Health Workers,2025-11-06,2025-11-10,5,60,53,30,23,17,1,11368000.0,TZS,214490.57,35.8,62.6,26.8,53,Hotel Conference Room,
TRN-2025-0134,GRT-2022-003,PRJ-2023-003,ACT-0012,LOC-KIL-003,FP-2025-02,STF-029,Community Health Worker Basic Training,Awareness,Community Members,2025-02-02,2025-02-02,1,20,19,12,7,8,1,528000.0,TZS,27789.47,39.9,,18.9,19,Hotel Conference Room,
TRN-2025-0135,GRT-2023-002,PRJ-2023-004,ACT-0017,LOC-ARU-002,FP-2025-01,STF-017,Early Childhood Development,Awareness,Parent Teachers Association Members,2025-01-26,2025-01-27,2,50,44,28,16,17,0,2285000.0,TZS,51931.82,38.1,68.0,29.9,44,District Council Hall,
TRN-2025-0136,GRT-2023-004,PRJ-2023-009,ACT-0035,LOC-MAN-003,FP-2025-05,STF-014,Reforestation and Tree Nursery Management,Technical,Youth Farmers,2025-05-08,2025-05-10,3,80,64,38,26,21,3,7252000.0,TZS,113312.5,33.1,52.1,19.0,64,Community Centre,
TRN-2025-0137,GRT-2023-002,PRJ-2023-004,ACT-0015,LOC-ARU-002,FP-2025-07,STF-022,Inclusive Education,Vocational,Teachers,2025-07-24,2025-07-25,2,50,43,15,28,22,0,2931000.0,TZS,68162.79,34.5,60.0,25.5,43,Government Office Meeting Room,Training delivered by internal staff
TRN-2025-0138,GRT-2023-003,PRJ-2023-006,ACT-0021,LOC-KIL-001,FP-2025-05,STF-036,Leadership for Women,Leadership,Female Entrepreneurs,2025-05-11,2025-05-13,3,30,23,8,15,12,0,2891000.0,TZS,125695.65,40.8,79.5,38.7,0,Community Centre,Training delivered by internal staff
TRN-2025-0139,GRT-2023-004,PRJ-2023-008,ACT-0031,LOC-MAN-002,FP-2025-07,STF-024,Climate Smart Agriculture Practices,Awareness,Smallholder Farmers,2025-07-04,2025-07-06,3,80,61,39,22,21,3,6697000.0,TZS,109786.89,39.4,63.9,24.5,61,District Council Hall,
TRN-2025-0140,GRT-2024-003,PRJ-2024-005,ACT-0058,LOC-ARU-004,FP-2025-09,STF-025,Community Health Worker Basic Training,Financial Management,Community Members,2025-09-07,2025-09-11,5,80,64,20,44,20,2,13688000.0,TZS,213875.0,33.6,71.3,37.7,0,CDFT Training Centre,Training delivered by external facilitator
TRN-2025-0141,GRT-2023-001,PRJ-2023-001,ACT-0004,LOC-KIL-001,FP-2025-06,STF-031,WASH Behaviour Change,Financial Management,Community Health Workers,2025-06-14,2025-06-16,3,50,46,25,21,24,0,3216000.0,TZS,69913.04,,90.9,38.0,0,Community Centre,Training delivered by internal staff
TRN-2025-0142,GRT-2022-003,PRJ-2023-003,ACT-0012,LOC-KIL-003,FP-2025-01,STF-037,Nutrition Counselling,Technical,Community Members,2025-01-19,2025-01-19,1,60,56,25,31,25,1,2196000.0,TZS,39214.29,33.4,62.6,29.2,56,District Council Hall,Training delivered by government partner
TRN-2025-0143,GRT-2024-001,PRJ-2024-001,ACT-0040,LOC-MAN-001,FP-2025-03,STF-032,Market Information Systems,Vocational,Extension Officers,2025-03-02,2025-03-04,3,25,18,12,6,11,0,1087000.0,TZS,60388.89,34.5,50.1,15.6,18,Government Office Meeting Room,Training delivered by external facilitator
TRN-2025-0144,GRT-2023-004,PRJ-2023-009,ACT-0037,LOC-MAN-003,FP-2025-05,STF-007,Reforestation and Tree Nursery Management,Technical,Community Leaders,2025-05-19,2025-05-23,5,80,64,23,41,39,2,12973000.0,TZS,202703.12,45.1,61.8,16.7,64,Government Office Meeting Room,Training delivered by internal staff
TRN-2025-0145,GRT-2023-001,PRJ-2023-002,ACT-0006,LOC-KIL-002,FP-2025-05,STF-016,HIV AIDS Awareness,Technical,Community Members,2025-05-21,2025-05-21,1,50,44,22,22,16,0,1494000.0,TZS,33954.55,38.9,55.3,16.4,0,Hotel Conference Room,
TRN-2025-0146,GRT-2024-003,PRJ-2024-005,ACT-0060,LOC-ARU-004,FP-2025-04,STF-018,WASH Behaviour Change,Financial Management,Community Health Workers,2025-04-08,2025-04-10,3,20,16,6,10,8,0,1139000.0,TZS,71187.5,43.1,60.4,17.3,0,Hotel Conference Room,Training delivered by external facilitator
TRN-2025-0147,GRT-2024-002,PRJ-2024-004,ACT-0049,LOC-MAN-004,FP-2025-03,STF-039,Psychosocial Support Basics,Awareness,Community Child Protection Committee Members,2025-03-19,2025-03-20,2,40,38,14,24,18,1,2143000.0,TZS,56394.74,50.0,79.5,29.5,0,Government Office Meeting Room,Training delivered by government partner
TRN-2025-0148,GRT-2023-001,PRJ-2023-001,ACT-0001,LOC-KIL-001,FP-2025-11,STF-016,Community Health Worker Basic Training,Financial Management,Village Health Workers,2025-11-23,2025-11-24,2,80,76,26,50,32,3,4575000.0,TZS,60197.37,45.6,73.0,27.4,76,Government Office Meeting Room,Training delivered by external facilitator
TRN-2025-0149,GRT-2023-001,PRJ-2023-001,ACT-0003,LOC-KIL-001,FP-2025-07,STF-032,HIV AIDS Awareness,Awareness,Community Health Workers,2025-07-04,2025-07-07,4,100,103,64,39,42,4,15415000.0,TZS,149660.19,51.9,74.7,22.8,0,District Council Hall,Training delivered by internal staff
TRN-2025-0150,GRT-2024-002,PRJ-2024-004,ACT-0049,LOC-MAN-004,FP-2025-05,STF-027,Case Management Procedures,Awareness,Social Welfare Officers,2025-05-23,2025-05-27,5,30,26,10,16,16,0,4232000.0,TZS,162769.23,,77.5,36.5,0,CDFT Training Centre,Training delivered by internal staff
TRN-2025-0151,GRT-2024-001,PRJ-2024-007,ACT-0076,LOC-ARU-002,FP-2025-09,STF-008,Irrigation Management,Vocational,Smallholder Farmers,2025-09-09,2025-09-10,2,40,39,18,21,21,1,1715000.0,TZS,43974.36,42.0,65.1,23.1,39,CDFT Training Centre,Training delivered by government partner
TRN-2025-0152,GRT-2023-002,PRJ-2023-004,ACT-0015,LOC-ARU-002,FP-2025-06,STF-021,School Management Training,Leadership,Education Officers,2025-06-03,2025-06-07,5,30,28,12,16,10,0,3469000.0,TZS,123892.86,34.5,73.4,38.9,28,CDFT Training Centre,Training delivered by government partner
TRN-2025-0153,GRT-2024-002,PRJ-2024-004,ACT-0051,LOC-MAN-004,FP-2025-07,STF-018,Case Management Procedures,Awareness,Community Child Protection Committee Members,2025-07-08,2025-07-12,5,25,21,12,9,10,0,4000000.0,TZS,190476.19,41.2,57.2,16.0,0,Hotel Conference Room,Training delivered by external facilitator
TRN-2025-0154,GRT-2023-002,PRJ-2023-004,ACT-0015,LOC-ARU-002,FP-2025-04,STF-011,Child Centred Learning Methods,Financial Management,Parent Teachers Association Members,2025-04-20,2025-04-21,2,25,24,8,16,9,0,1812000.0,TZS,75500.0,50.3,87.5,37.2,24,Community Centre,
TRN-2025-0155,GRT-2024-002,PRJ-2024-004,ACT-0053,LOC-MAN-004,FP-2025-04,STF-009,Psychosocial Support Basics,Awareness,Community Child Protection Committee Members,2025-04-14,2025-04-14,1,30,24,9,15,13,0,774000.0,TZS,32250.0,41.9,81.3,39.4,0,District Council Hall,
TRN-2025-0156,GRT-2024-003,PRJ-2024-005,ACT-0060,LOC-ARU-004,FP-2025-04,STF-026,Nutrition Counselling,Vocational,Health Facility Staff,2025-04-01,2025-04-03,3,20,18,12,6,6,1,2070000.0,TZS,115000.0,37.1,59.0,21.9,18,District Council Hall,Training delivered by internal staff
TRN-2025-0157,GRT-2023-003,PRJ-2023-006,ACT-0023,LOC-KIL-001,FP-2025-01,STF-037,Business Skills Development,Vocational,VSLA Members,2025-01-01,2025-01-02,2,30,26,16,10,10,0,2172000.0,TZS,83538.46,34.7,64.8,30.1,0,Community Centre,Training delivered by internal staff
TRN-2025-0158,GRT-2023-001,PRJ-2023-001,ACT-0003,LOC-KIL-001,FP-2025-11,STF-022,WASH Behaviour Change,Vocational,Community Health Workers,2025-11-18,2025-11-19,2,20,18,11,7,11,1,936000.0,TZS,52000.0,41.4,69.3,27.9,18,Government Office Meeting Room,
TRN-2025-0159,GRT-2023-005,PRJ-2023-010,ACT-0054,LOC-KIL-001,FP-2025-11,STF-029,Malaria Prevention and Treatment,Financial Management,Community Members,2025-11-14,2025-11-18,5,80,61,24,37,24,0,8449000.0,TZS,138508.2,35.8,69.3,33.5,61,School Hall,Training delivered by internal staff
TRN-2025-0160,GRT-2023-003,PRJ-2023-013,ACT-0080,LOC-ARU-001,FP-2025-02,STF-027,HIV AIDS Awareness,Awareness,Health Facility Staff,2025-02-07,2025-02-11,5,80,65,42,23,34,3,13670000.0,TZS,210307.69,54.7,76.9,22.2,0,Government Office Meeting Room,
TRN-2025-0161,GRT-2024-001,PRJ-2024-002,ACT-0043,LOC-KIL-004,FP-2025-03,STF-022,Market Information Systems,Leadership,Smallholder Farmers,2025-03-04,2025-03-05,2,50,51,21,30,16,0,4041000.0,TZS,79235.29,,77.2,39.7,51,Government Office Meeting Room,
TRN-2025-0162,GRT-2023-001,PRJ-2023-001,ACT-0005,LOC-KIL-001,FP-2025-10,STF-025,Malaria Prevention and Treatment,Technical,Health Facility Staff,2025-10-10,2025-10-11,2,20,18,8,10,10,1,981000.0,TZS,54500.0,41.1,68.3,,18,District Council Hall,Training delivered by internal staff
TRN-2025-0163,GRT-2023-003,PRJ-2023-006,ACT-0021,LOC-KIL-001,FP-2025-02,STF-008,Gender and Rights Awareness,Leadership,VSLA Members,2025-02-06,2025-02-08,3,60,58,26,32,26,2,5694000.0,TZS,98172.41,,74.0,35.4,0,Community Centre,Training delivered by internal staff
TRN-2025-0164,GRT-2023-004,PRJ-2023-009,ACT-0037,LOC-MAN-003,FP-2025-07,STF-035,Disaster Risk Reduction,Leadership,Smallholder Farmers,2025-07-11,2025-07-12,2,60,53,34,19,30,2,3329000.0,TZS,62811.32,47.4,66.7,19.3,53,Hotel Conference Room,Training delivered by government partner
TRN-2025-0165,GRT-2022-003,PRJ-2023-003,ACT-0013,LOC-KIL-003,FP-2025-06,STF-024,First Aid and Emergency Response,Vocational,Village Health Workers,2025-06-07,2025-06-09,3,60,56,31,25,29,1,6683000.0,TZS,119339.29,45.0,62.9,17.9,56,Community Centre,
TRN-2025-0166,GRT-2023-003,PRJ-2023-006,ACT-0021,LOC-KIL-001,FP-2025-11,STF-019,Gender and Rights Awareness,Leadership,Youth Women,2025-11-03,2025-11-06,4,100,75,28,47,34,2,5568000.0,TZS,74240.0,40.7,71.2,30.5,0,Government Office Meeting Room,
TRN-2025-0167,GRT-2023-003,PRJ-2023-006,ACT-0021,LOC-KIL-001,FP-2025-03,STF-035,Leadership for Women,Vocational,VSLA Members,2025-03-21,2025-03-25,5,30,29,12,17,11,0,3993000.0,TZS,137689.66,49.7,72.5,22.8,0,Government Office Meeting Room,Training delivered by external facilitator
TRN-2025-0168,GRT-2024-003,PRJ-2024-005,ACT-0060,LOC-ARU-004,FP-2025-06,STF-024,HIV AIDS Awareness,Awareness,Health Facility Staff,2025-06-08,2025-06-12,5,25,20,13,7,12,0,3127000.0,TZS,156350.0,51.1,75.8,24.7,20,Hotel Conference Room,
TRN-2025-0169,GRT-2024-004,PRJ-2024-006,ACT-0068,LOC-MAN-002,FP-2025-08,STF-016,Disaster Risk Reduction,Awareness,Smallholder Farmers,2025-08-24,2025-08-27,4,30,25,16,9,15,0,2726000.0,TZS,109040.0,38.3,67.9,29.6,25,District Council Hall,Training delivered by internal staff
TRN-2025-0170,GRT-2024-001,PRJ-2024-002,ACT-0045,LOC-KIL-004,FP-2025-08,STF-012,Market Information Systems,Financial Management,Cooperative Members,2025-08-11,2025-08-14,4,40,41,17,24,21,1,6653000.0,TZS,162268.29,48.9,69.8,20.9,41,Hotel Conference Room,Training delivered by external facilitator
TRN-2025-0171,GRT-2024-001,PRJ-2024-002,ACT-0045,LOC-KIL-004,FP-2025-09,STF-006,Post Harvest Handling,Vocational,Agro Dealers,2025-09-22,2025-09-23,2,40,34,19,15,10,1,2084000.0,TZS,61294.12,30.1,62.9,32.8,34,CDFT Training Centre,
TRN-2025-0172,GRT-2023-003,PRJ-2023-013,ACT-0080,LOC-ARU-001,FP-2025-11,STF-009,First Aid and Emergency Response,Vocational,Health Facility Staff,2025-11-23,2025-11-23,1,40,37,14,23,18,1,1246000.0,TZS,33675.68,36.2,52.3,16.1,37,District Council Hall,
TRN-2025-0173,GRT-2024-002,PRJ-2024-004,ACT-0053,LOC-MAN-004,FP-2025-10,STF-017,Reporting and Referral Pathways,Financial Management,Social Welfare Officers,2025-10-09,2025-10-11,3,100,89,43,46,30,0,10655000.0,TZS,119719.1,40.0,59.7,19.7,0,CDFT Training Centre,Training delivered by internal staff
TRN-2025-0174,GRT-2023-003,PRJ-2023-006,ACT-0021,LOC-KIL-001,FP-2025-10,STF-016,Leadership for Women,Technical,Female Entrepreneurs,2025-10-02,2025-10-02,1,60,50,21,29,30,1,2247000.0,TZS,44940.0,35.1,71.2,36.1,0,District Council Hall,Training delivered by government partner
TRN-2025-0175,GRT-2021-001,PRJ-2023-007,ACT-0030,LOC-ARU-001,FP-2025-04,STF-011,Financial Literacy and Savings,Awareness,Women Group Members,2025-04-07,2025-04-09,3,100,88,43,45,32,2,11084000.0,TZS,125954.55,39.7,72.9,33.2,88,CDFT Training Centre,Training delivered by internal staff
TRN-2025-0176,GRT-2023-001,PRJ-2023-011,ACT-0061,LOC-MAN-001,FP-2025-06,STF-015,First Aid and Emergency Response,Leadership,Community Health Workers,2025-06-02,2025-06-04,3,50,45,25,20,13,0,5574000.0,TZS,123866.67,47.8,63.7,15.9,45,Community Centre,
TRN-2025-0177,GRT-2024-003,PRJ-2024-005,ACT-0059,LOC-ARU-004,FP-2025-05,STF-012,Nutrition Counselling,Technical,Health Facility Staff,2025-05-15,2025-05-15,1,25,20,11,9,9,1,554000.0,TZS,27700.0,47.1,,36.8,20,School Hall,Training delivered by external facilitator
TRN-2025-0178,GRT-2024-001,PRJ-2024-001,ACT-0041,LOC-MAN-001,FP-2025-08,STF-018,Cooperative Management,Vocational,Agro Dealers,2025-08-18,2025-08-20,3,100,84,33,51,45,2,5290000.0,TZS,62976.19,32.3,70.0,37.7,84,CDFT Training Centre,
TRN-2025-0179,GRT-2023-001,PRJ-2023-002,ACT-0006,LOC-KIL-002,FP-2025-02,STF-011,HIV AIDS Awareness,Vocational,Village Health Workers,2025-02-15,2025-02-15,1,50,52,26,26,16,0,966000.0,TZS,18576.92,52.9,86.6,33.7,52,District Council Hall,Training delivered by internal staff
TRN-2025-0180,GRT-2023-002,PRJ-2023-012,ACT-0071,LOC-ARU-001,FP-2025-02,STF-023,Child Centred Learning Methods,Technical,Parent Teachers Association Members,2025-02-22,2025-02-24,3,50,43,21,22,18,0,2764000.0,TZS,64279.07,48.5,70.9,22.4,43,School Hall,
TRN-2025-0181,GRT-2023-005,PRJ-2023-010,ACT-0054,LOC-KIL-001,FP-2025-01,STF-036,WASH Behaviour Change,Awareness,Health Facility Staff,2025-01-01,2025-01-03,3,25,21,9,12,7,0,2011000.0,TZS,95761.9,,86.3,37.3,21,Hotel Conference Room,Training delivered by internal staff
TRN-2025-0182,GRT-2023-002,PRJ-2023-004,ACT-0015,LOC-ARU-002,FP-2025-01,STF-033,Teacher Pedagogy Training,Awareness,Parent Teachers Association Members,2025-01-07,2025-01-10,4,50,46,28,18,16,0,5081000.0,TZS,110456.52,51.7,82.5,30.8,0,School Hall,Training delivered by external facilitator
TRN-2025-0183,GRT-2024-001,PRJ-2024-001,ACT-0041,LOC-MAN-001,FP-2025-11,STF-030,Post Harvest Handling,Vocational,Cooperative Members,2025-11-16,2025-11-19,4,60,46,30,16,26,1,4981000.0,TZS,108282.61,34.3,70.8,36.5,46,Community Centre,Training delivered by internal staff
TRN-2025-0184,GRT-2023-002,PRJ-2023-004,ACT-0017,LOC-ARU-002,FP-2025-08,STF-029,Inclusive Education,Vocational,School Administrators,2025-08-21,2025-08-22,2,100,83,43,40,40,2,5246000.0,TZS,63204.82,33.1,68.8,35.7,83,Government Office Meeting Room,
TRN-2025-0185,GRT-2024-004,PRJ-2024-006,ACT-0068,LOC-MAN-002,FP-2025-09,STF-032,Conservation Agriculture,Vocational,Extension Officers,2025-09-21,2025-09-25,5,30,26,13,13,15,0,2789000.0,TZS,107269.23,39.4,66.4,27.0,26,Government Office Meeting Room,
TRN-2025-0186,GRT-2023-004,PRJ-2023-009,ACT-0035,LOC-MAN-003,FP-2025-10,STF-035,Conservation Agriculture,Financial Management,Community Leaders,2025-10-15,2025-10-15,1,25,22,12,10,7,0,730000.0,TZS,33181.82,39.8,60.9,21.1,22,Community Centre,Training delivered by external facilitator
TRN-2025-0187,GRT-2023-002,PRJ-2023-004,ACT-0016,LOC-ARU-002,FP-2025-07,STF-023,Teacher Pedagogy Training,Leadership,Education Officers,2025-07-23,2025-07-26,4,25,22,9,13,10,0,2094000.0,TZS,95181.82,41.4,70.5,29.1,0,District Council Hall,Training delivered by government partner
TRN-2025-0188,GRT-2023-004,PRJ-2023-009,ACT-0037,LOC-MAN-003,FP-2025-01,STF-027,Disaster Risk Reduction,Technical,Smallholder Farmers,2025-01-14,2025-01-17,4,50,39,21,18,18,0,4569000.0,TZS,117153.85,52.0,75.2,23.2,0,Hotel Conference Room,
TRN-2025-0189,GRT-2023-003,PRJ-2023-013,ACT-0078,LOC-ARU-001,FP-2025-03,STF-028,First Aid and Emergency Response,Technical,Health Facility Staff,2025-03-25,2025-03-29,5,40,33,17,16,14,1,3044000.0,TZS,92242.42,33.2,68.4,35.2,33,Government Office Meeting Room,Training delivered by external facilitator
TRN-2025-0190,GRT-2023-001,PRJ-2023-002,ACT-0009,LOC-KIL-002,FP-2025-06,STF-024,First Aid and Emergency Response,Technical,Health Facility Staff,2025-06-10,2025-06-10,1,60,55,32,23,32,2,1209000.0,TZS,21981.82,50.8,70.3,19.5,55,Hotel Conference Room,
TRN-2025-0191,GRT-2024-002,PRJ-2024-003,ACT-0047,LOC-ARU-003,FP-2025-11,STF-038,Psychosocial Support Basics,Financial Management,Social Welfare Officers,2025-11-22,2025-11-26,5,80,79,37,42,29,0,16732000.0,TZS,211797.47,52.8,88.2,35.4,0,Community Centre,
TRN-2025-0192,GRT-2021-001,PRJ-2023-007,ACT-0029,LOC-ARU-001,FP-2025-02,STF-014,Market Linkage Training,Financial Management,Women Group Members,2025-02-04,2025-02-04,1,20,18,11,7,7,0,415000.0,TZS,23055.56,34.3,52.7,18.4,18,Community Centre,Training delivered by external facilitator
TRN-2025-0193,GRT-2021-001,PRJ-2023-007,ACT-0027,LOC-ARU-001,FP-2025-07,STF-017,Financial Literacy and Savings,Vocational,Women Group Members,2025-07-01,2025-07-04,4,80,67,25,42,33,2,9649000.0,TZS,144014.93,49.9,67.3,17.4,67,Government Office Meeting Room,
TRN-2025-0194,GRT-2021-001,PRJ-2023-007,ACT-0027,LOC-ARU-001,FP-2025-05,STF-034,Financial Literacy and Savings,Technical,VSLA Members,2025-05-20,2025-05-20,1,20,17,8,9,6,1,655000.0,TZS,38529.41,37.0,53.2,16.2,17,School Hall,Training delivered by internal staff
TRN-2025-0195,GRT-2022-004,PRJ-2023-005,ACT-0020,LOC-KIL-001,FP-2025-02,STF-021,Inclusive Education,Vocational,Teachers,2025-02-19,2025-02-20,2,80,81,41,40,27,0,4299000.0,TZS,53074.07,41.3,80.2,38.9,81,CDFT Training Centre,Training delivered by external facilitator
TRN-2025-0196,GRT-2023-001,PRJ-2023-001,ACT-0004,LOC-KIL-001,FP-2025-02,STF-016,First Aid and Emergency Response,Financial Management,Community Health Workers,2025-02-08,2025-02-09,2,80,64,38,26,30,3,2920000.0,TZS,45625.0,31.0,48.4,17.4,64,Hotel Conference Room,Training delivered by internal staff
TRN-2025-0197,GRT-2023-004,PRJ-2023-008,ACT-0032,LOC-MAN-002,FP-2025-11,STF-029,Water Harvesting Techniques,Awareness,Youth Farmers,2025-11-09,2025-11-09,1,100,87,49,38,28,3,2300000.0,TZS,26436.78,42.9,73.0,30.1,0,Hotel Conference Room,Training delivered by external facilitator
TRN-2025-0198,GRT-2024-003,PRJ-2024-005,ACT-0058,LOC-ARU-004,FP-2025-09,STF-012,Nutrition Counselling,Awareness,Health Facility Staff,2025-09-09,2025-09-09,1,30,24,16,8,7,1,575000.0,TZS,23958.33,51.8,90.0,38.2,24,Government Office Meeting Room,Training delivered by external facilitator
TRN-2025-0199,GRT-2023-004,PRJ-2023-009,ACT-0035,LOC-MAN-003,FP-2025-06,STF-040,Disaster Risk Reduction,Leadership,Youth Farmers,2025-06-02,2025-06-04,3,30,23,12,11,12,1,1817000.0,TZS,79000.0,47.8,85.1,37.3,23,Government Office Meeting Room,Training delivered by internal staff
TRN-2025-0200,GRT-2024-001,PRJ-2024-007,ACT-0075,LOC-ARU-002,FP-2025-05,STF-011,Cooperative Management,Vocational,Cooperative Members,2025-05-02,2025-05-02,1,50,47,28,19,19,1,1882000.0,TZS,40042.55,51.1,75.6,24.5,47,Community Centre,Training delivered by external facilitator
TRN-2025-0201,GRT-2024-002,PRJ-2024-003,ACT-0048,LOC-ARU-003,FP-2025-04,STF-040,Child Safeguarding and Protection,Vocational,Community Leaders,2025-04-22,2025-04-24,3,100,84,37,47,33,0,7907000.0,TZS,94130.95,49.9,66.6,16.7,0,School Hall,Training delivered by external facilitator
TRN-2025-0202,GRT-2023-003,PRJ-2023-006,ACT-0025,LOC-KIL-001,FP-2025-10,STF-005,Market Linkage Training,Vocational,Youth Women,2025-10-13,2025-10-14,2,30,29,12,17,13,1,1057000.0,TZS,36448.28,46.1,84.6,38.5,0,Community Centre,Training delivered by external facilitator
TRN-2025-0203,GRT-2023-003,PRJ-2023-006,ACT-0025,LOC-KIL-001,FP-2025-06,STF-009,Gender and Rights Awareness,Financial Management,VSLA Members,2025-06-11,2025-06-12,2,40,40,22,18,14,2,2483000.0,TZS,62075.0,46.7,68.1,21.4,0,CDFT Training Centre,Training delivered by external facilitator
TRN-2025-0204,GRT-2023-001,PRJ-2023-001,ACT-0003,LOC-KIL-001,FP-2025-08,STF-020,WASH Behaviour Change,Technical,Community Members,2025-08-21,2025-08-23,3,50,42,26,16,15,2,5545000.0,TZS,132023.81,31.7,49.3,17.6,42,CDFT Training Centre,
TRN-2025-0205,GRT-2022-003,PRJ-2023-003,ACT-0013,LOC-KIL-003,FP-2025-05,STF-036,WASH Behaviour Change,Vocational,Village Health Workers,2025-05-16,2025-05-18,3,100,75,42,33,36,0,7707000.0,TZS,102760.0,44.9,81.9,37.0,0,CDFT Training Centre,Training delivered by government partner
TRN-2025-0206,GRT-2024-001,PRJ-2024-002,ACT-0044,LOC-KIL-004,FP-2025-10,STF-030,Irrigation Management,Technical,Smallholder Farmers,2025-10-02,2025-10-03,2,40,36,24,12,15,1,3124000.0,TZS,86777.78,43.3,64.6,21.3,36,Community Centre,Training delivered by internal staff
TRN-2025-0207,GRT-2022-004,PRJ-2023-005,ACT-0018,LOC-KIL-001,FP-2025-09,STF-009,Child Centred Learning Methods,Financial Management,Parent Teachers Association Members,2025-09-10,2025-09-11,2,30,22,11,11,6,1,1044000.0,TZS,47454.55,35.6,59.3,23.7,22,District Council Hall,Training delivered by government partner
TRN-2025-0208,GRT-2022-004,PRJ-2023-005,ACT-0018,LOC-KIL-001,FP-2025-06,STF-031,School Management Training,Financial Management,Education Officers,2025-06-08,2025-06-09,2,40,30,19,11,17,1,1182000.0,TZS,39400.0,42.9,67.2,24.3,30,CDFT Training Centre,
TRN-2025-0209,GRT-2023-003,PRJ-2023-006,ACT-0025,LOC-KIL-001,FP-2025-05,STF-033,Market Linkage Training,Leadership,Female Entrepreneurs,2025-05-17,2025-05-18,2,20,16,7,9,5,0,710000.0,TZS,44375.0,30.9,48.3,17.4,16,District Council Hall,Training delivered by external facilitator
TRN-2025-0210,GRT-2023-002,PRJ-2023-012,ACT-0069,LOC-ARU-001,FP-2025-11,STF-019,Inclusive Education,Leadership,Teachers,2025-11-17,2025-11-20,4,30,24,8,16,12,0,4251000.0,TZS,177125.0,39.5,66.2,26.7,0,School Hall,Training delivered by external facilitator
TRN-2025-0211,GRT-2023-002,PRJ-2023-004,ACT-0016,LOC-ARU-002,FP-2025-09,STF-021,Teacher Pedagogy Training,Leadership,School Administrators,2025-09-05,2025-09-09,5,100,80,46,34,48,1,15759000.0,TZS,196987.5,32.2,53.7,21.5,80,CDFT Training Centre,Training delivered by external facilitator
TRN-2025-0212,GRT-2024-002,PRJ-2024-003,ACT-0048,LOC-ARU-003,FP-2025-08,STF-016,Case Management Procedures,Awareness,Religious Leaders,2025-08-18,2025-08-22,5,60,47,26,21,25,0,7070000.0,TZS,150425.53,39.9,65.4,25.5,47,Community Centre,Training delivered by external facilitator
TRN-2025-0213,GRT-2023-002,PRJ-2023-012,ACT-0073,LOC-ARU-001,FP-2025-07,STF-028,Early Childhood Development,Financial Management,Education Officers,2025-07-09,2025-07-10,2,25,21,9,12,13,0,945000.0,TZS,45000.0,37.4,67.3,29.9,0,School Hall,
TRN-2025-0214,GRT-2023-001,PRJ-2023-011,ACT-0063,LOC-MAN-001,FP-2025-03,STF-036,Nutrition Counselling,Leadership,Community Members,2025-03-25,2025-03-27,3,100,104,64,40,46,1,5816000.0,TZS,55923.08,47.5,86.9,39.4,0,District Council Hall,Training delivered by government partner
TRN-2025-0215,GRT-2023-004,PRJ-2023-009,ACT-0037,LOC-MAN-003,FP-2025-10,STF-025,Water Harvesting Techniques,Financial Management,Extension Officers,2025-10-17,2025-10-17,1,40,33,15,18,9,0,626000.0,TZS,18969.7,48.4,65.3,16.9,33,District Council Hall,
TRN-2025-0216,GRT-2024-001,PRJ-2024-002,ACT-0042,LOC-KIL-004,FP-2025-10,STF-010,Market Information Systems,Vocational,Extension Officers,2025-10-10,2025-10-10,1,20,20,11,9,11,1,378000.0,TZS,18900.0,46.3,85.7,39.4,0,Hotel Conference Room,Training delivered by external facilitator
TRN-2025-0217,GRT-2023-005,PRJ-2023-010,ACT-0055,LOC-KIL-001,FP-2025-05,STF-020,Nutrition Counselling,Awareness,Community Members,2025-05-15,2025-05-18,4,50,52,28,24,24,0,7607000.0,TZS,146288.46,41.1,80.0,38.9,52,Hotel Conference Room,Training delivered by external facilitator
TRN-2025-0218,GRT-2023-001,PRJ-2023-011,ACT-0061,LOC-MAN-001,FP-2025-10,STF-008,WASH Behaviour Change,Financial Management,Health Facility Staff,2025-10-14,2025-10-14,1,100,92,46,46,34,4,2272000.0,TZS,24695.65,40.3,73.8,33.5,92,Hotel Conference Room,
TRN-2025-0219,GRT-2023-002,PRJ-2023-004,ACT-0017,LOC-ARU-002,FP-2025-03,STF-031,School Management Training,Technical,Parent Teachers Association Members,2025-03-01,2025-03-05,5,25,21,14,7,10,0,3380000.0,TZS,160952.38,43.6,71.2,27.6,21,School Hall,
TRN-2025-0220,GRT-2023-003,PRJ-2023-006,ACT-0023,LOC-KIL-001,FP-2025-07,STF-031,Market Linkage Training,Financial Management,Youth Women,2025-07-22,2025-07-25,4,50,40,26,14,21,0,3232000.0,TZS,80800.0,36.1,59.9,23.8,40,School Hall,Training delivered by internal staff
TRN-2025-0221,GRT-2024-003,PRJ-2024-005,ACT-0058,LOC-ARU-004,FP-2025-10,STF-026,Nutrition Counselling,Leadership,Community Members,2025-10-16,2025-10-19,4,40,30,16,14,17,0,4894000.0,TZS,163133.33,53.8,73.6,19.8,30,Government Office Meeting Room,Training delivered by internal staff
TRN-2025-0222,GRT-2022-003,PRJ-2023-003,ACT-0013,LOC-KIL-003,FP-2025-08,STF-013,Community Health Worker Basic Training,Vocational,Health Facility Staff,2025-08-09,2025-08-11,3,80,62,36,26,36,1,5917000.0,TZS,95435.48,48.9,76.6,27.7,0,Hotel Conference Room,Training delivered by internal staff
TRN-2025-0223,GRT-2023-002,PRJ-2023-004,ACT-0015,LOC-ARU-002,FP-2025-07,STF-029,Child Centred Learning Methods,Awareness,School Administrators,2025-07-02,2025-07-02,1,50,46,28,18,13,1,1373000.0,TZS,29847.83,30.1,52.3,22.2,46,Community Centre,Training delivered by external facilitator
TRN-2025-0224,GRT-2023-003,PRJ-2023-006,ACT-0025,LOC-KIL-001,FP-2025-05,STF-031,Business Skills Development,Leadership,Women Group Members,2025-05-16,2025-05-16,1,30,23,9,14,11,1,952000.0,TZS,41391.3,53.8,85.6,31.8,23,Community Centre,
TRN-2025-0225,GRT-2023-005,PRJ-2023-010,ACT-0054,LOC-KIL-001,FP-2025-07,STF-013,WASH Behaviour Change,Technical,Community Members,2025-07-22,2025-07-23,2,80,68,22,46,39,2,5293000.0,TZS,77838.24,30.8,63.1,32.3,68,Government Office Meeting Room,
TRN-2025-0226,GRT-2022-004,PRJ-2023-005,ACT-0019,LOC-KIL-001,FP-2025-08,STF-008,School Management Training,Vocational,School Administrators,2025-08-02,2025-08-02,1,20,16,9,7,5,0,404000.0,TZS,25250.0,43.2,65.7,22.5,16,School Hall,Training delivered by government partner
TRN-2025-0227,GRT-2023-001,PRJ-2023-001,ACT-0003,LOC-KIL-001,FP-2025-08,STF-010,First Aid and Emergency Response,Technical,Community Health Workers,2025-08-05,2025-08-06,2,80,70,36,34,25,1,3333000.0,TZS,47614.29,34.4,62.7,28.3,70,CDFT Training Centre,Training delivered by government partner
TRN-2025-0228,GRT-2024-001,PRJ-2024-002,ACT-0044,LOC-KIL-004,FP-2025-11,STF-017,Irrigation Management,Financial Management,Extension Officers,2025-11-20,2025-11-24,5,20,20,10,10,7,0,2491000.0,TZS,124550.0,30.3,66.8,36.5,20,CDFT Training Centre,Training delivered by external facilitator
TRN-2025-0229,GRT-2023-004,PRJ-2023-008,ACT-0031,LOC-MAN-002,FP-2025-08,STF-040,Disaster Risk Reduction,Awareness,Smallholder Farmers,2025-08-16,2025-08-17,2,20,17,7,10,10,1,1375000.0,TZS,80882.35,30.4,69.5,39.1,17,Government Office Meeting Room,Training delivered by external facilitator
TRN-2025-0230,GRT-2024-001,PRJ-2024-002,ACT-0042,LOC-KIL-004,FP-2025-05,STF-016,Market Information Systems,Leadership,Smallholder Farmers,2025-05-06,2025-05-10,5,20,16,7,9,7,1,3112000.0,TZS,194500.0,,70.6,17.1,16,School Hall,Training delivered by external facilitator
TRN-2025-0231,GRT-2024-002,PRJ-2024-004,ACT-0053,LOC-MAN-004,FP-2025-02,STF-029,Case Management Procedures,Vocational,Religious Leaders,2025-02-18,2025-02-18,1,100,92,56,36,45,2,3687000.0,TZS,40076.09,32.0,47.3,15.3,92,District Council Hall,Training delivered by government partner
TRN-2025-0232,GRT-2023-002,PRJ-2023-004,ACT-0016,LOC-ARU-002,FP-2025-02,STF-007,Child Centred Learning Methods,Awareness,Parent Teachers Association Members,2025-02-01,2025-02-03,3,100,80,48,32,29,4,4685000.0,TZS,58562.5,47.3,67.9,20.6,80,CDFT Training Centre,Training delivered by internal staff
TRN-2025-0233,GRT-2022-003,PRJ-2023-003,ACT-0011,LOC-KIL-003,FP-2025-11,STF-008,Nutrition Counselling,Financial Management,Health Facility Staff,2025-11-15,2025-11-15,1,40,32,16,16,11,0,1433000.0,TZS,44781.25,32.4,69.1,36.7,32,Government Office Meeting Room,
TRN-2025-0234,GRT-2023-001,PRJ-2023-011,ACT-0064,LOC-MAN-001,FP-2025-11,STF-029,Malaria Prevention and Treatment,Awareness,Village Health Workers,2025-11-07,2025-11-10,4,60,51,32,19,18,1,5901000.0,TZS,115705.88,50.4,,23.1,51,Hotel Conference Room,
TRN-2025-0235,GRT-2022-004,PRJ-2023-005,ACT-0019,LOC-KIL-001,FP-2025-03,STF-016,Early Childhood Development,Awareness,Education Officers,2025-03-04,2025-03-07,4,100,93,39,54,38,4,14796000.0,TZS,159096.77,46.4,67.7,21.3,93,CDFT Training Centre,Training delivered by government partner
TRN-2025-0236,GRT-2021-001,PRJ-2023-007,ACT-0030,LOC-ARU-001,FP-2025-07,STF-028,Leadership for Women,Leadership,VSLA Members,2025-07-02,2025-07-04,3,25,20,7,13,8,1,2214000.0,TZS,110700.0,48.2,81.7,33.5,20,School Hall,
TRN-2025-0237,GRT-2023-004,PRJ-2023-009,ACT-0035,LOC-MAN-003,FP-2025-09,STF-039,Disaster Risk Reduction,Leadership,Smallholder Farmers,2025-09-14,2025-09-17,4,30,30,19,11,13,1,3572000.0,TZS,119066.67,51.4,67.7,16.3,30,Hotel Conference Room,Training delivered by government partner
TRN-2025-0238,GRT-2023-004,PRJ-2023-008,ACT-0033,LOC-MAN-002,FP-2025-08,STF-026,Water Harvesting Techniques,Awareness,Smallholder Farmers,2025-08-15,2025-08-15,1,30,27,14,13,14,1,1012000.0,TZS,37481.48,54.5,90.0,35.5,0,School Hall,Training delivered by government partner
TRN-2025-0239,GRT-2023-004,PRJ-2023-009,ACT-0037,LOC-MAN-003,FP-2025-09,STF-028,Climate Smart Agriculture Practices,Financial Management,Extension Officers,2025-09-06,2025-09-07,2,80,65,38,27,35,2,3672000.0,TZS,56492.31,54.4,93.3,38.9,0,Community Centre,
TRN-2025-0240,GRT-2024-004,PRJ-2024-006,ACT-0067,LOC-MAN-002,FP-2025-06,STF-031,Climate Smart Agriculture Practices,Vocational,Smallholder Farmers,2025-06-11,2025-06-11,1,60,48,30,18,23,2,1115000.0,TZS,23229.17,52.2,74.7,22.5,0,District Council Hall,
TRN-2025-0241,GRT-2024-001,PRJ-2024-002,ACT-0045,LOC-KIL-004,FP-2025-03,STF-021,Cooperative Management,Vocational,Cooperative Members,2025-03-03,2025-03-05,3,80,67,38,29,23,1,6384000.0,TZS,95283.58,54.0,77.6,23.6,67,Hotel Conference Room,Training delivered by government partner
TRN-2025-0242,GRT-2023-001,PRJ-2023-001,ACT-0005,LOC-KIL-001,FP-2025-10,STF-027,Community Health Worker Basic Training,Awareness,Community Members,2025-10-04,2025-10-08,5,20,16,10,6,10,0,3472000.0,TZS,217000.0,52.1,78.2,26.1,16,School Hall,Training delivered by external facilitator
TRN-2025-0243,GRT-2023-001,PRJ-2023-001,ACT-0002,LOC-KIL-001,FP-2025-09,STF-007,First Aid and Emergency Response,Leadership,Health Facility Staff,2025-09-18,2025-09-20,3,40,37,13,24,23,0,4943000.0,TZS,133594.59,34.3,63.3,29.0,37,Hotel Conference Room,
TRN-2025-0244,GRT-2023-001,PRJ-2023-001,ACT-0003,LOC-KIL-001,FP-2025-09,STF-011,Nutrition Counselling,Leadership,Community Members,2025-09-20,2025-09-20,1,80,81,48,33,29,4,2603000.0,TZS,32135.8,,82.1,39.8,0,Community Centre,
TRN-2025-0245,GRT-2023-001,PRJ-2023-001,ACT-0001,LOC-KIL-001,FP-2025-07,STF-008,Community Health Worker Basic Training,Awareness,Health Facility Staff,2025-07-24,2025-07-25,2,60,55,24,31,29,1,2791000.0,TZS,50745.45,,73.3,27.3,55,School Hall,Training delivered by external facilitator
TRN-2025-0246,GRT-2023-001,PRJ-2023-011,ACT-0061,LOC-MAN-001,FP-2025-04,STF-016,Malaria Prevention and Treatment,Vocational,Community Members,2025-04-13,2025-04-13,1,80,63,31,32,29,1,2293000.0,TZS,36396.83,44.8,65.4,,63,CDFT Training Centre,Training delivered by internal staff
TRN-2025-0247,GRT-2021-001,PRJ-2023-007,ACT-0027,LOC-ARU-001,FP-2025-01,STF-008,Business Skills Development,Leadership,Youth Women,2025-01-17,2025-01-21,5,100,76,42,34,44,1,12941000.0,TZS,170276.32,44.0,59.2,15.2,76,Government Office Meeting Room,Training delivered by external facilitator
TRN-2025-0248,GRT-2024-001,PRJ-2024-002,ACT-0042,LOC-KIL-004,FP-2025-09,STF-005,Market Information Systems,Awareness,Agro Dealers,2025-09-06,2025-09-08,3,80,83,38,45,50,1,7180000.0,TZS,86506.02,46.9,86.6,39.7,0,Community Centre,Training delivered by internal staff
TRN-2025-0249,GRT-2024-002,PRJ-2024-003,ACT-0048,LOC-ARU-003,FP-2025-02,STF-017,Community Based Child Protection,Vocational,Religious Leaders,2025-02-11,2025-02-13,3,50,47,15,32,24,1,3442000.0,TZS,73234.04,34.5,54.1,19.6,47,CDFT Training Centre,Training delivered by internal staff
TRN-2025-0250,GRT-2023-003,PRJ-2023-006,ACT-0022,LOC-KIL-001,FP-2025-11,STF-027,Leadership for Women,Leadership,Women Group Members,2025-11-20,2025-11-23,4,80,71,26,45,45,1,5846000.0,TZS,82338.03,51.8,91.8,40.0,71,Government Office Meeting Room,Training delivered by government partner
TRN-2025-0251,GRT-2023-004,PRJ-2023-008,ACT-0031,LOC-MAN-002,FP-2025-09,STF-019,Water Harvesting Techniques,Technical,Smallholder Farmers,2025-09-24,2025-09-28,5,40,34,11,23,16,1,4363000.0,TZS,128323.53,43.7,70.4,26.7,0,CDFT Training Centre,
TRN-2025-0252,GRT-2022-003,PRJ-2023-003,ACT-0013,LOC-KIL-003,FP-2025-05,STF-025,HIV AIDS Awareness,Vocational,Community Members,2025-05-26,2025-05-28,3,50,44,27,17,14,2,5098000.0,TZS,115863.64,38.0,66.7,28.7,44,District Council Hall,Training delivered by internal staff
TRN-2025-0253,GRT-2023-001,PRJ-2023-001,ACT-0003,LOC-KIL-001,FP-2025-04,STF-018,Nutrition Counselling,Financial Management,Health Facility Staff,2025-04-25,2025-04-27,3,60,48,21,27,28,1,5561000.0,TZS,115854.17,48.2,76.7,28.5,48,School Hall,Training delivered by internal staff
TRN-2025-0254,GRT-2023-003,PRJ-2023-006,ACT-0023,LOC-KIL-001,FP-2025-06,STF-008,Gender and Rights Awareness,Vocational,Female Entrepreneurs,2025-06-24,2025-06-28,5,60,62,23,39,28,0,6867000.0,TZS,110758.06,34.8,71.5,36.7,62,District Council Hall,
TRN-2025-0255,GRT-2023-001,PRJ-2023-011,ACT-0061,LOC-MAN-001,FP-2025-01,STF-010,HIV AIDS Awareness,Vocational,Health Facility Staff,2025-01-15,2025-01-18,4,20,17,7,10,10,0,2560000.0,TZS,150588.24,35.4,62.3,26.9,0,Community Centre,Training delivered by government partner
TRN-2025-0256,GRT-2023-002,PRJ-2023-004,ACT-0015,LOC-ARU-002,FP-2025-01,STF-035,Teacher Pedagogy Training,Awareness,Parent Teachers Association Members,2025-01-06,2025-01-06,1,30,27,11,16,13,0,589000.0,TZS,21814.81,42.8,79.9,37.1,27,CDFT Training Centre,Training delivered by external facilitator
TRN-2025-0257,GRT-2024-002,PRJ-2024-003,ACT-0048,LOC-ARU-003,FP-2025-06,STF-012,Case Management Procedures,Financial Management,Community Child Protection Committee Members,2025-06-21,2025-06-24,4,30,30,14,16,10,0,4549000.0,TZS,151633.33,51.0,73.7,22.7,30,CDFT Training Centre,Training delivered by external facilitator
TRN-2025-0258,GRT-2023-001,PRJ-2023-002,ACT-0008,LOC-KIL-002,FP-2025-04,STF-022,First Aid and Emergency Response,Awareness,Community Health Workers,2025-04-10,2025-04-11,2,100,85,43,42,27,0,3673000.0,TZS,43211.76,,70.4,37.8,85,School Hall,Training delivered by government partner
TRN-2025-0259,GRT-2023-003,PRJ-2023-006,ACT-0024,LOC-KIL-001,FP-2025-09,STF-021,Leadership for Women,Financial Management,Youth Women,2025-09-25,2025-09-28,4,20,19,9,10,7,1,1741000.0,TZS,91631.58,51.2,70.9,19.7,19,Hotel Conference Room,Training delivered by external facilitator
TRN-2025-0260,GRT-2023-005,PRJ-2023-010,ACT-0054,LOC-KIL-001,FP-2025-04,STF-014,First Aid and Emergency Response,Awareness,Health Facility Staff,2025-04-02,2025-04-05,4,40,41,18,23,25,0,4786000.0,TZS,116731.71,51.8,72.7,20.9,41,Hotel Conference Room,Training delivered by government partner
TRN-2025-0261,GRT-2022-003,PRJ-2023-003,ACT-0014,LOC-KIL-003,FP-2025-09,STF-036,Nutrition Counselling,Technical,Village Health Workers,2025-09-25,2025-09-25,1,50,47,31,16,17,1,1445000.0,TZS,30744.68,50.3,70.3,20.0,0,Hotel Conference Room,Training delivered by external facilitator
TRN-2025-0262,GRT-2023-001,PRJ-2023-001,ACT-0002,LOC-KIL-001,FP-2025-04,STF-031,HIV AIDS Awareness,Financial Management,Health Facility Staff,2025-04-23,2025-04-27,5,80,73,40,33,37,1,14113000.0,TZS,193328.77,37.0,55.5,18.5,73,Government Office Meeting Room,Training delivered by government partner
TRN-2025-0263,GRT-2023-004,PRJ-2023-008,ACT-0033,LOC-MAN-002,FP-2025-10,STF-019,Conservation Agriculture,Vocational,Smallholder Farmers,2025-10-18,2025-10-21,4,25,23,15,8,7,1,2968000.0,TZS,129043.48,43.5,66.7,23.2,23,CDFT Training Centre,Training delivered by internal staff
TRN-2025-0264,GRT-2023-003,PRJ-2023-006,ACT-0021,LOC-KIL-001,FP-2025-02,STF-016,Leadership for Women,Leadership,Youth Women,2025-02-13,2025-02-16,4,80,82,48,34,26,1,7937000.0,TZS,96792.68,40.9,,29.9,82,Hotel Conference Room,
TRN-2025-0265,GRT-2022-003,PRJ-2023-003,ACT-0014,LOC-KIL-003,FP-2025-07,STF-038,Nutrition Counselling,Awareness,Village Health Workers,2025-07-22,2025-07-24,3,20,19,10,9,8,1,2318000.0,TZS,122000.0,47.8,83.7,35.9,19,CDFT Training Centre,
TRN-2025-0266,GRT-2023-005,PRJ-2023-010,ACT-0055,LOC-KIL-001,FP-2025-02,STF-020,Community Health Worker Basic Training,Technical,Community Health Workers,2025-02-07,2025-02-09,3,25,21,10,11,12,1,2491000.0,TZS,118619.05,48.9,82.3,33.4,0,Hotel Conference Room,Training delivered by government partner
TRN-2025-0267,GRT-2023-003,PRJ-2023-013,ACT-0081,LOC-ARU-001,FP-2025-11,STF-017,WASH Behaviour Change,Awareness,Community Members,2025-11-20,2025-11-23,4,50,39,26,13,19,1,5479000.0,TZS,140487.18,46.3,71.7,25.4,39,Hotel Conference Room,
TRN-2025-0268,GRT-2024-004,PRJ-2024-006,ACT-0067,LOC-MAN-002,FP-2025-05,STF-037,Climate Smart Agriculture Practices,Leadership,Community Leaders,2025-05-24,2025-05-25,2,60,55,34,21,24,2,3821000.0,TZS,69472.73,31.5,50.2,18.7,55,District Council Hall,Training delivered by government partner
TRN-2025-0269,GRT-2024-002,PRJ-2024-004,ACT-0053,LOC-MAN-004,FP-2025-11,STF-019,Psychosocial Support Basics,Vocational,Community Child Protection Committee Members,2025-11-14,2025-11-18,5,60,59,25,34,33,0,13138000.0,TZS,222677.97,44.9,74.8,,0,Hotel Conference Room,Training delivered by internal staff
TRN-2025-0270,GRT-2024-002,PRJ-2024-004,ACT-0052,LOC-MAN-004,FP-2025-11,STF-031,Community Based Child Protection,Vocational,Community Child Protection Committee Members,2025-11-25,2025-11-25,1,60,52,29,23,22,2,1227000.0,TZS,23596.15,53.3,76.3,,52,School Hall,
TRN-2025-0271,GRT-2024-004,PRJ-2024-006,ACT-0066,LOC-MAN-002,FP-2025-04,STF-029,Reforestation and Tree Nursery Management,Awareness,Community Leaders,2025-04-24,2025-04-24,1,100,77,28,49,30,3,2661000.0,TZS,34558.44,43.2,,18.8,77,Hotel Conference Room,Training delivered by external facilitator
TRN-2025-0272,GRT-2023-002,PRJ-2023-004,ACT-0016,LOC-ARU-002,FP-2025-07,STF-028,Teacher Pedagogy Training,Awareness,Teachers,2025-07-07,2025-07-09,3,50,46,15,31,21,1,5319000.0,TZS,115630.43,31.0,65.4,,46,District Council Hall,Training delivered by government partner
TRN-2025-0273,GRT-2023-001,PRJ-2023-001,ACT-0003,LOC-KIL-001,FP-2025-07,STF-006,Nutrition Counselling,Leadership,Health Facility Staff,2025-07-20,2025-07-21,2,40,30,13,17,12,1,1658000.0,TZS,55266.67,42.7,63.1,20.4,30,School Hall,Training delivered by internal staff
TRN-2025-0274,GRT-2023-001,PRJ-2023-002,ACT-0008,LOC-KIL-002,FP-2025-05,STF-022,Nutrition Counselling,Technical,Community Health Workers,2025-05-20,2025-05-20,1,50,42,26,16,13,2,1531000.0,TZS,36452.38,37.3,57.0,19.7,42,Community Centre,Training delivered by government partner
TRN-2025-0275,GRT-2024-001,PRJ-2024-001,ACT-0040,LOC-MAN-001,FP-2025-05,STF-017,Irrigation Management,Awareness,Agro Dealers,2025-05-07,2025-05-08,2,80,70,33,37,31,0,2706000.0,TZS,38657.14,38.6,63.7,25.1,0,District Council Hall,
TRN-2025-0276,GRT-2023-001,PRJ-2023-002,ACT-0009,LOC-KIL-002,FP-2025-02,STF-022,HIV AIDS Awareness,Financial Management,Community Health Workers,2025-02-22,2025-02-25,4,30,24,13,11,12,1,3638000.0,TZS,151583.33,34.2,71.5,37.3,24,School Hall,Training delivered by external facilitator
TRN-2025-0277,GRT-2024-001,PRJ-2024-007,ACT-0074,LOC-ARU-002,FP-2025-01,STF-039,Cooperative Management,Vocational,Agro Dealers,2025-01-07,2025-01-07,1,25,25,16,9,15,1,1119000.0,TZS,44760.0,39.6,69.5,29.9,0,Community Centre,
TRN-2025-0278,GRT-2024-004,PRJ-2024-006,ACT-0065,LOC-MAN-002,FP-2025-03,STF-006,Climate Smart Agriculture Practices,Technical,Smallholder Farmers,2025-03-06,2025-03-06,1,60,57,35,22,30,0,1403000.0,TZS,24614.04,34.9,64.5,29.6,57,School Hall,Training delivered by external facilitator
TRN-2025-0279,GRT-2023-001,PRJ-2023-002,ACT-0009,LOC-KIL-002,FP-2025-01,STF-012,First Aid and Emergency Response,Financial Management,Community Health Workers,2025-01-23,2025-01-24,2,30,30,16,14,11,1,1223000.0,TZS,40766.67,41.4,78.4,37.0,30,Government Office Meeting Room,
TRN-2025-0280,GRT-2024-003,PRJ-2024-005,ACT-0057,LOC-ARU-004,FP-2025-06,STF-021,First Aid and Emergency Response,Financial Management,Village Health Workers,2025-06-22,2025-06-22,1,20,15,6,9,7,0,424000.0,TZS,28266.67,35.6,62.5,26.9,15,Hotel Conference Room,Training delivered by government partner
TRN-2025-0281,GRT-2022-003,PRJ-2023-003,ACT-0013,LOC-KIL-003,FP-2025-10,STF-038,Nutrition Counselling,Financial Management,Community Members,2025-10-10,2025-10-13,4,30,25,16,9,15,0,3202000.0,TZS,128080.0,46.3,79.8,33.5,25,School Hall,Training delivered by internal staff
TRN-2025-0282,GRT-2023-005,PRJ-2023-010,ACT-0056,LOC-KIL-001,FP-2025-09,STF-011,Nutrition Counselling,Technical,Community Members,2025-09-16,2025-09-17,2,50,48,25,23,22,0,2459000.0,TZS,51229.17,38.6,66.9,,48,District Council Hall,Training delivered by external facilitator
TRN-2025-0283,GRT-2023-003,PRJ-2023-013,ACT-0080,LOC-ARU-001,FP-2025-05,STF-021,First Aid and Emergency Response,Leadership,Community Health Workers,2025-05-12,2025-05-12,1,100,75,41,34,44,2,1919000.0,TZS,25586.67,47.2,70.3,23.1,75,District Council Hall,Training delivered by government partner
TRN-2025-0284,GRT-2024-002,PRJ-2024-004,ACT-0050,LOC-MAN-004,FP-2025-04,STF-008,Community Based Child Protection,Vocational,Religious Leaders,2025-04-22,2025-04-23,2,30,24,9,15,13,0,2024000.0,TZS,84333.33,46.2,63.9,17.7,24,District Council Hall,
TRN-2025-0285,GRT-2024-004,PRJ-2024-006,ACT-0065,LOC-MAN-002,FP-2025-06,STF-009,Conservation Agriculture,Vocational,Community Leaders,2025-06-16,2025-06-20,5,40,38,20,18,23,0,7956000.0,TZS,209368.42,37.0,74.9,37.9,0,Government Office Meeting Room,Training delivered by external facilitator
TRN-2025-0286,GRT-2023-001,PRJ-2023-011,ACT-0062,LOC-MAN-001,FP-2025-10,STF-012,WASH Behaviour Change,Awareness,Community Health Workers,2025-10-09,2025-10-11,3,100,82,26,56,52,0,6748000.0,TZS,82292.68,44.0,79.5,35.5,0,CDFT Training Centre,Training delivered by internal staff
TRN-2025-0287,GRT-2022-003,PRJ-2023-003,ACT-0011,LOC-KIL-003,FP-2025-06,STF-008,WASH Behaviour Change,Vocational,Community Health Workers,2025-06-09,2025-06-12,4,100,96,33,63,36,2,14565000.0,TZS,151718.75,44.2,73.2,29.0,0,District Council Hall,Training delivered by internal staff
TRN-2025-0288,GRT-2023-002,PRJ-2023-012,ACT-0069,LOC-ARU-001,FP-2025-09,STF-034,School Management Training,Vocational,School Administrators,2025-09-01,2025-09-01,1,40,30,15,15,16,1,708000.0,TZS,23600.0,53.3,81.5,28.2,30,School Hall,Training delivered by government partner
TRN-2025-0289,GRT-2024-001,PRJ-2024-002,ACT-0043,LOC-KIL-004,FP-2025-06,STF-011,Irrigation Management,Leadership,Agro Dealers,2025-06-13,2025-06-13,1,50,41,16,25,21,2,1495000.0,TZS,36463.41,45.3,62.7,17.4,0,Government Office Meeting Room,
TRN-2025-0290,GRT-2024-002,PRJ-2024-004,ACT-0049,LOC-MAN-004,FP-2025-08,STF-012,Child Safeguarding and Protection,Technical,Religious Leaders,2025-08-16,2025-08-17,2,80,80,36,44,38,0,3968000.0,TZS,49600.0,44.1,74.8,30.7,0,School Hall,Training delivered by internal staff
TRN-2025-0291,GRT-2024-002,PRJ-2024-003,ACT-0047,LOC-ARU-003,FP-2025-01,STF-020,Community Based Child Protection,Vocational,Community Child Protection Committee Members,2025-01-23,2025-01-25,3,20,19,10,9,9,0,2331000.0,TZS,122684.21,42.6,,34.8,19,Community Centre,Training delivered by government partner
TRN-2025-0292,GRT-2024-002,PRJ-2024-003,ACT-0048,LOC-ARU-003,FP-2025-07,STF-018,Reporting and Referral Pathways,Technical,Community Leaders,2025-07-25,2025-07-25,1,30,26,13,13,8,1,1090000.0,TZS,41923.08,53.1,92.3,39.2,26,CDFT Training Centre,Training delivered by government partner
TRN-2025-0293,GRT-2022-004,PRJ-2023-005,ACT-0018,LOC-KIL-001,FP-2025-04,STF-006,Inclusive Education,Financial Management,Teachers,2025-04-02,2025-04-06,5,30,23,13,10,13,1,4575000.0,TZS,198913.04,50.9,89.5,38.6,23,District Council Hall,
TRN-2025-0294,GRT-2024-001,PRJ-2024-002,ACT-0042,LOC-KIL-004,FP-2025-04,STF-015,Post Harvest Handling,Vocational,Cooperative Members,2025-04-24,2025-04-25,2,100,75,40,35,37,0,3395000.0,TZS,45266.67,42.5,63.1,20.6,75,Community Centre,
TRN-2025-0295,GRT-2024-001,PRJ-2024-007,ACT-0074,LOC-ARU-002,FP-2025-10,STF-011,Market Information Systems,Financial Management,Smallholder Farmers,2025-10-17,2025-10-21,5,50,45,27,18,22,1,9698000.0,TZS,215511.11,54.0,88.9,34.9,45,School Hall,Training delivered by government partner
TRN-2025-0296,GRT-2022-003,PRJ-2023-003,ACT-0014,LOC-KIL-003,FP-2025-04,STF-020,WASH Behaviour Change,Technical,Health Facility Staff,2025-04-15,2025-04-18,4,20,18,12,6,10,1,1623000.0,TZS,90166.67,54.4,82.2,27.8,18,CDFT Training Centre,Training delivered by government partner
TRN-2025-0297,GRT-2024-001,PRJ-2024-002,ACT-0042,LOC-KIL-004,FP-2025-01,STF-036,Irrigation Management,Vocational,Agro Dealers,2025-01-21,2025-01-21,1,50,37,24,13,23,1,948000.0,TZS,25621.62,32.7,53.7,21.0,37,CDFT Training Centre,Training delivered by government partner
TRN-2025-0298,GRT-2023-003,PRJ-2023-013,ACT-0077,LOC-ARU-001,FP-2025-07,STF-011,First Aid and Emergency Response,Awareness,Community Health Workers,2025-07-13,2025-07-17,5,80,81,30,51,38,3,15097000.0,TZS,186382.72,37.1,53.0,15.9,0,Government Office Meeting Room,Training delivered by internal staff
TRN-2025-0299,GRT-2021-001,PRJ-2023-007,ACT-0028,LOC-ARU-001,FP-2025-01,STF-016,Leadership for Women,Technical,Youth Women,2025-01-03,2025-01-07,5,80,61,23,38,23,0,12316000.0,TZS,201901.64,47.6,66.0,18.4,61,Hotel Conference Room,Training delivered by government partner
TRN-2025-0300,GRT-2023-001,PRJ-2023-002,ACT-0009,LOC-KIL-002,FP-2025-05,STF-022,WASH Behaviour Change,Technical,Health Facility Staff,2025-05-02,2025-05-04,3,30,23,9,14,13,0,2361000.0,TZS,102652.17,53.7,75.5,,23,CDFT Training Centre,
TRN-2025-0301,GRT-2022-004,PRJ-2023-005,ACT-0018,LOC-KIL-001,FP-2025-11,STF-018,Child Centred Learning Methods,Leadership,Parent Teachers Association Members,2025-11-15,2025-11-16,2,25,24,14,10,11,1,1324000.0,TZS,55166.67,51.4,81.6,30.2,0,Hotel Conference Room,
TRN-2025-0302,GRT-2023-003,PRJ-2023-013,ACT-0079,LOC-ARU-001,FP-2025-10,STF-012,Malaria Prevention and Treatment,Leadership,Village Health Workers,2025-10-18,2025-10-19,2,100,85,29,56,48,2,4785000.0,TZS,56294.12,40.1,73.8,33.7,0,Community Centre,Training delivered by government partner
TRN-2025-0303,GRT-2023-001,PRJ-2023-001,ACT-0002,LOC-KIL-001,FP-2025-11,STF-040,HIV AIDS Awareness,Financial Management,Community Members,2025-11-10,2025-11-12,3,40,32,21,11,16,1,1915000.0,TZS,59843.75,36.3,53.5,17.2,0,Government Office Meeting Room,Training delivered by internal staff
TRN-2025-0304,GRT-2022-004,PRJ-2023-005,ACT-0020,LOC-KIL-001,FP-2025-01,STF-037,Teacher Pedagogy Training,Awareness,School Administrators,2025-01-18,2025-01-18,1,40,30,20,10,10,0,1115000.0,TZS,37166.67,40.2,57.1,16.9,30,School Hall,Training delivered by internal staff
TRN-2025-0305,GRT-2024-002,PRJ-2024-004,ACT-0051,LOC-MAN-004,FP-2025-05,STF-028,Case Management Procedures,Technical,Religious Leaders,2025-05-01,2025-05-01,1,50,41,23,18,26,2,1371000.0,TZS,33439.02,43.9,80.6,36.7,0,District Council Hall,Training delivered by government partner
TRN-2025-0306,GRT-2023-003,PRJ-2023-013,ACT-0081,LOC-ARU-001,FP-2025-03,STF-040,HIV AIDS Awareness,Financial Management,Village Health Workers,2025-03-06,2025-03-10,5,50,49,31,18,26,1,7331000.0,TZS,149612.24,45.4,80.5,35.1,49,School Hall,Training delivered by government partner
TRN-2025-0307,GRT-2023-004,PRJ-2023-009,ACT-0037,LOC-MAN-003,FP-2025-04,STF-012,Conservation Agriculture,Vocational,Community Leaders,2025-04-04,2025-04-05,2,80,62,22,40,24,0,4852000.0,TZS,78258.06,31.5,47.1,15.6,62,Community Centre,
TRN-2025-0308,GRT-2023-002,PRJ-2023-004,ACT-0017,LOC-ARU-002,FP-2025-10,STF-006,Inclusive Education,Financial Management,Teachers,2025-10-16,2025-10-18,3,20,17,11,6,8,1,1874000.0,TZS,110235.29,43.3,74.1,30.8,0,CDFT Training Centre,
TRN-2025-0309,GRT-2023-003,PRJ-2023-013,ACT-0081,LOC-ARU-001,FP-2025-07,STF-021,HIV AIDS Awareness,Financial Management,Village Health Workers,2025-07-19,2025-07-22,4,30,23,14,9,12,0,3371000.0,TZS,146565.22,53.5,73.7,20.2,23,District Council Hall,Training delivered by government partner
TRN-2025-0310,GRT-2024-001,PRJ-2024-001,ACT-0038,LOC-MAN-001,FP-2025-09,STF-017,Improved Farming Techniques,Awareness,Agro Dealers,2025-09-24,2025-09-27,4,20,18,10,8,10,1,1409000.0,TZS,78277.78,37.8,74.3,36.5,18,Community Centre,Training delivered by government partner
TRN-2025-0311,GRT-2021-001,PRJ-2023-007,ACT-0027,LOC-ARU-001,FP-2025-02,STF-015,Leadership for Women,Technical,Female Entrepreneurs,2025-02-08,2025-02-08,1,20,18,12,6,10,1,534000.0,TZS,29666.67,32.4,67.0,,18,Hotel Conference Room,Training delivered by government partner
TRN-2025-0312,GRT-2024-002,PRJ-2024-003,ACT-0048,LOC-ARU-003,FP-2025-07,STF-034,Community Based Child Protection,Leadership,Community Child Protection Committee Members,2025-07-25,2025-07-29,5,30,27,11,16,10,1,5892000.0,TZS,218222.22,36.7,70.4,33.7,27,Community Centre,Training delivered by external facilitator
TRN-2025-0313,GRT-2023-003,PRJ-2023-013,ACT-0080,LOC-ARU-001,FP-2025-05,STF-026,WASH Behaviour Change,Vocational,Health Facility Staff,2025-05-03,2025-05-05,3,25,21,10,11,6,0,1907000.0,TZS,90809.52,42.2,76.2,34.0,21,Government Office Meeting Room,Training delivered by external facilitator
TRN-2025-0314,GRT-2023-004,PRJ-2023-009,ACT-0037,LOC-MAN-003,FP-2025-02,STF-040,Conservation Agriculture,Technical,Community Leaders,2025-02-03,2025-02-07,5,25,20,13,7,11,1,3533000.0,TZS,176650.0,36.1,67.1,31.0,20,Hotel Conference Room,Training delivered by external facilitator
TRN-2025-0315,GRT-2023-004,PRJ-2023-008,ACT-0033,LOC-MAN-002,FP-2025-10,STF-023,Climate Smart Agriculture Practices,Leadership,Smallholder Farmers,2025-10-20,2025-10-20,1,80,80,46,34,44,4,3506000.0,TZS,43825.0,39.3,74.4,35.1,0,Hotel Conference Room,Training delivered by external facilitator
TRN-2025-0316,GRT-2023-003,PRJ-2023-006,ACT-0023,LOC-KIL-001,FP-2025-02,STF-019,Financial Literacy and Savings,Leadership,Female Entrepreneurs,2025-02-11,2025-02-12,2,60,57,32,25,36,1,3040000.0,TZS,53333.33,30.8,60.5,,57,Government Office Meeting Room,Training delivered by government partner
TRN-2025-0317,GRT-2023-005,PRJ-2023-010,ACT-0056,LOC-KIL-001,FP-2025-09,STF-028,First Aid and Emergency Response,Awareness,Health Facility Staff,2025-09-22,2025-09-24,3,25,20,7,13,8,0,1518000.0,TZS,75900.0,30.2,64.0,33.8,20,Community Centre,Training delivered by internal staff
TRN-2025-0318,GRT-2024-001,PRJ-2024-007,ACT-0074,LOC-ARU-002,FP-2025-11,STF-033,Cooperative Management,Vocational,Extension Officers,2025-11-01,2025-11-05,5,20,18,8,10,6,1,3960000.0,TZS,220000.0,36.1,56.0,19.9,18,Government Office Meeting Room,Training delivered by external facilitator
TRN-2025-0319,GRT-2024-004,PRJ-2024-006,ACT-0068,LOC-MAN-002,FP-2025-04,STF-025,Climate Smart Agriculture Practices,Leadership,Youth Farmers,2025-04-11,2025-04-14,4,50,38,21,17,18,0,4002000.0,TZS,105315.79,35.4,50.9,15.5,0,CDFT Training Centre,
TRN-2025-0320,GRT-2024-002,PRJ-2024-003,ACT-0048,LOC-ARU-003,FP-2025-08,STF-008,Community Based Child Protection,Awareness,Community Child Protection Committee Members,2025-08-16,2025-08-19,4,60,60,37,23,21,1,8295000.0,TZS,138250.0,38.2,72.3,34.1,0,Hotel Conference Room,Training delivered by external facilitator
TRN-2025-0321,GRT-2023-001,PRJ-2023-001,ACT-0003,LOC-KIL-001,FP-2025-04,STF-027,First Aid and Emergency Response,Financial Management,Health Facility Staff,2025-04-16,2025-04-19,4,100,83,46,37,47,2,10067000.0,TZS,121289.16,32.6,52.1,19.5,83,District Council Hall,
TRN-2025-0322,GRT-2023-004,PRJ-2023-009,ACT-0036,LOC-MAN-003,FP-2025-01,STF-015,Disaster Risk Reduction,Awareness,Youth Farmers,2025-01-04,2025-01-04,1,80,75,38,37,25,2,2085000.0,TZS,27800.0,39.6,72.7,33.1,75,Government Office Meeting Room,Training delivered by government partner
TRN-2025-0323,GRT-2021-001,PRJ-2023-007,ACT-0026,LOC-ARU-001,FP-2025-04,STF-005,Business Skills Development,Technical,VSLA Members,2025-04-15,2025-04-18,4,20,16,9,7,9,0,1189000.0,TZS,74312.5,,75.2,34.0,0,Hotel Conference Room,
TRN-2025-0324,GRT-2023-005,PRJ-2023-010,ACT-0055,LOC-KIL-001,FP-2025-07,STF-038,HIV AIDS Awareness,Awareness,Community Members,2025-07-10,2025-07-13,4,50,50,31,19,30,2,8804000.0,TZS,176080.0,,75.1,35.2,50,District Council Hall,Training delivered by government partner
TRN-2025-0325,GRT-2023-003,PRJ-2023-006,ACT-0021,LOC-KIL-001,FP-2025-08,STF-013,Gender and Rights Awareness,Vocational,Youth Women,2025-08-07,2025-08-11,5,60,59,24,35,33,1,6597000.0,TZS,111813.56,34.8,50.5,15.7,0,CDFT Training Centre,Training delivered by external facilitator
TRN-2025-0326,GRT-2024-002,PRJ-2024-003,ACT-0048,LOC-ARU-003,FP-2025-02,STF-024,Child Safeguarding and Protection,Leadership,Community Child Protection Committee Members,2025-02-01,2025-02-05,5,50,50,28,22,21,1,5913000.0,TZS,118260.0,37.2,75.9,38.7,0,Hotel Conference Room,
TRN-2025-0327,GRT-2024-002,PRJ-2024-003,ACT-0047,LOC-ARU-003,FP-2025-08,STF-036,Community Based Child Protection,Technical,Community Leaders,2025-08-22,2025-08-22,1,60,49,31,18,26,0,1979000.0,TZS,40387.76,,65.8,26.4,0,School Hall,Training delivered by internal staff
TRN-2025-0328,GRT-2023-003,PRJ-2023-006,ACT-0022,LOC-KIL-001,FP-2025-03,STF-028,Financial Literacy and Savings,Vocational,VSLA Members,2025-03-12,2025-03-12,1,50,52,26,26,30,2,1772000.0,TZS,34076.92,33.3,73.1,,52,Hotel Conference Room,Training delivered by government partner
TRN-2025-0329,GRT-2023-005,PRJ-2023-010,ACT-0055,LOC-KIL-001,FP-2025-09,STF-030,HIV AIDS Awareness,Vocational,Health Facility Staff,2025-09-23,2025-09-23,1,25,20,9,11,8,0,691000.0,TZS,34550.0,48.4,76.2,27.8,20,Community Centre,Training delivered by government partner
TRN-2025-0330,GRT-2024-001,PRJ-2024-001,ACT-0038,LOC-MAN-001,FP-2025-04,STF-023,Improved Farming Techniques,Financial Management,Cooperative Members,2025-04-14,2025-04-17,4,80,79,26,53,25,3,9912000.0,TZS,125468.35,41.7,71.4,29.7,79,District Council Hall,Training delivered by internal staff
TRN-2025-0331,GRT-2023-001,PRJ-2023-011,ACT-0063,LOC-MAN-001,FP-2025-03,STF-005,Nutrition Counselling,Vocational,Health Facility Staff,2025-03-03,2025-03-07,5,20,17,10,7,9,0,3467000.0,TZS,203941.18,49.4,88.5,39.1,0,School Hall,
TRN-2025-0332,GRT-2023-004,PRJ-2023-009,ACT-0037,LOC-MAN-003,FP-2025-07,STF-032,Disaster Risk Reduction,Technical,Youth Farmers,2025-07-13,2025-07-13,1,20,16,6,10,4,0,318000.0,TZS,19875.0,52.2,88.4,36.2,16,Government Office Meeting Room,
TRN-2025-0333,GRT-2024-002,PRJ-2024-003,ACT-0046,LOC-ARU-003,FP-2025-10,STF-022,Psychosocial Support Basics,Financial Management,Community Child Protection Committee Members,2025-10-22,2025-10-22,1,25,21,9,12,11,1,780000.0,TZS,37142.86,52.0,79.1,27.1,21,Government Office Meeting Room,
TRN-2025-0334,GRT-2024-001,PRJ-2024-007,ACT-0075,LOC-ARU-002,FP-2025-03,STF-021,Post Harvest Handling,Technical,Smallholder Farmers,2025-03-20,2025-03-22,3,30,29,19,10,15,1,3465000.0,TZS,119482.76,31.9,64.6,32.7,0,Government Office Meeting Room,Training delivered by government partner
TRN-2025-0335,GRT-2021-001,PRJ-2023-007,ACT-0030,LOC-ARU-001,FP-2025-02,STF-037,Leadership for Women,Leadership,VSLA Members,2025-02-09,2025-02-09,1,80,78,28,50,28,1,1736000.0,TZS,22256.41,,82.7,34.5,78,CDFT Training Centre,
TRN-2025-0336,GRT-2024-001,PRJ-2024-001,ACT-0040,LOC-MAN-001,FP-2025-02,STF-011,Cooperative Management,Vocational,Agro Dealers,2025-02-20,2025-02-20,1,30,28,10,18,14,0,1087000.0,TZS,38821.43,43.2,80.8,37.6,0,District Council Hall,Training delivered by external facilitator
TRN-2025-0337,GRT-2023-001,PRJ-2023-001,ACT-0004,LOC-KIL-001,FP-2025-09,STF-011,Malaria Prevention and Treatment,Technical,Village Health Workers,2025-09-08,2025-09-09,2,100,76,26,50,33,3,6063000.0,TZS,79776.32,36.8,60.2,23.4,0,School Hall,Training delivered by government partner
TRN-2025-0338,GRT-2024-004,PRJ-2024-006,ACT-0068,LOC-MAN-002,FP-2025-01,STF-021,Disaster Risk Reduction,Leadership,Community Leaders,2025-01-20,2025-01-24,5,40,35,23,12,21,1,5018000.0,TZS,143371.43,39.8,68.9,29.1,35,Hotel Conference Room,
TRN-2025-0339,GRT-2023-001,PRJ-2023-011,ACT-0061,LOC-MAN-001,FP-2025-11,STF-027,Nutrition Counselling,Awareness,Village Health Workers,2025-11-05,2025-11-08,4,30,26,9,17,12,0,4556000.0,TZS,175230.77,41.1,71.5,,26,Government Office Meeting Room,
TRN-2025-0340,GRT-2024-001,PRJ-2024-002,ACT-0043,LOC-KIL-004,FP-2025-10,STF-021,Post Harvest Handling,Financial Management,Smallholder Farmers,2025-10-02,2025-10-02,1,40,34,21,13,11,1,813000.0,TZS,23911.76,44.9,71.1,26.2,34,District Council Hall,Training delivered by government partner
TRN-2025-0341,GRT-2023-002,PRJ-2023-012,ACT-0073,LOC-ARU-001,FP-2025-08,STF-028,Teacher Pedagogy Training,Awareness,School Administrators,2025-08-16,2025-08-20,5,40,31,18,13,15,1,3435000.0,TZS,110806.45,45.1,74.9,29.8,31,Government Office Meeting Room,Training delivered by external facilitator
TRN-2025-0342,GRT-2023-003,PRJ-2023-013,ACT-0079,LOC-ARU-001,FP-2025-04,STF-031,WASH Behaviour Change,Financial Management,Village Health Workers,2025-04-18,2025-04-22,5,100,94,53,41,46,2,12835000.0,TZS,136542.55,42.8,69.6,26.8,94,School Hall,Training delivered by government partner
TRN-2025-0343,GRT-2023-002,PRJ-2023-012,ACT-0072,LOC-ARU-001,FP-2025-07,STF-040,Child Centred Learning Methods,Vocational,Parent Teachers Association Members,2025-07-03,2025-07-03,1,50,42,17,25,14,1,1294000.0,TZS,30809.52,46.3,83.0,36.7,42,CDFT Training Centre,Training delivered by government partner
TRN-2025-0344,GRT-2021-001,PRJ-2023-007,ACT-0029,LOC-ARU-001,FP-2025-05,STF-040,Business Skills Development,Leadership,Women Group Members,2025-05-01,2025-05-05,5,40,32,20,12,16,0,6789000.0,TZS,212156.25,40.1,74.1,34.0,32,Hotel Conference Room,
TRN-2025-0345,GRT-2022-004,PRJ-2023-005,ACT-0019,LOC-KIL-001,FP-2025-03,STF-024,Inclusive Education,Financial Management,School Administrators,2025-03-08,2025-03-12,5,30,24,10,14,12,1,2362000.0,TZS,98416.67,31.2,57.2,,24,School Hall,Training delivered by government partner
TRN-2025-0346,GRT-2023-003,PRJ-2023-006,ACT-0023,LOC-KIL-001,FP-2025-01,STF-032,Financial Literacy and Savings,Technical,Youth Women,2025-01-04,2025-01-06,3,25,19,12,7,10,0,1249000.0,TZS,65736.84,49.2,78.1,28.9,19,District Council Hall,
TRN-2025-0347,GRT-2024-001,PRJ-2024-001,ACT-0040,LOC-MAN-001,FP-2025-10,STF-029,Cooperative Management,Awareness,Extension Officers,2025-10-07,2025-10-07,1,60,62,40,22,36,1,2281000.0,TZS,36790.32,35.1,60.2,25.1,62,Government Office Meeting Room,Training delivered by external facilitator
TRN-2025-0348,GRT-2024-002,PRJ-2024-004,ACT-0053,LOC-MAN-004,FP-2025-02,STF-010,Child Safeguarding and Protection,Financial Management,Community Child Protection Committee Members,2025-02-17,2025-02-20,4,25,25,17,8,14,0,3911000.0,TZS,156440.0,37.9,77.8,39.9,25,District Council Hall,Training delivered by internal staff
TRN-2025-0349,GRT-2023-001,PRJ-2023-001,ACT-0003,LOC-KIL-001,FP-2025-05,STF-032,WASH Behaviour Change,Vocational,Health Facility Staff,2025-05-05,2025-05-05,1,100,97,53,44,36,0,3110000.0,TZS,32061.86,43.6,81.7,38.1,97,Community Centre,Training delivered by external facilitator
TRN-2025-0350,GRT-2023-004,PRJ-2023-008,ACT-0032,LOC-MAN-002,FP-2025-11,STF-040,Disaster Risk Reduction,Leadership,Community Leaders,2025-11-22,2025-11-23,2,30,24,16,8,8,1,987000.0,TZS,41125.0,38.7,74.8,36.1,24,CDFT Training Centre,Training delivered by external facilitator
TRN-2025-0351,GRT-2024-001,PRJ-2024-007,ACT-0076,LOC-ARU-002,FP-2025-07,STF-032,Post Harvest Handling,Awareness,Agro Dealers,2025-07-19,2025-07-19,1,25,24,12,12,14,0,916000.0,TZS,38166.67,31.0,55.4,24.4,24,School Hall,Training delivered by external facilitator
TRN-2025-0352,GRT-2023-004,PRJ-2023-008,ACT-0034,LOC-MAN-002,FP-2025-08,STF-019,Conservation Agriculture,Technical,Extension Officers,2025-08-03,2025-08-04,2,60,51,16,35,25,0,3955000.0,TZS,77549.02,37.0,,26.3,51,Community Centre,Training delivered by government partner
TRN-2025-0353,GRT-2024-003,PRJ-2024-005,ACT-0059,LOC-ARU-004,FP-2025-09,STF-036,First Aid and Emergency Response,Financial Management,Community Health Workers,2025-09-02,2025-09-02,1,30,26,12,14,12,0,595000.0,TZS,22884.62,33.2,,24.7,26,School Hall,Training delivered by internal staff
TRN-2025-0354,GRT-2023-004,PRJ-2023-009,ACT-0035,LOC-MAN-003,FP-2025-08,STF-032,Conservation Agriculture,Financial Management,Youth Farmers,2025-08-03,2025-08-06,4,60,51,17,34,27,2,6486000.0,TZS,127176.47,35.0,73.5,38.5,51,School Hall,Training delivered by government partner
TRN-2025-0355,GRT-2023-004,PRJ-2023-009,ACT-0036,LOC-MAN-003,FP-2025-07,STF-011,Conservation Agriculture,Technical,Community Leaders,2025-07-06,2025-07-10,5,100,88,52,36,48,2,16485000.0,TZS,187329.55,39.1,56.2,,0,CDFT Training Centre,Training delivered by internal staff
TRN-2025-0356,GRT-2023-003,PRJ-2023-013,ACT-0077,LOC-ARU-001,FP-2025-06,STF-010,First Aid and Emergency Response,Awareness,Health Facility Staff,2025-06-04,2025-06-05,2,30,29,14,15,14,0,1806000.0,TZS,62275.86,39.9,57.8,17.9,29,Hotel Conference Room,Training delivered by internal staff
TRN-2025-0357,GRT-2023-004,PRJ-2023-008,ACT-0031,LOC-MAN-002,FP-2025-03,STF-027,Reforestation and Tree Nursery Management,Leadership,Community Leaders,2025-03-16,2025-03-18,3,25,21,8,13,13,1,1224000.0,TZS,58285.71,52.1,75.4,23.3,21,Community Centre,Training delivered by government partner
TRN-2025-0358,GRT-2024-003,PRJ-2024-005,ACT-0059,LOC-ARU-004,FP-2025-04,STF-037,First Aid and Emergency Response,Leadership,Community Members,2025-04-23,2025-04-25,3,25,23,12,11,7,0,1873000.0,TZS,81434.78,52.2,69.9,17.7,0,Government Office Meeting Room,Training delivered by internal staff
TRN-2025-0359,GRT-2024-001,PRJ-2024-001,ACT-0041,LOC-MAN-001,FP-2025-07,STF-026,Improved Farming Techniques,Awareness,Cooperative Members,2025-07-02,2025-07-04,3,50,40,18,22,17,0,4564000.0,TZS,114100.0,33.4,71.3,37.9,0,CDFT Training Centre,Training delivered by external facilitator
TRN-2025-0360,GRT-2023-001,PRJ-2023-002,ACT-0009,LOC-KIL-002,FP-2025-11,STF-031,First Aid and Emergency Response,Awareness,Community Members,2025-11-24,2025-11-24,1,20,15,10,5,5,1,643000.0,TZS,42866.67,50.4,80.9,30.5,15,Community Centre,Training delivered by government partner
TRN-2025-0361,GRT-2021-001,PRJ-2023-007,ACT-0026,LOC-ARU-001,FP-2025-04,STF-035,Financial Literacy and Savings,Technical,Youth Women,2025-04-11,2025-04-15,5,20,19,11,8,7,0,2001000.0,TZS,105315.79,44.1,77.4,33.3,19,Government Office Meeting Room,Training delivered by government partner
TRN-2025-0362,GRT-2023-004,PRJ-2023-009,ACT-0036,LOC-MAN-003,FP-2025-07,STF-018,Conservation Agriculture,Awareness,Youth Farmers,2025-07-11,2025-07-11,1,20,20,12,8,9,1,629000.0,TZS,31450.0,41.0,68.7,27.7,0,Community Centre,
TRN-2025-0363,GRT-2023-004,PRJ-2023-008,ACT-0034,LOC-MAN-002,FP-2025-02,STF-029,Climate Smart Agriculture Practices,Awareness,Extension Officers,2025-02-21,2025-02-22,2,80,66,35,31,20,0,5414000.0,TZS,82030.3,33.2,61.1,27.9,66,CDFT Training Centre,Training delivered by internal staff
TRN-2025-0364,GRT-2024-003,PRJ-2024-005,ACT-0060,LOC-ARU-004,FP-2025-10,STF-014,Community Health Worker Basic Training,Financial Management,Village Health Workers,2025-10-19,2025-10-20,2,25,23,10,13,8,1,1185000.0,TZS,51521.74,30.2,53.4,23.2,0,Hotel Conference Room,Training delivered by internal staff
TRN-2025-0365,GRT-2023-003,PRJ-2023-006,ACT-0021,LOC-KIL-001,FP-2025-06,STF-006,Financial Literacy and Savings,Awareness,Female Entrepreneurs,2025-06-17,2025-06-17,1,25,22,11,11,11,0,784000.0,TZS,35636.36,31.0,51.6,20.6,0,Government Office Meeting Room,Training delivered by internal staff
TRN-2025-0366,GRT-2023-004,PRJ-2023-009,ACT-0036,LOC-MAN-003,FP-2025-05,STF-023,Disaster Risk Reduction,Vocational,Community Leaders,2025-05-08,2025-05-12,5,50,38,22,16,24,0,3517000.0,TZS,92552.63,,89.4,37.4,38,School Hall,
TRN-2025-0367,GRT-2024-003,PRJ-2024-005,ACT-0057,LOC-ARU-004,FP-2025-06,STF-007,Nutrition Counselling,Awareness,Community Health Workers,2025-06-16,2025-06-16,1,40,35,23,12,18,1,1019000.0,TZS,29114.29,,70.8,33.4,35,Hotel Conference Room,
TRN-2025-0368,GRT-2024-001,PRJ-2024-007,ACT-0075,LOC-ARU-002,FP-2025-08,STF-039,Improved Farming Techniques,Awareness,Smallholder Farmers,2025-08-22,2025-08-26,5,30,25,8,17,7,1,3925000.0,TZS,157000.0,43.9,76.2,32.3,25,Government Office Meeting Room,
TRN-2025-0369,GRT-2024-003,PRJ-2024-005,ACT-0057,LOC-ARU-004,FP-2025-08,STF-013,Malaria Prevention and Treatment,Vocational,Village Health Workers,2025-08-15,2025-08-18,4,20,20,11,9,6,0,1571000.0,TZS,78550.0,44.6,62.7,18.1,20,School Hall,Training delivered by internal staff
TRN-2025-0370,GRT-2023-001,PRJ-2023-001,ACT-0002,LOC-KIL-001,FP-2025-11,STF-025,HIV AIDS Awareness,Leadership,Community Members,2025-11-18,2025-11-22,5,60,48,26,22,17,2,4342000.0,TZS,90458.33,39.4,68.7,29.3,48,Community Centre,Training delivered by external facilitator
TRN-2025-0371,GRT-2021-001,PRJ-2023-007,ACT-0026,LOC-ARU-001,FP-2025-08,STF-021,Leadership for Women,Vocational,Female Entrepreneurs,2025-08-24,2025-08-24,1,20,15,6,9,4,0,572000.0,TZS,38133.33,39.0,72.4,33.4,15,CDFT Training Centre,Training delivered by external facilitator
TRN-2025-0372,GRT-2023-003,PRJ-2023-013,ACT-0078,LOC-ARU-001,FP-2025-08,STF-037,WASH Behaviour Change,Awareness,Community Health Workers,2025-08-12,2025-08-13,2,100,75,41,34,24,3,3522000.0,TZS,46960.0,50.0,84.6,34.6,0,District Council Hall,
TRN-2025-0373,GRT-2023-002,PRJ-2023-004,ACT-0016,LOC-ARU-002,FP-2025-08,STF-035,School Management Training,Leadership,Education Officers,2025-08-18,2025-08-19,2,80,72,38,34,43,1,3815000.0,TZS,52986.11,40.1,66.2,26.1,72,Hotel Conference Room,Training delivered by government partner
TRN-2025-0374,GRT-2024-004,PRJ-2024-006,ACT-0066,LOC-MAN-002,FP-2025-02,STF-019,Water Harvesting Techniques,Financial Management,Extension Officers,2025-02-06,2025-02-08,3,80,73,29,44,39,0,4932000.0,TZS,67561.64,53.9,72.5,,0,CDFT Training Centre,Training delivered by external facilitator
TRN-2025-0375,GRT-2024-003,PRJ-2024-005,ACT-0059,LOC-ARU-004,FP-2025-01,STF-008,Malaria Prevention and Treatment,Technical,Health Facility Staff,2025-01-21,2025-01-23,3,40,38,15,23,19,1,3498000.0,TZS,92052.63,41.6,57.8,16.2,38,CDFT Training Centre,Training delivered by government partner
TRN-2025-0376,GRT-2024-003,PRJ-2024-005,ACT-0057,LOC-ARU-004,FP-2025-05,STF-029,Nutrition Counselling,Leadership,Community Members,2025-05-01,2025-05-01,1,60,45,15,30,21,2,1142000.0,TZS,25377.78,33.7,54.6,20.9,45,Hotel Conference Room,Training delivered by internal staff
TRN-2025-0377,GRT-2024-002,PRJ-2024-004,ACT-0053,LOC-MAN-004,FP-2025-10,STF-024,Reporting and Referral Pathways,Technical,Community Leaders,2025-10-05,2025-10-07,3,40,34,17,17,19,1,3167000.0,TZS,93147.06,37.7,54.8,17.1,0,District Council Hall,Training delivered by internal staff
TRN-2025-0378,GRT-2023-003,PRJ-2023-006,ACT-0022,LOC-KIL-001,FP-2025-05,STF-016,Market Linkage Training,Financial Management,Youth Women,2025-05-04,2025-05-04,1,80,77,30,47,41,1,2925000.0,TZS,37987.01,50.9,80.6,29.7,77,Community Centre,Training delivered by internal staff
TRN-2025-0379,GRT-2023-002,PRJ-2023-012,ACT-0073,LOC-ARU-001,FP-2025-01,STF-007,Child Centred Learning Methods,Leadership,Teachers,2025-01-14,2025-01-16,3,25,21,11,10,12,1,2170000.0,TZS,103333.33,41.6,64.0,22.4,21,District Council Hall,Training delivered by internal staff
TRN-2025-0380,GRT-2024-003,PRJ-2024-005,ACT-0060,LOC-ARU-004,FP-2025-08,STF-014,HIV AIDS Awareness,Financial Management,Health Facility Staff,2025-08-01,2025-08-04,4,25,19,11,8,12,0,2630000.0,TZS,138421.05,,66.7,24.2,0,Community Centre,
TRN-2025-0381,GRT-2023-001,PRJ-2023-002,ACT-0007,LOC-KIL-002,FP-2025-01,STF-016,Community Health Worker Basic Training,Vocational,Health Facility Staff,2025-01-09,2025-01-10,2,30,26,10,16,8,0,1065000.0,TZS,40961.54,52.9,80.3,27.4,26,Hotel Conference Room,Training delivered by external facilitator
TRN-2025-0382,GRT-2024-001,PRJ-2024-001,ACT-0038,LOC-MAN-001,FP-2025-09,STF-014,Improved Farming Techniques,Leadership,Smallholder Farmers,2025-09-01,2025-09-04,4,60,53,18,35,30,0,4955000.0,TZS,93490.57,36.6,61.5,24.9,53,Community Centre,Training delivered by external facilitator
TRN-2025-0383,GRT-2024-002,PRJ-2024-004,ACT-0050,LOC-MAN-004,FP-2025-11,STF-005,Child Safeguarding and Protection,Awareness,Social Welfare Officers,2025-11-05,2025-11-06,2,50,41,14,27,22,2,3013000.0,TZS,73487.8,33.5,63.6,30.1,41,District Council Hall,Training delivered by external facilitator
TRN-2025-0384,GRT-2023-001,PRJ-2023-002,ACT-0008,LOC-KIL-002,FP-2025-06,STF-024,Malaria Prevention and Treatment,Financial Management,Health Facility Staff,2025-06-11,2025-06-11,1,40,37,17,20,14,0,1588000.0,TZS,42918.92,42.5,70.7,28.2,0,School Hall,Training delivered by internal staff
TRN-2025-0385,GRT-2023-001,PRJ-2023-002,ACT-0009,LOC-KIL-002,FP-2025-03,STF-033,First Aid and Emergency Response,Awareness,Health Facility Staff,2025-03-13,2025-03-15,3,25,25,16,9,13,1,1678000.0,TZS,67120.0,31.0,64.9,33.9,25,District Council Hall,
TRN-2025-0386,GRT-2024-001,PRJ-2024-001,ACT-0040,LOC-MAN-001,FP-2025-04,STF-019,Improved Farming Techniques,Awareness,Agro Dealers,2025-04-12,2025-04-12,1,20,15,8,7,7,0,427000.0,TZS,28466.67,36.8,69.4,32.6,15,Government Office Meeting Room,Training delivered by government partner
TRN-2025-0387,GRT-2023-002,PRJ-2023-012,ACT-0073,LOC-ARU-001,FP-2025-07,STF-006,Inclusive Education,Vocational,School Administrators,2025-07-20,2025-07-23,4,100,89,46,43,27,0,10123000.0,TZS,113741.57,54.6,88.4,33.8,89,School Hall,
TRN-2025-0388,GRT-2023-001,PRJ-2023-002,ACT-0006,LOC-KIL-002,FP-2025-07,STF-021,WASH Behaviour Change,Technical,Village Health Workers,2025-07-24,2025-07-24,1,20,16,5,11,6,0,620000.0,TZS,38750.0,46.0,67.3,21.3,0,Community Centre,Training delivered by internal staff
TRN-2025-0389,GRT-2023-001,PRJ-2023-011,ACT-0062,LOC-MAN-001,FP-2025-01,STF-020,Nutrition Counselling,Awareness,Community Health Workers,2025-01-09,2025-01-10,2,80,66,34,32,26,0,3092000.0,TZS,46848.48,34.2,66.9,32.7,0,School Hall,Training delivered by government partner
TRN-2025-0390,GRT-2022-004,PRJ-2023-005,ACT-0019,LOC-KIL-001,FP-2025-01,STF-014,Teacher Pedagogy Training,Vocational,Education Officers,2025-01-22,2025-01-26,5,60,51,27,24,20,0,8161000.0,TZS,160019.61,31.1,55.1,24.0,51,CDFT Training Centre,
TRN-2025-0391,GRT-2023-002,PRJ-2023-012,ACT-0070,LOC-ARU-001,FP-2025-02,STF-022,Inclusive Education,Leadership,Parent Teachers Association Members,2025-02-13,2025-02-16,4,30,25,16,9,8,1,2060000.0,TZS,82400.0,40.1,56.5,16.4,25,Government Office Meeting Room,
TRN-2025-0392,GRT-2024-004,PRJ-2024-006,ACT-0065,LOC-MAN-002,FP-2025-03,STF-037,Conservation Agriculture,Awareness,Youth Farmers,2025-03-20,2025-03-23,4,40,33,13,20,19,0,5239000.0,TZS,158757.58,40.8,74.7,33.9,0,Community Centre,
TRN-2025-0393,GRT-2023-003,PRJ-2023-013,ACT-0077,LOC-ARU-001,FP-2025-05,STF-035,Nutrition Counselling,Vocational,Health Facility Staff,2025-05-18,2025-05-22,5,100,75,38,37,33,3,14926000.0,TZS,199013.33,44.5,84.0,39.5,75,District Council Hall,Training delivered by government partner
TRN-2025-0394,GRT-2024-003,PRJ-2024-005,ACT-0057,LOC-ARU-004,FP-2025-05,STF-008,Malaria Prevention and Treatment,Technical,Health Facility Staff,2025-05-05,2025-05-07,3,100,98,42,56,32,0,10932000.0,TZS,111551.02,36.6,71.2,34.6,98,Government Office Meeting Room,Training delivered by external facilitator
TRN-2025-0395,GRT-2024-002,PRJ-2024-003,ACT-0046,LOC-ARU-003,FP-2025-08,STF-020,Case Management Procedures,Awareness,Social Welfare Officers,2025-08-09,2025-08-12,4,25,21,14,7,12,1,2149000.0,TZS,102333.33,45.7,69.3,23.6,21,CDFT Training Centre,Training delivered by external facilitator
TRN-2025-0396,GRT-2023-003,PRJ-2023-013,ACT-0081,LOC-ARU-001,FP-2025-03,STF-032,HIV AIDS Awareness,Vocational,Community Members,2025-03-20,2025-03-22,3,80,73,48,25,24,1,8736000.0,TZS,119671.23,44.9,67.1,22.2,0,School Hall,
TRN-2025-0397,GRT-2023-005,PRJ-2023-010,ACT-0054,LOC-KIL-001,FP-2025-09,STF-010,Malaria Prevention and Treatment,Financial Management,Health Facility Staff,2025-09-02,2025-09-03,2,60,45,29,16,18,1,2448000.0,TZS,54400.0,30.1,65.9,35.8,45,School Hall,
TRN-2025-0398,GRT-2023-001,PRJ-2023-001,ACT-0003,LOC-KIL-001,FP-2025-05,STF-032,Nutrition Counselling,Vocational,Village Health Workers,2025-05-11,2025-05-14,4,20,19,7,12,6,0,1575000.0,TZS,82894.74,45.6,85.1,39.5,0,Community Centre,Training delivered by internal staff
TRN-2025-0399,GRT-2023-001,PRJ-2023-001,ACT-0004,LOC-KIL-001,FP-2025-11,STF-008,Community Health Worker Basic Training,Technical,Community Health Workers,2025-11-09,2025-11-11,3,25,21,8,13,11,0,2540000.0,TZS,120952.38,37.5,68.2,30.7,21,District Council Hall,Training delivered by government partner
TRN-2025-0400,GRT-2023-005,PRJ-2023-010,ACT-0054,LOC-KIL-001,FP-2025-06,STF-015,Nutrition Counselling,Technical,Health Facility Staff,2025-06-03,2025-06-05,3,80,79,31,48,32,0,7136000.0,TZS,90329.11,36.3,58.5,22.2,0,School Hall,
TRN-2025-0401,GRT-2023-005,PRJ-2023-010,ACT-0055,LOC-KIL-001,FP-2025-05,STF-014,First Aid and Emergency Response,Financial Management,Health Facility Staff,2025-05-10,2025-05-10,1,30,26,17,9,10,1,1013000.0,TZS,38961.54,,49.5,17.6,0,Government Office Meeting Room,Training delivered by external facilitator
TRN-2025-0402,GRT-2023-004,PRJ-2023-009,ACT-0036,LOC-MAN-003,FP-2025-01,STF-026,Disaster Risk Reduction,Financial Management,Community Leaders,2025-01-15,2025-01-15,1,25,22,8,14,8,0,827000.0,TZS,37590.91,30.8,62.8,32.0,0,Government Office Meeting Room,
TRN-2025-0403,GRT-2023-001,PRJ-2023-002,ACT-0007,LOC-KIL-002,FP-2025-10,STF-005,First Aid and Emergency Response,Technical,Village Health Workers,2025-10-02,2025-10-06,5,100,82,35,47,35,4,7523000.0,TZS,91743.9,43.8,77.0,33.2,82,Community Centre,Training delivered by external facilitator
TRN-2025-0404,GRT-2024-001,PRJ-2024-002,ACT-0042,LOC-KIL-004,FP-2025-11,STF-027,Post Harvest Handling,Leadership,Cooperative Members,2025-11-09,2025-11-13,5,60,55,19,36,35,0,7567000.0,TZS,137581.82,51.7,77.3,25.6,55,CDFT Training Centre,Training delivered by external facilitator
TRN-2025-0405,GRT-2023-003,PRJ-2023-013,ACT-0077,LOC-ARU-001,FP-2025-02,STF-028,Malaria Prevention and Treatment,Leadership,Health Facility Staff,2025-02-06,2025-02-10,5,40,34,22,12,11,0,3323000.0,TZS,97735.29,42.6,68.0,25.4,34,Community Centre,Training delivered by government partner
TRN-2025-0406,GRT-2024-004,PRJ-2024-006,ACT-0065,LOC-MAN-002,FP-2025-04,STF-017,Disaster Risk Reduction,Technical,Community Leaders,2025-04-12,2025-04-15,4,30,31,11,20,16,1,4240000.0,TZS,136774.19,39.7,58.2,18.5,31,School Hall,Training delivered by internal staff
TRN-2025-0407,GRT-2023-004,PRJ-2023-008,ACT-0033,LOC-MAN-002,FP-2025-05,STF-027,Climate Smart Agriculture Practices,Vocational,Youth Farmers,2025-05-24,2025-05-26,3,80,65,40,25,23,1,5507000.0,TZS,84723.08,45.2,69.0,23.8,65,Community Centre,Training delivered by government partner
TRN-2025-0408,GRT-2023-003,PRJ-2023-013,ACT-0077,LOC-ARU-001,FP-2025-10,STF-027,HIV AIDS Awareness,Leadership,Community Members,2025-10-08,2025-10-09,2,30,30,15,15,19,0,2526000.0,TZS,84200.0,50.5,66.8,16.3,0,CDFT Training Centre,
TRN-2025-0409,GRT-2024-002,PRJ-2024-004,ACT-0053,LOC-MAN-004,FP-2025-02,STF-008,Child Safeguarding and Protection,Awareness,Community Child Protection Committee Members,2025-02-21,2025-02-23,3,40,41,17,24,24,1,4363000.0,TZS,106414.63,52.1,90.7,38.6,41,School Hall,Training delivered by external facilitator
TRN-2025-0410,GRT-2023-002,PRJ-2023-004,ACT-0017,LOC-ARU-002,FP-2025-08,STF-018,School Management Training,Awareness,Teachers,2025-08-11,2025-08-11,1,25,19,10,9,6,1,424000.0,TZS,22315.79,53.1,86.2,33.1,0,School Hall,Training delivered by internal staff
TRN-2025-0411,GRT-2024-002,PRJ-2024-003,ACT-0047,LOC-ARU-003,FP-2025-06,STF-018,Community Based Child Protection,Leadership,Community Leaders,2025-06-12,2025-06-16,5,20,20,13,7,6,1,4103000.0,TZS,205150.0,39.0,56.2,17.2,20,Hotel Conference Room,
TRN-2025-0412,GRT-2023-002,PRJ-2023-012,ACT-0070,LOC-ARU-001,FP-2025-08,STF-019,Early Childhood Development,Technical,Education Officers,2025-08-26,2025-08-26,1,50,43,26,17,21,1,1659000.0,TZS,38581.4,45.7,62.1,16.4,43,Community Centre,Training delivered by government partner
TRN-2025-0413,GRT-2024-001,PRJ-2024-002,ACT-0042,LOC-KIL-004,FP-2025-04,STF-022,Market Information Systems,Vocational,Smallholder Farmers,2025-04-22,2025-04-26,5,30,26,11,15,12,1,4391000.0,TZS,168884.62,48.7,64.3,15.6,26,Government Office Meeting Room,
TRN-2025-0414,GRT-2023-002,PRJ-2023-012,ACT-0073,LOC-ARU-001,FP-2025-11,STF-020,Teacher Pedagogy Training,Awareness,School Administrators,2025-11-20,2025-11-24,5,40,35,14,21,16,1,3542000.0,TZS,101200.0,35.0,55.9,20.9,0,Community Centre,Training delivered by internal staff
TRN-2025-0415,GRT-2024-001,PRJ-2024-001,ACT-0039,LOC-MAN-001,FP-2025-01,STF-011,Cooperative Management,Technical,Extension Officers,2025-01-01,2025-01-03,3,25,20,13,7,12,0,1509000.0,TZS,75450.0,44.5,67.4,22.9,20,Government Office Meeting Room,
TRN-2025-0416,GRT-2023-003,PRJ-2023-006,ACT-0023,LOC-KIL-001,FP-2025-06,STF-035,Gender and Rights Awareness,Vocational,Women Group Members,2025-06-08,2025-06-08,1,30,22,10,12,9,1,472000.0,TZS,21454.55,34.1,59.1,25.0,22,Government Office Meeting Room,Training delivered by external facilitator
TRN-2025-0417,GRT-2023-003,PRJ-2023-006,ACT-0023,LOC-KIL-001,FP-2025-10,STF-038,Market Linkage Training,Technical,VSLA Members,2025-10-10,2025-10-14,5,25,24,10,14,14,1,5097000.0,TZS,212375.0,,77.3,35.1,0,School Hall,Training delivered by external facilitator
TRN-2025-0418,GRT-2023-004,PRJ-2023-009,ACT-0036,LOC-MAN-003,FP-2025-02,STF-035,Climate Smart Agriculture Practices,Technical,Community Leaders,2025-02-11,2025-02-13,3,20,18,8,10,7,0,1098000.0,TZS,61000.0,30.1,64.3,34.2,0,Hotel Conference Room,Training delivered by government partner
TRN-2025-0419,GRT-2024-003,PRJ-2024-005,ACT-0057,LOC-ARU-004,FP-2025-10,STF-038,HIV AIDS Awareness,Leadership,Health Facility Staff,2025-10-21,2025-10-25,5,60,47,30,17,18,2,4817000.0,TZS,102489.36,45.0,,37.8,0,Hotel Conference Room,
TRN-2025-0420,GRT-2023-001,PRJ-2023-001,ACT-0004,LOC-KIL-001,FP-2025-01,STF-039,First Aid and Emergency Response,Technical,Community Health Workers,2025-01-01,2025-01-05,5,80,77,34,43,43,3,8803000.0,TZS,114324.68,54.7,85.8,31.1,77,CDFT Training Centre,
TRN-2025-0421,GRT-2024-002,PRJ-2024-003,ACT-0046,LOC-ARU-003,FP-2025-07,STF-018,Child Safeguarding and Protection,Technical,Religious Leaders,2025-07-06,2025-07-10,5,80,81,37,44,37,1,12914000.0,TZS,159432.1,32.7,59.8,27.1,0,Hotel Conference Room,
TRN-2025-0422,GRT-2024-002,PRJ-2024-003,ACT-0047,LOC-ARU-003,FP-2025-11,STF-014,Case Management Procedures,Vocational,Religious Leaders,2025-11-02,2025-11-06,5,40,38,12,26,17,0,7719000.0,TZS,203131.58,,82.0,32.9,0,School Hall,
TRN-2025-0423,GRT-2024-002,PRJ-2024-004,ACT-0052,LOC-MAN-004,FP-2025-05,STF-012,Reporting and Referral Pathways,Technical,Community Child Protection Committee Members,2025-05-07,2025-05-09,3,20,17,9,8,6,1,1603000.0,TZS,94294.12,44.3,,17.6,17,Government Office Meeting Room,Training delivered by government partner
TRN-2025-0424,GRT-2024-002,PRJ-2024-003,ACT-0046,LOC-ARU-003,FP-2025-04,STF-032,Case Management Procedures,Vocational,Social Welfare Officers,2025-04-10,2025-04-10,1,40,36,21,15,16,1,1482000.0,TZS,41166.67,32.4,48.8,16.4,36,Community Centre,Training delivered by internal staff
TRN-2025-0425,GRT-2024-002,PRJ-2024-003,ACT-0048,LOC-ARU-003,FP-2025-01,STF-028,Reporting and Referral Pathways,Technical,Social Welfare Officers,2025-01-05,2025-01-08,4,50,39,15,24,16,0,5079000.0,TZS,130230.77,44.3,65.6,21.3,39,Community Centre,
TRN-2025-0426,GRT-2023-002,PRJ-2023-012,ACT-0071,LOC-ARU-001,FP-2025-07,STF-031,Child Centred Learning Methods,Awareness,Teachers,2025-07-12,2025-07-12,1,20,17,6,11,7,0,704000.0,TZS,41411.76,38.7,55.0,16.3,17,Hotel Conference Room,
TRN-2025-0427,GRT-2023-003,PRJ-2023-013,ACT-0078,LOC-ARU-001,FP-2025-02,STF-007,Nutrition Counselling,Financial Management,Community Members,2025-02-14,2025-02-16,3,20,20,7,13,6,0,1995000.0,TZS,99750.0,49.1,70.9,,20,CDFT Training Centre,Training delivered by government partner
TRN-2025-0428,GRT-2023-004,PRJ-2023-008,ACT-0033,LOC-MAN-002,FP-2025-02,STF-023,Climate Smart Agriculture Practices,Awareness,Extension Officers,2025-02-05,2025-02-08,4,30,29,10,19,10,0,3230000.0,TZS,111379.31,39.6,56.9,17.3,29,Hotel Conference Room,Training delivered by internal staff
TRN-2025-0429,GRT-2022-004,PRJ-2023-005,ACT-0019,LOC-KIL-001,FP-2025-10,STF-022,Child Centred Learning Methods,Leadership,School Administrators,2025-10-14,2025-10-17,4,80,66,40,26,40,1,9971000.0,TZS,151075.76,48.9,76.6,27.7,66,Government Office Meeting Room,Training delivered by government partner
TRN-2025-0430,GRT-2021-001,PRJ-2023-007,ACT-0029,LOC-ARU-001,FP-2025-06,STF-040,Financial Literacy and Savings,Leadership,Youth Women,2025-06-21,2025-06-23,3,25,19,8,11,7,0,1128000.0,TZS,59368.42,47.4,82.6,,19,Community Centre,
TRN-2025-0431,GRT-2023-005,PRJ-2023-010,ACT-0056,LOC-KIL-001,FP-2025-02,STF-024,HIV AIDS Awareness,Technical,Community Health Workers,2025-02-20,2025-02-20,1,60,59,27,32,28,2,1632000.0,TZS,27661.02,51.9,74.0,22.1,0,Community Centre,
TRN-2025-0432,GRT-2022-003,PRJ-2023-003,ACT-0012,LOC-KIL-003,FP-2025-02,STF-015,WASH Behaviour Change,Financial Management,Community Health Workers,2025-02-23,2025-02-24,2,60,48,21,27,22,0,2355000.0,TZS,49062.5,40.4,62.7,22.3,48,Government Office Meeting Room,
TRN-2025-0433,GRT-2023-001,PRJ-2023-011,ACT-0063,LOC-MAN-001,FP-2025-09,STF-019,Community Health Worker Basic Training,Vocational,Community Health Workers,2025-09-07,2025-09-10,4,40,31,19,12,14,0,3516000.0,TZS,113419.35,44.3,,35.9,31,Hotel Conference Room,
TRN-2025-0434,GRT-2023-004,PRJ-2023-008,ACT-0033,LOC-MAN-002,FP-2025-11,STF-009,Conservation Agriculture,Vocational,Community Leaders,2025-11-22,2025-11-25,4,40,36,16,20,11,1,6270000.0,TZS,174166.67,46.4,84.8,38.4,36,CDFT Training Centre,Training delivered by government partner
TRN-2025-0435,GRT-2022-004,PRJ-2023-005,ACT-0019,LOC-KIL-001,FP-2025-01,STF-028,Early Childhood Development,Technical,Parent Teachers Association Members,2025-01-20,2025-01-22,3,50,49,20,29,20,2,5251000.0,TZS,107163.27,46.6,73.3,26.7,49,CDFT Training Centre,Training delivered by government partner
TRN-2025-0436,GRT-2024-001,PRJ-2024-001,ACT-0041,LOC-MAN-001,FP-2025-08,STF-027,Improved Farming Techniques,Financial Management,Cooperative Members,2025-08-23,2025-08-27,5,30,31,11,20,13,1,5029000.0,TZS,162225.81,54.8,93.1,38.3,31,CDFT Training Centre,Training delivered by internal staff
TRN-2025-0437,GRT-2023-005,PRJ-2023-010,ACT-0055,LOC-KIL-001,FP-2025-10,STF-027,First Aid and Emergency Response,Technical,Community Members,2025-10-05,2025-10-06,2,40,41,16,25,19,0,2351000.0,TZS,57341.46,37.9,61.5,23.6,41,District Council Hall,Training delivered by external facilitator
TRN-2025-0438,GRT-2024-004,PRJ-2024-006,ACT-0066,LOC-MAN-002,FP-2025-01,STF-009,Disaster Risk Reduction,Technical,Extension Officers,2025-01-26,2025-01-26,1,25,20,12,8,8,1,833000.0,TZS,41650.0,45.4,80.5,35.1,20,District Council Hall,Training delivered by internal staff
TRN-2025-0439,GRT-2024-001,PRJ-2024-007,ACT-0075,LOC-ARU-002,FP-2025-08,STF-040,Irrigation Management,Financial Management,Agro Dealers,2025-08-24,2025-08-27,4,80,76,25,51,24,2,8624000.0,TZS,113473.68,43.3,83.2,39.9,0,District Council Hall,Training delivered by government partner
TRN-2025-0440,GRT-2024-001,PRJ-2024-007,ACT-0074,LOC-ARU-002,FP-2025-09,STF-030,Improved Farming Techniques,Technical,Smallholder Farmers,2025-09-04,2025-09-04,1,50,49,28,21,30,0,1077000.0,TZS,21979.59,54.0,85.5,31.5,49,School Hall,
TRN-2025-0441,GRT-2024-001,PRJ-2024-007,ACT-0075,LOC-ARU-002,FP-2025-06,STF-007,Improved Farming Techniques,Vocational,Cooperative Members,2025-06-07,2025-06-07,1,30,28,15,13,12,0,637000.0,TZS,22750.0,36.5,69.1,32.6,0,Hotel Conference Room,Training delivered by external facilitator
TRN-2025-0442,GRT-2022-003,PRJ-2023-003,ACT-0014,LOC-KIL-003,FP-2025-08,STF-035,Nutrition Counselling,Awareness,Community Members,2025-08-05,2025-08-06,2,40,41,24,17,24,1,1886000.0,TZS,46000.0,35.6,63.6,28.0,41,Hotel Conference Room,Training delivered by external facilitator
TRN-2025-0443,GRT-2021-001,PRJ-2023-007,ACT-0030,LOC-ARU-001,FP-2025-04,STF-025,Financial Literacy and Savings,Leadership,Female Entrepreneurs,2025-04-06,2025-04-06,1,30,29,13,16,16,1,1084000.0,TZS,37379.31,31.8,57.7,25.9,0,District Council Hall,
TRN-2025-0444,GRT-2023-005,PRJ-2023-010,ACT-0055,LOC-KIL-001,FP-2025-01,STF-014,Nutrition Counselling,Leadership,Health Facility Staff,2025-01-18,2025-01-18,1,60,58,20,38,36,2,1889000.0,TZS,32568.97,31.8,62.1,30.3,0,School Hall,Training delivered by internal staff
TRN-2025-0445,GRT-2023-001,PRJ-2023-001,ACT-0002,LOC-KIL-001,FP-2025-07,STF-034,HIV AIDS Awareness,Awareness,Health Facility Staff,2025-07-05,2025-07-09,5,80,71,27,44,39,2,15942000.0,TZS,224535.21,42.6,69.2,26.6,0,Community Centre,
TRN-2025-0446,GRT-2023-002,PRJ-2023-004,ACT-0015,LOC-ARU-002,FP-2025-03,STF-014,Child Centred Learning Methods,Awareness,Teachers,2025-03-17,2025-03-20,4,100,88,28,60,26,1,9039000.0,TZS,102715.91,54.1,,23.4,0,Government Office Meeting Room,Training delivered by internal staff
TRN-2025-0447,GRT-2023-005,PRJ-2023-010,ACT-0055,LOC-KIL-001,FP-2025-05,STF-008,Community Health Worker Basic Training,Financial Management,Village Health Workers,2025-05-23,2025-05-23,1,100,96,54,42,44,3,3531000.0,TZS,36781.25,38.6,65.0,26.4,0,Hotel Conference Room,
TRN-2025-0448,GRT-2023-005,PRJ-2023-010,ACT-0056,LOC-KIL-001,FP-2025-05,STF-005,Nutrition Counselling,Vocational,Community Health Workers,2025-05-25,2025-05-27,3,80,68,31,37,29,1,4118000.0,TZS,60558.82,37.5,55.8,18.3,0,School Hall,
TRN-2025-0449,GRT-2023-003,PRJ-2023-006,ACT-0022,LOC-KIL-001,FP-2025-09,STF-025,Market Linkage Training,Technical,Female Entrepreneurs,2025-09-19,2025-09-21,3,50,42,21,21,15,2,2881000.0,TZS,68595.24,37.7,58.3,20.6,0,CDFT Training Centre,Training delivered by external facilitator
TRN-2025-0450,GRT-2022-004,PRJ-2023-005,ACT-0018,LOC-KIL-001,FP-2025-08,STF-021,Early Childhood Development,Financial Management,School Administrators,2025-08-04,2025-08-04,1,30,28,14,14,14,0,527000.0,TZS,18821.43,35.2,60.7,25.5,28,School Hall,Training delivered by internal staff
