procurement_id,grant_id,project_id,budget_line_id,vendor_id,location_id,period_id,status_id,procurement_type,description,quantity,unit,unit_price,total_value,currency,po_date,expected_delivery,actual_delivery,grn_reference,invoice_reference,invoice_date,payment_due_date,payment_date,expenditure_id,quotations_obtained,single_source_justified,committee_approval_ref,notes
PRC-2025-0001,GRT-2023-002,PRJ-2023-004,BDL-0022,VND-0007,LOC-ARU-002,FP-2025-01,STS-008,Quotation,Blood Pressure Monitors for PRJ-2023-004,3,Sets,296200.0,888600.0,TZS,2025-01-30,2025-02-11,2025-02-14,GRN-2025-0001,INV-VND-2025-0001,2025-02-19,,,,5,False,,
PRC-2025-0002,GRT-2023-003,PRJ-2023-006,BDL-0074,VND-0012,LOC-KIL-001,FP-2025-07,STS-007,Quotation,Toyota Land Cruiser 4x4 for PRJ-2023-006,1,Sets,44286700.0,44286700.0,TZS,2025-07-10,2025-08-24,2025-08-29,GRN-2025-0002,,,,,,6,False,PC-2025-025,
PRC-2025-0003,GRT-2024-002,PRJ-2024-003,BDL-0172,VND-0075,LOC-ARU-003,FP-2025-09,STS-008,Quotation,Dell Laptop Computer for PRJ-2024-003,1,Kg,1967900.0,1967900.0,TZS,2025-09-04,2025-10-04,2025-10-06,GRN-2025-0003,INV-VND-2025-0003,2025-10-08,,,,3,False,PC-2025-060,
PRC-2025-0004,GRT-2023-002,PRJ-2023-012,BDL-0029,VND-0070,LOC-ARU-001,FP-2025-06,STS-010,Quotation,Malaria Rapid Test Kits Box for PRJ-2023-012,85,Sets,280100.0,23808500.0,TZS,2025-06-25,2025-07-15,2025-07-27,GRN-2025-0004,INV-VND-2025-0004,2025-08-02,2025-09-01,2025-08-28,EXP-28301,4,False,PC-2025-146,
PRC-2025-0005,GRT-2023-001,PRJ-2023-002,BDL-0004,VND-0119,LOC-KIL-002,FP-2025-01,STS-009,Quotation,Motorcycle Honda for PRJ-2023-002,1,Kg,4121500.0,-4121500.0,TZS,2025-01-20,2025-02-03,2025-02-17,GRN-2025-0005,INV-VND-2025-0005,2025-02-24,2025-03-26,2025-03-25,EXP-48469,4,False,PC-2025-153,
PRC-2025-0006,GRT-2024-004,PRJ-2024-006,BDL-0229,VND-0135,LOC-MAN-002,FP-2025-03,STS-009,Quotation,Eucalyptus Seedlings for PRJ-2024-006,6545,Boxes,900.0,5890500.0,TZS,2025-03-13,2025-04-12,2025-04-18,GRN-2025-0006,INV-VND-2025-0006,2025-04-20,2025-05-20,2025-05-19,EXP-21226,7,False,PC-2025-083,
PRC-2025-0007,GRT-2021-001,PRJ-2023-007,BDL-0207,VND-0093,LOC-ARU-001,FP-2025-05,STS-004,Tender,Vegetable Seed Pack for PRJ-2023-007,797,Units,9000.0,7173000.0,TZS,2025-05-10,2025-05-21,,,,,,,,7,False,PC-2025-116,
PRC-2025-0008,GRT-2023-004,PRJ-2023-008,BDL-0102,VND-0116,LOC-MAN-002,FP-2025-09,STS-010,Quotation,HP Desktop Computer for PRJ-2023-008,1,Kg,1429900.0,1429900.0,TZS,2025-09-14,2025-10-06,2025-10-18,GRN-2025-0008,INV-VND-2025-0008,2025-10-20,2025-11-19,2025-12-21,EXP-56438,5,False,PC-2025-034,
PRC-2025-0009,GRT-2021-001,PRJ-2023-007,BDL-0207,VND-0112,LOC-ARU-001,FP-2025-03,STS-010,Quotation,Office Chair for PRJ-2023-007,9,Units,269500.0,2425500.0,TZS,2025-03-06,2025-03-16,03-30-2025,GRN-2025-0009,INV-VND-2025-0009,2025-03-31,2025-04-30,2025-04-27,EXP-31798,3,False,PC-2025-114,
PRC-2025-0010,GRT-2023-002,PRJ-2023-012,BDL-0037,VND-0147,LOC-ARU-001,FP-2025-09,STS-002,Quotation,Bean Seeds 2kg for PRJ-2023-012,585,Boxes,12500.0,7312500.0,TZS,2025-09-16,2025-10-25,,,,,,,,5,False,PC-2025-015,
PRC-2025-0011,GRT-2023-004,PRJ-2023-008,BDL-0112,VND-0087,LOC-MAN-002,FP-2025-05,STS-009,Tender,Oral Rehydration Salts for PRJ-2023-008,139,Litres,36900.0,5129100.0,TZS,28-May-2025,2025-06-17,2025-06-24,GRN-2025-0011,INV-VND-2025-0011,2025-06-28,2025-07-28,2025-08-21,EXP-69929,7,False,PC-2025-145,
PRC-2025-0012,GRT-2023-004,PRJ-2023-008,BDL-0111,VND-0079,LOC-MAN-002,FP-2025-03,STS-010,Quotation,Training Handouts Printing for PRJ-2023-008,283,Kg,40100.0,11348300.0,TZS,2025-03-09,2025-03-24,2025-03-29,GRN-2025-0012,INV-VND-2025-0012,2025-03-30,2025-04-29,2025-04-27,EXP-45697,7,False,PC-2025-077,
PRC-2025-0013,GRT-2023-004,PRJ-2023-009,BDL-0101,VND-0118,LOC-MAN-003,FP-2025-03,STS-009,Quotation,Motorcycle Honda for PRJ-2023-009,1,Units,4231800.0,4231800.0,TZS,2025-03-13,2025-03-24,2025-03-25,GRN-2025-0013,INV-VND-2025-0013,2025-04-01,2025-05-01,2025-04-23,EXP-29410,4,False,PC-2025-142,
PRC-2025-0014,GRT-2023-005,PRJ-2023-010,BDL-0148,VND-0061,LOC-KIL-001,FP-2025-08,STS-010,Quotation,Blood Pressure Monitors for PRJ-2023-010,9,Boxes,352900.0,3176100.0,TZS,2025-08-13,2025-09-04,2025-09-09,GRN-2025-0014,INV-VND-2025-0014,2025-09-15,2025-10-15,2025-10-22,EXP-71694,4,False,,
PRC-2025-0015,GRT-2024-002,PRJ-2024-003,BDL-0170,VND-0032,LOC-ARU-003,FP-2025-02,STS-010,Quotation,Timber Planks for PRJ-2024-003,190,Kg,13900.0,2641000.0,TZS,2025-02-03,2025-02-16,2025-02-26,GRN-2025-0015,INV-VND-2025-0015,2025-03-05,2025-04-04,2025-03-26,EXP-77033,4,False,PC-2025-046,
PRC-2025-0016,GRT-2021-001,PRJ-2023-007,BDL-0201,VND-0048,LOC-ARU-001,FP-2025-07,STS-009,Tender,Indigenous Tree Seedlings for PRJ-2023-007,7766,Units,700.0,5436200.0,TZS,2025-07-01,2025-08-02,2025-08-08,GRN-2025-0016,INV-VND-2025-0016,2025-08-10,2025-09-09,2025-09-03,EXP-98777,7,False,PC-2025-080,
PRC-2025-0017,GRT-2021-001,PRJ-2023-007,BDL-0206,VND-0020,LOC-ARU-001,FP-2025-05,STS-010,Quotation,Motorcycle Honda for PRJ-2023-007,1,Kg,4629900.0,4629900.0,TZS,2025-05-15,2025-06-10,2025-06-14,GRN-2025-0017,INV-VND-2025-0017,2025-06-16,2025-07-16,05/08/2025,EXP-72277,5,False,,
PRC-2025-0018,GRT-2023-004,PRJ-2023-008,BDL-0105,VND-0125,LOC-MAN-002,FP-2025-06,STS-010,Quotation,Iron Sheets for PRJ-2023-008,93,Litres,41900.0,3896700.0,TZS,2025-06-26,2025-07-31,2025-08-13,GRN-2025-0018,INV-VND-2025-0018,2025-08-18,2025-09-17,2025-09-15,EXP-72216,3,False,PC-2025-119,
PRC-2025-0019,GRT-2023-002,PRJ-2023-012,BDL-0024,VND-0057,LOC-ARU-001,FP-2025-09,STS-007,Quotation,Paracetamol Tablets for PRJ-2023-012,308,Kg,30100.0,9270800.0,TZS,2025-09-10,13-Oct-2025,2025-10-11,GRN-2025-0019,,,,,,6,False,PC-2025-105,
PRC-2025-0020,GRT-2024-002,PRJ-2024-003,BDL-0163,VND-0007,LOC-ARU-003,FP-2025-08,STS-009,Quotation,Iron Sheets for PRJ-2024-003,61,Boxes,43600.0,2659600.0,TZS,2025-08-10,2025-08-27,2025-09-07,GRN-2025-0020,INV-VND-2025-0020,2025-09-12,2025-10-12,2025-10-06,EXP-87580,4,False,,
PRC-2025-0021,GRT-2023-005,PRJ-2023-010,BDL-0143,VND-0008,LOC-KIL-001,FP-2025-02,STS-006,Direct Purchase,Manila Files Box for PRJ-2023-010,28,Boxes,17100.0,478800.0,TZS,19/02/2025,2025-02-28,,,,,,,,1,False,,
PRC-2025-0022,GRT-2024-001,PRJ-2024-007,BDL-0089,VND-0055,LOC-ARU-002,FP-2025-06,STS-010,Quotation,Sunflower Seeds 1kg for PRJ-2024-007,150,Units,15800.0,2370000.0,TZS,2025-06-23,2025-07-06,2025-07-21,GRN-2025-0022,,2025-07-24,2025-08-23,2025-08-17,EXP-61990,5,False,,
PRC-2025-0023,GRT-2023-001,PRJ-2023-002,BDL-0012,VND-0145,LOC-KIL-002,FP-2025-07,STS-008,Tender,Eucalyptus Seedlings for PRJ-2023-002,6294,Litres,800.0,5035200.0,TZS,2025-07-19,2025-08-24,2025-08-25,GRN-2025-0023,INV-VND-2025-0023,2025-08-31,,,,6,False,PC-2025-028,
PRC-2025-0024,GRT-2024-001,PRJ-2024-002,BDL-0090,VND-0077,LOC-KIL-004,FP-2025-06,STS-009,Quotation,Markers Set for PRJ-2024-002,48,Boxes,12500.0,600000.0,TZS,2025-06-30,2025-07-18,2025-07-30,GRN-2025-0024,INV-VND-2025-0024,2025-08-06,2025-09-05,2025-09-01,EXP-88139,5,False,,
PRC-2025-0025,GRT-2023-001,PRJ-2023-001,BDL-0003,VND-0064,LOC-KIL-001,FP-2025-07,STS-008,Quotation,Office Chair for PRJ-2023-001,9,Litres,292700.0,2634300.0,TZS,2025-07-03,2025-08-01,2025-08-12,GRN-2025-0025,INV-VND-2025-0025,2025-08-15,,,,4,False,PC-2025-142,
PRC-2025-0026,GRT-2023-004,PRJ-2023-009,BDL-0118,VND-0077,LOC-MAN-003,FP-2025-10,STS-001,Tender,Improved Maize Seed 5kg for PRJ-2023-009,874,Boxes,17500.0,15295000.0,TZS,2025-10-15,2025-10-30,,,,,,,,4,False,PC-2025-078,
PRC-2025-0027,GRT-2023-002,PRJ-2023-004,BDL-0022,VND-0084,LOC-ARU-002,FP-2025-02,STS-009,Quotation,Participant Bags for PRJ-2023-004,116,Sets,23700.0,2749200.0,TZS,2025-02-17,2025-03-21,2025-04-02,GRN-2025-0027,INV-VND-2025-0027,2025-04-08,2025-05-08,2025-05-06,EXP-29555,3,False,PC-2025-065,
PRC-2025-0028,GRT-2024-001,PRJ-2024-007,BDL-0096,VND-0130,LOC-ARU-002,FP-2025-04,STS-009,Quotation,Projector Epson for PRJ-2024-007,1,Kg,1302000.0,1302000.0,TZS,2025-04-05,2025-04-27,2025-04-29,GRN-2025-0028,INV-VND-2025-0028,2025-05-01,2025-05-31,2025-07-03,EXP-87832,3,False,,
PRC-2025-0029,GRT-2021-001,PRJ-2023-007,BDL-0203,VND-0129,LOC-ARU-001,FP-2025-06,STS-007,Quotation,Blood Pressure Monitors for PRJ-2023-007,9,Litres,354100.0,3186900.0,TZS,2025-06-11,2025-07-16,2025-07-16,GRN-2025-0029,,,,,,3,False,,
PRC-2025-0030,GRT-2023-005,PRJ-2023-010,BDL-0150,VND-0144,LOC-KIL-001,FP-2025-04,STS-002,Quotation,Improved Maize Seed 5kg for PRJ-2023-010,318,Litres,20500.0,6519000.0,TZS,2025-04-14,2025-05-21,,,,,,,,5,False,PC-2025-148,
PRC-2025-0031,GRT-2022-003,PRJ-2023-003,BDL-0057,VND-0126,LOC-KIL-003,FP-2025-08,STS-007,Quotation,Fruit Tree Seedlings for PRJ-2023-003,3010,Sets,1300.0,3913000.0,TZS,2025-08-08,2025-09-19,2025-09-17,GRN-2025-0031,,,,,,4,False,PC-2025-106,
PRC-2025-0032,GRT-2023-002,PRJ-2023-012,BDL-0036,VND-0122,LOC-ARU-001,FP-2025-03,STS-006,Quotation,Oral Rehydration Salts for PRJ-2023-012,104,Litres,38100.0,3962400.0,TZS,23-Mar-2025,2025-04-17,,,,,,,,5,False,PC-2025-114,
PRC-2025-0033,GRT-2024-001,PRJ-2024-001,BDL-0083,VND-0130,LOC-MAN-001,FP-2025-06,STS-007,Quotation,Malaria Rapid Test Kits Box for PRJ-2024-001,59,Litres,260200.0,15351800.0,TZS,2025-06-03,2025-07-06,2025-07-18,GRN-2025-0033,,,,,,6,False,PC-2025-184,
PRC-2025-0034,GRT-2023-004,PRJ-2023-009,BDL-0113,VND-0067,LOC-MAN-003,FP-2025-07,STS-009,Tender,Improved Maize Seed 5kg for PRJ-2023-009,462,Units,17500.0,8085000.0,TZS,2025-07-10,2025-08-07,2025-08-21,GRN-2025-0034,INV-VND-2025-0034,2025-08-25,2025-09-24,2025-09-19,EXP-34727,4,False,PC-2025-115,
PRC-2025-0035,GRT-2022-004,PRJ-2023-005,BDL-0134,VND-0109,LOC-KIL-001,FP-2025-03,STS-009,Quotation,Timber Planks for PRJ-2023-005,180,Litres,16800.0,3024000.0,TZS,2025-03-29,2025-05-01,2025-05-02,GRN-2025-0035,INV-VND-2025-0035,2025-05-09,2025-06-08,,EXP-91691,4,False,PC-2025-026,
PRC-2025-0036,GRT-2022-003,PRJ-2023-003,BDL-0049,VND-0068,LOC-KIL-003,FP-2025-01,STS-009,Quotation,External Hard Drive for PRJ-2023-003,3,Boxes,196200.0,588600.0,TZS,2025-01-29,2025-02-07,2025-02-14,GRN-2025-0036,INV-VND-2025-0036,2025-02-17,2025-03-19,2025-03-13,EXP-29080,5,False,PC-2025-026,
PRC-2025-0037,GRT-2023-004,PRJ-2023-008,BDL-0114,VND-0083,LOC-MAN-002,FP-2025-07,STS-003,Tender,Improved Maize Seed 5kg for PRJ-2023-008,924,Pieces,18300.0,16909200.0,TZS,2025-07-10,2025-08-23,,,,,,,,7,False,PC-2025-041,
PRC-2025-0038,GRT-2023-001,PRJ-2023-011,BDL-0004,VND-0138,LOC-MAN-001,FP-2025-06,STS-009,Quotation,UPS Battery for PRJ-2023-011,2,Boxes,516700.0,1033400.0,TZS,2025-06-04,2025-06-11,2025-06-26,GRN-2025-0038,INV-VND-2025-0038,2025-07-03,2025-08-02,2025-08-02,EXP-89482,4,False,PC-2025-006,
PRC-2025-0039,GRT-2022-004,PRJ-2023-005,BDL-0122,VND-0139,LOC-KIL-001,FP-2025-07,STS-010,Quotation,Notebooks Pack for PRJ-2023-005,168,Sets,7700.0,1293600.0,TZS,2025-07-01,2025-08-03,2025-08-05,GRN-2025-0039,INV-VND-2025-0039,2025-08-12,2025-09-11,,EXP-79579,4,False,,
PRC-2025-0040,GRT-2023-004,PRJ-2023-008,BDL-0112,VND-0029,LOC-MAN-002,FP-2025-07,STS-006,Quotation,Office Desk for PRJ-2023-008,4,Litres,605100.0,2420400.0,TZS,2025-07-29,2025-08-28,,,,,,,,4,False,PC-2025-173,
PRC-2025-0041,GRT-2022-003,PRJ-2023-003,BDL-0056,VND-0126,LOC-KIL-003,FP-2025-03,STS-006,Quotation,Office Desk for PRJ-2023-003,3,Litres,738800.0,2216400.0,TZS,2025-03-25,2025-04-25,,,,,,,,4,False,,
PRC-2025-0042,GRT-2022-004,PRJ-2023-005,BDL-0132,VND-0098,LOC-KIL-001,FP-2025-05,STS-008,Quotation,Participant Bags for PRJ-2023-005,190,Sets,24200.0,4598000.0,TZS,2025-05-15,2025-06-14,2025-06-14,GRN-2025-0042,INV-VND-2025-0042,2025-06-17,,,,5,False,,
PRC-2025-0043,GRT-2023-001,PRJ-2023-002,BDL-0011,VND-0048,LOC-KIL-002,FP-2025-07,STS-010,Quotation,Printer Canon for PRJ-2023-002,1,Pieces,927600.0,927600.0,TZS,2025-07-02,2025-07-18,2025-07-15,GRN-2025-0043,INV-VND-2025-0043,2025-07-17,2025-08-16,2025-08-08,EXP-42853,3,False,,
PRC-2025-0044,GRT-2024-004,PRJ-2024-006,BDL-0213,VND-0117,LOC-MAN-002,FP-2025-10,STS-009,Quotation,Training Handouts Printing for PRJ-2024-006,253,Units,32500.0,8222500.0,TZS,2025-10-08,2025-11-03,2025-11-14,GRN-2025-0044,INV-VND-2025-0044,2025-11-15,2025-12-15,2026-01-19,EXP-62640,7,False,PC-2025-012,
PRC-2025-0045,GRT-2024-001,PRJ-2024-002,BDL-0095,VND-0114,LOC-KIL-004,FP-2025-05,STS-009,Quotation,Paint 20L for PRJ-2024-002,12,Pieces,91400.0,1096800.0,TZS,2025-05-05,2025-06-08,2025-06-19,GRN-2025-0045,INV-VND-2025-0045,2025-06-23,2025-07-23,2025-07-16,EXP-62262,5,False,PC-2025-167,
PRC-2025-0046,GRT-2023-002,PRJ-2023-004,BDL-0033,VND-0043,LOC-ARU-002,FP-2025-08,STS-010,Quotation,Manila Files Box for PRJ-2023-004,96,Litres,15600.0,1497600.0,TZS,2025-08-19,2025-08-29,2025-09-04,GRN-2025-0046,INV-VND-2025-0046,2025-09-07,2025-10-07,2025-11-13,EXP-37884,5,False,PC-2025-032,
PRC-2025-0047,GRT-2023-003,PRJ-2023-013,BDL-0080,VND-0039,LOC-ARU-001,FP-2025-07,STS-009,Direct Purchase,UPS Battery for PRJ-2023-013,1,Litres,435700.0,435700.0,TZS,2025-07-07,2025-08-05,2025-08-02,GRN-2025-0047,INV-VND-2025-0047,2025-08-04,2025-09-03,2025-08-28,EXP-19120,1,False,,
PRC-2025-0048,GRT-2024-001,PRJ-2024-007,BDL-0085,VND-0135,LOC-ARU-002,FP-2025-08,STS-009,Quotation,Motorcycle Honda for PRJ-2024-007,1,Litres,4141800.0,4141800.0,TZS,2025-08-15,2025-09-08,2025-09-11,GRN-2025-0048,INV-VND-2025-0048,2025-09-12,2025-10-12,2025-10-11,EXP-47125,4,False,PC-2025-170,
PRC-2025-0049,GRT-2023-002,PRJ-2023-004,BDL-0022,VND-0087,LOC-ARU-002,FP-2025-07,STS-009,Quotation,Office Chair for PRJ-2023-004,6,Sets,289300.0,1735800.0,TZS,2025-07-15,2025-07-26,2025-08-04,GRN-2025-0049,INV-VND-2025-0049,2025-08-05,2025-09-04,2025-08-28,EXP-20205,3,False,PC-2025-129,
PRC-2025-0050,GRT-2024-002,PRJ-2024-003,BDL-0156,VND-0142,LOC-ARU-003,FP-2025-07,STS-007,Tender,Paracetamol Tablets for PRJ-2024-003,276,Pieces,28900.0,7976400.0,TZS,2025-07-04,2025-07-21,2025-07-20,GRN-2025-0050,,,,,,5,False,PC-2025-191,
PRC-2025-0051,GRT-2022-004,PRJ-2023-005,BDL-0126,VND-0089,LOC-KIL-001,FP-2025-09,STS-009,Quotation,Bean Seeds 2kg for PRJ-2023-005,228,Units,11300.0,2576400.0,TZS,2025-09-24,2025-10-30,2025-11-14,GRN-2025-0051,INV-VND-2025-0051,2025-11-18,2025-12-18,,EXP-94278,5,False,,
PRC-2025-0052,GRT-2024-003,PRJ-2024-005,BDL-0188,VND-0132,LOC-ARU-004,FP-2025-02,STS-008,Quotation,Fruit Tree Seedlings for PRJ-2024-005,1230,Pieces,1300.0,1599000.0,TZS,2025-02-05,2025-03-12,2025-03-27,GRN-2025-0052,INV-VND-2025-0052,2025-03-30,,,,3,False,PC-2025-158,
PRC-2025-0053,GRT-2024-003,PRJ-2024-005,BDL-0188,VND-0042,LOC-ARU-004,FP-2025-07,STS-009,Quotation,Fruit Tree Seedlings for PRJ-2024-005,2162,Pieces,1300.0,2810600.0,TZS,2025-07-05,2025-07-16,2025-07-23,GRN-2025-0053,INV-VND-2025-0053,2025-07-29,2025-08-28,2025-08-24,EXP-96057,5,False,,
PRC-2025-0054,GRT-2023-002,PRJ-2023-012,BDL-0034,VND-0054,LOC-ARU-001,FP-2025-05,STS-007,Tender,Cement Bags for PRJ-2023-012,293,Units,28200.0,8262600.0,TZS,2025-05-04,2025-06-01,2025-06-13,GRN-2025-0054,,,,,,3,False,PC-2025-093,
PRC-2025-0055,GRT-2024-004,PRJ-2024-006,BDL-0211,VND-0079,LOC-MAN-002,FP-2025-08,STS-010,Quotation,Motorcycle Honda for PRJ-2024-006,1,Boxes,4232500.0,4232500.0,TZS,2025-08-27,2025-09-05,2025-09-15,GRN-2025-0055,INV-VND-2025-0055,2025-09-21,2025-10-21,2025-10-14,EXP-90031,5,False,PC-2025-198,
PRC-2025-0056,GRT-2024-003,PRJ-2024-005,BDL-0188,VND-0028,LOC-ARU-004,FP-2025-09,STS-002,Quotation,Paint 20L for PRJ-2024-005,38,Units,93900.0,3568200.0,TZS,2025-09-18,2025-10-18,,,,,,,,5,False,PC-2025-036,
PRC-2025-0057,GRT-2024-004,PRJ-2024-006,BDL-0214,VND-0092,LOC-MAN-002,FP-2025-05,STS-009,Tender,Paracetamol Tablets for PRJ-2024-006,365,Sets,31700.0,11570500.0,TZS,2025-05-15,2025-06-15,2025-06-14,GRN-2025-0057,INV-VND-2025-0057,2025-06-15,2025-07-15,,EXP-95191,3,False,PC-2025-102,
PRC-2025-0058,GRT-2021-001,PRJ-2023-007,BDL-0194,VND-0127,LOC-ARU-001,FP-2025-02,STS-007,Direct Purchase,Network Switch for PRJ-2023-007,1,Litres,369400.0,369400.0,TZS,2025-02-08,02-Mar-2025,2025-03-12,GRN-2025-0058,,,,,,1,False,,
PRC-2025-0059,GRT-2024-001,PRJ-2024-001,BDL-0096,VND-0141,LOC-MAN-001,FP-2025-10,STS-003,Quotation,Eucalyptus Seedlings for PRJ-2024-001,6779,Units,800.0,5423200.0,TZS,10-11-2025,2025-11-21,,,,,,,,7,False,PC-2025-093,
PRC-2025-0060,GRT-2023-004,PRJ-2023-009,BDL-0100,VND-0133,LOC-MAN-003,FP-2025-07,STS-007,Tender,Eucalyptus Seedlings for PRJ-2023-009,7997,Sets,800.0,6397600.0,TZS,2025-07-07,25/07/2025,2025-08-05,GRN-2025-0060,,,,,,4,False,PC-2025-012,
PRC-2025-0061,GRT-2023-001,PRJ-2023-002,BDL-0011,VND-0093,LOC-KIL-002,FP-2025-07,STS-009,Quotation,Conference Table for PRJ-2023-002,1,Litres,1306000.0,1306000.0,TZS,2025-07-03,2025-07-27,2025-07-27,GRN-2025-0061,INV-VND-2025-0061,2025-07-31,2025-08-30,2025-08-23,EXP-60678,3,False,,
PRC-2025-0062,GRT-2024-001,PRJ-2024-001,BDL-0093,VND-0077,LOC-MAN-001,FP-2025-08,STS-008,Quotation,Indigenous Tree Seedlings for PRJ-2024-001,7547,Kg,600.0,4528200.0,TZS,2025-08-31,2025-09-09,2025-09-17,GRN-2025-0062,INV-VND-2025-0062,2025-09-21,,,,5,False,,
PRC-2025-0063,GRT-2023-001,PRJ-2023-001,BDL-0005,VND-0123,LOC-KIL-001,FP-2025-07,STS-009,Direct Purchase,Flipchart Paper Pad for PRJ-2023-001,13,Sets,17300.0,224900.0,TZS,2025-07-19,2025-08-19,2025-09-03,GRN-2025-0063,,2025-09-05,05/10/2025,2025-09-30,EXP-58760,1,False,,
PRC-2025-0064,GRT-2023-002,PRJ-2023-012,BDL-0025,VND-0095,LOC-ARU-001,FP-2025-09,STS-010,Quotation,Markers Set for PRJ-2023-012,59,Pieces,11700.0,690300.0,TZS,2025-09-03,2025-09-21,2025-10-02,GRN-2025-0064,INV-VND-2025-0064,2025-10-09,2025-11-08,2025-11-03,EXP-97535,4,False,,
PRC-2025-0065,GRT-2023-002,PRJ-2023-004,BDL-0028,VND-0112,LOC-ARU-002,FP-2025-03,STS-009,Direct Purchase,Flipchart Paper Pad for PRJ-2023-004,20,Kg,18800.0,376000.0,TZS,2025-03-22,2025-04-03,2025-04-02,GRN-2025-0065,INV-VND-2025-0065,2025-04-08,2025-05-08,2025-04-30,EXP-63843,1,False,,
PRC-2025-0066,GRT-2024-001,PRJ-2024-007,BDL-0088,VND-0079,LOC-ARU-002,FP-2025-05,STS-007,Tender,Cement Bags for PRJ-2024-007,349,Litres,28800.0,10051200.0,TZS,2025-05-10,2025-06-08,2025-06-21,GRN-2025-0066,,,,,,4,False,PC-2025-042,
PRC-2025-0067,GRT-2022-003,PRJ-2023-003,BDL-0058,VND-0114,LOC-KIL-003,FP-2025-01,STS-009,Quotation,Printer Canon for PRJ-2023-003,1,Litres,897700.0,897700.0,TZS,2025-01-29,2025-02-10,2025-02-08,GRN-2025-0067,INV-VND-2025-0067,2025-02-15,2025-03-17,2025-03-07,EXP-37631,5,False,PC-2025-087,
PRC-2025-0068,GRT-2022-003,PRJ-2023-003,BDL-0043,VND-0101,LOC-KIL-003,FP-2025-07,STS-007,Quotation,Conference Table for PRJ-2023-003,1,Units,1182100.0,1182100.0,TZS,2025-07-10,2025-08-11,2025-08-12,GRN-2025-0068,,,,,,3,False,PC-2025-081,
PRC-2025-0069,GRT-2024-001,PRJ-2024-001,BDL-0095,VND-0067,LOC-MAN-001,FP-2025-09,STS-010,Quotation,Toyota Hilux Double Cab for PRJ-2024-001,1,Sets,34569000.0,34569000.0,TZS,2025-09-11,2025-10-19,2025-10-25,GRN-2025-0069,INV-VND-2025-0069,2025-10-26,2025-11-25,17/11/2025,EXP-69930,4,False,PC-2025-128,
PRC-2025-0070,GRT-2023-004,PRJ-2023-009,BDL-0111,VND-0033,LOC-MAN-003,FP-2025-09,STS-008,Quotation,Toner Cartridge for PRJ-2023-009,11,Pieces,46800.0,514800.0,TZS,2025-09-02,2025-10-14,2025-10-19,GRN-2025-0070,INV-VND-2025-0070,2025-10-24,,,,4,False,,
PRC-2025-0071,GRT-2024-002,PRJ-2024-004,BDL-0170,VND-0093,LOC-MAN-004,FP-2025-03,STS-010,Quotation,Pens and Pencils Box for PRJ-2024-004,78,Litres,13200.0,1029600.0,TZS,2025-03-27,2025-04-23,2025-04-30,GRN-2025-0071,INV-VND-2025-0071,2025-05-05,2025-06-04,2025-05-31,EXP-87820,5,False,,
PRC-2025-0072,GRT-2023-001,PRJ-2023-001,BDL-0020,VND-0087,LOC-KIL-001,FP-2025-07,STS-009,Quotation,Printer Canon for PRJ-2023-001,1,Litres,889000.0,889000.0,TZS,2025-07-28,2025-08-13,2025-08-17,GRN-2025-0072,,2025-08-23,2025-09-22,2025-09-28,EXP-67807,3,False,PC-2025-135,
PRC-2025-0073,GRT-2021-001,PRJ-2023-007,BDL-0207,VND-0080,LOC-ARU-001,FP-2025-05,STS-009,Quotation,Participant Bags for PRJ-2023-007,97,Sets,23600.0,2289200.0,TZS,2025-05-30,2025-07-06,2025-07-09,GRN-2025-0073,INV-VND-2025-0073,2025-07-12,2025-08-11,2025-08-08,EXP-49008,5,False,PC-2025-088,
PRC-2025-0074,GRT-2024-002,PRJ-2024-004,BDL-0166,VND-0056,LOC-MAN-004,FP-2025-09,STS-006,Tender,Improved Maize Seed 5kg for PRJ-2024-004,465,Pieces,19400.0,9021000.0,TZS,2025-09-17,2025-10-07,,,,,,,,6,False,PC-2025-168,
PRC-2025-0075,GRT-2024-001,PRJ-2024-007,BDL-0090,VND-0044,LOC-ARU-002,FP-2025-03,STS-004,Quotation,Iron Sheets for PRJ-2024-007,72,Sets,41100.0,2959200.0,TZS,2025-03-26,2025-04-02,,,,,,,,4,False,PC-2025-085,
PRC-2025-0076,GRT-2024-001,PRJ-2024-001,BDL-0093,VND-0049,LOC-MAN-001,FP-2025-04,STS-002,Quotation,Reams of A4 Paper for PRJ-2024-001,295,Sets,4800.0,1416000.0,TZS,2025-04-14,2025-05-17,,,,,,,,5,False,PC-2025-186,
PRC-2025-0077,GRT-2024-001,PRJ-2024-001,BDL-0084,VND-0072,LOC-MAN-001,FP-2025-03,STS-009,Quotation,Projector Epson for PRJ-2024-001,1,Pieces,1180500.0,1180500.0,TZS,2025-03-24,2025-05-02,2025-05-13,GRN-2025-0077,INV-VND-2025-0077,2025-05-20,2025-06-19,2025-07-04,EXP-70150,4,False,PC-2025-165,
PRC-2025-0078,GRT-2024-004,PRJ-2024-006,BDL-0220,VND-0084,LOC-MAN-002,FP-2025-05,STS-006,Quotation,HP Desktop Computer for PRJ-2024-006,1,Pieces,1427100.0,1427100.0,TZS,2025-05-31,2025-06-28,,,,,,,,3,False,,
PRC-2025-0079,GRT-2023-002,PRJ-2023-004,BDL-0036,VND-0043,LOC-ARU-002,FP-2025-03,STS-006,Quotation,Filing Cabinet for PRJ-2023-004,4,Kg,402700.0,1610800.0,TZS,2025-03-24,2025-04-30,,,,,,,,4,False,PC-2025-095,
PRC-2025-0080,GRT-2023-002,PRJ-2023-012,BDL-0028,VND-0149,LOC-ARU-001,FP-2025-09,STS-004,Quotation,Projector Epson for PRJ-2023-012,1,Units,1238500.0,1238500.0,TZS,2025-09-30,2025-10-19,,,,,,,,4,False,PC-2025-020,
PRC-2025-0081,GRT-2023-001,PRJ-2023-011,BDL-0003,VND-0006,LOC-MAN-001,FP-2025-09,STS-002,Direct Purchase,Markers Set for PRJ-2023-011,38,Litres,12200.0,463600.0,TZS,2025-09-08,2025-10-04,,,,,,,,1,False,,
PRC-2025-0082,GRT-2022-003,PRJ-2023-003,BDL-0059,VND-0104,LOC-KIL-003,FP-2025-08,STS-004,Direct Purchase,Flipchart Paper Pad for PRJ-2023-003,18,Units,17000.0,306000.0,TZS,2025-08-18,2025-09-17,,,,,,,,1,False,,
PRC-2025-0083,GRT-2023-002,PRJ-2023-012,BDL-0026,VND-0043,LOC-ARU-001,FP-2025-09,STS-010,Quotation,Motorcycle Honda for PRJ-2023-012,1,Units,4193300.0,4193300.0,TZS,2025-09-09,20-Oct-2025,2025-10-30,GRN-2025-0083,INV-VND-2025-0083,2025-11-06,2025-12-06,,EXP-55371,3,False,PC-2025-001,
PRC-2025-0084,GRT-2023-003,PRJ-2023-013,BDL-0062,VND-0089,LOC-ARU-001,FP-2025-02,STS-010,Quotation,Pens and Pencils Box for PRJ-2023-013,80,Litres,12000.0,960000.0,TZS,2025-02-12,2025-02-27,2025-03-12,GRN-2025-0084,INV-VND-2025-0084,2025-03-14,2025-04-13,2025-04-04,EXP-51799,3,False,,
PRC-2025-0085,GRT-2023-005,PRJ-2023-010,BDL-0147,VND-0149,LOC-KIL-001,FP-2025-07,STS-005,Tender,Indigenous Tree Seedlings for PRJ-2023-010,12056,Kg,700.0,8439200.0,TZS,2025-07-26,2025-08-13,,,,,,,,6,False,PC-2025-105,
PRC-2025-0086,GRT-2023-001,PRJ-2023-002,BDL-0018,VND-0014,LOC-KIL-002,FP-2025-07,STS-008,Quotation,Iron Sheets for PRJ-2023-002,54,Units,43400.0,2343600.0,TZS,2025-07-23,2025-08-04,2025-08-18,GRN-2025-0086,INV-VND-2025-0086,2025-08-20,,,,4,False,,
PRC-2025-0087,GRT-2023-001,PRJ-2023-011,BDL-0007,VND-0129,LOC-MAN-001,FP-2025-05,STS-009,Quotation,Pens and Pencils Box for PRJ-2023-011,95,Litres,13700.0,1301500.0,TZS,2025-05-19,2025-07-03,2025-07-06,GRN-2025-0087,INV-VND-2025-0087,2025-07-08,2025-08-07,2025-08-03,EXP-59894,3,False,PC-2025-192,
PRC-2025-0088,GRT-2021-001,PRJ-2023-007,BDL-0201,VND-0093,LOC-ARU-001,FP-2025-08,STS-009,Quotation,Manila Files Box for PRJ-2023-007,89,Kg,16300.0,1450700.0,TZS,2025-08-16,2025-09-10,2025-09-11,GRN-2025-0088,INV-VND-2025-0088,2025-09-13,2025-10-13,2025-10-10,EXP-75444,3,False,PC-2025-067,
PRC-2025-0089,GRT-2023-003,PRJ-2023-006,BDL-0078,VND-0134,LOC-KIL-001,FP-2025-02,STS-009,Quotation,Reams of A4 Paper for PRJ-2023-006,383,Sets,5300.0,2029900.0,TZS,2025-02-18,06-Mar-2025,2025-03-03,GRN-2025-0089,INV-VND-2025-0089,2025-03-07,2025-04-06,2025-03-28,EXP-93588,3,False,,
PRC-2025-0090,GRT-2023-005,PRJ-2023-010,BDL-0151,VND-0062,LOC-KIL-001,FP-2025-07,STS-008,Quotation,HP Desktop Computer for PRJ-2023-010,1,Kg,1476900.0,1476900.0,TZS,2025-07-25,2025-08-26,2025-09-06,GRN-2025-0090,INV-VND-2025-0090,2025-09-12,,,,4,False,,
PRC-2025-0091,GRT-2023-001,PRJ-2023-002,BDL-0021,VND-0012,LOC-KIL-002,FP-2025-02,STS-010,Tender,Toyota Land Cruiser 4x4 for PRJ-2023-002,1,Litres,45381500.0,45381500.0,TZS,2025-02-05,2025-02-26,03-01-2025,GRN-2025-0091,INV-VND-2025-0091,07/03/2025,2025-04-06,2025-03-30,EXP-45532,7,False,PC-2025-025,
PRC-2025-0092,GRT-2024-002,PRJ-2024-004,BDL-0156,VND-0021,LOC-MAN-004,FP-2025-03,STS-009,Quotation,Printer Canon for PRJ-2024-004,1,Sets,945500.0,945500.0,TZS,2025-03-27,2025-04-08,2025-04-21,GRN-2025-0092,INV-VND-2025-0092,2025-04-24,2025-05-24,2025-06-25,EXP-40427,5,False,,
PRC-2025-0093,GRT-2023-002,PRJ-2023-012,BDL-0034,VND-0088,LOC-ARU-001,FP-2025-02,STS-009,Direct Purchase,Network Switch for PRJ-2023-012,1,Sets,400800.0,400800.0,TZS,2025-02-21,2025-03-05,2025-03-10,GRN-2025-0093,INV-VND-2025-0093,2025-03-16,2025-04-15,2025-04-13,EXP-61068,1,False,,
PRC-2025-0094,GRT-2023-005,PRJ-2023-010,BDL-0140,VND-0104,LOC-KIL-001,FP-2025-02,STS-008,Quotation,Indigenous Tree Seedlings for PRJ-2023-010,5116,Boxes,600.0,3069600.0,TZS,2025-02-27,2025-04-10,2025-04-14,GRN-2025-0094,INV-VND-2025-0094,2025-04-16,,,,4,False,,
PRC-2025-0095,GRT-2022-003,PRJ-2023-003,BDL-0053,VND-0104,LOC-KIL-003,FP-2025-08,STS-001,Direct Purchase,Markers Set for PRJ-2023-003,35,Kg,11200.0,392000.0,TZS,2025-08-05,2025-09-02,,,,,,,,1,False,,
PRC-2025-0096,GRT-2024-001,PRJ-2024-002,BDL-0089,VND-0032,LOC-KIL-004,FP-2025-06,STS-007,Tender,Toyota Hilux Double Cab for PRJ-2024-002,1,Boxes,31131600.0,31131600.0,TZS,2025-06-07,2025-07-09,2025-07-17,GRN-2025-0096,,,,,,7,False,PC-2025-063,
PRC-2025-0097,GRT-2024-003,PRJ-2024-005,BDL-0180,VND-0020,LOC-ARU-004,FP-2025-08,STS-005,Quotation,External Hard Drive for PRJ-2024-005,3,Litres,168300.0,504900.0,TZS,2025-08-19,2025-09-19,,,,,,,,4,False,,
PRC-2025-0098,GRT-2023-005,PRJ-2023-010,BDL-0147,VND-0061,LOC-KIL-001,FP-2025-08,STS-009,Quotation,Cement Bags for PRJ-2023-010,132,Litres,26900.0,3550800.0,TZS,2025-08-07,2025-09-04,2025-09-14,GRN-2025-0098,INV-VND-2025-0098,2025-09-15,2025-10-15,2025-10-07,EXP-77999,5,False,,
PRC-2025-0099,GRT-2022-003,PRJ-2023-003,BDL-0045,VND-0032,LOC-KIL-003,FP-2025-09,STS-008,Quotation,Sunflower Seeds 1kg for PRJ-2023-003,236,Boxes,14300.0,3374800.0,TZS,2025-09-03,2025-09-30,2025-09-29,GRN-2025-0099,INV-VND-2025-0099,2025-10-06,,,,4,False,PC-2025-090,
PRC-2025-0100,GRT-2024-001,PRJ-2024-002,BDL-0096,VND-0028,LOC-KIL-004,FP-2025-09,STS-010,Quotation,Office Chair for PRJ-2024-002,7,Boxes,298000.0,2086000.0,TZS,2025-09-02,2025-10-16,2025-10-26,GRN-2025-0100,INV-VND-2025-0100,2025-11-01,2025-12-01,2025-11-27,EXP-18200,4,False,PC-2025-008,
PRC-2025-0101,GRT-2023-003,PRJ-2023-013,BDL-0073,VND-0142,LOC-ARU-001,FP-2025-02,STS-010,Quotation,Fruit Tree Seedlings for PRJ-2023-013,3536,Sets,1300.0,4596800.0,TZS,2025-02-27,2025-03-14,2025-03-21,GRN-2025-0101,INV-VND-2025-0101,2025-03-24,2025-04-23,2025-05-21,EXP-28528,5,False,PC-2025-181,
PRC-2025-0102,GRT-2023-001,PRJ-2023-011,BDL-0010,VND-0046,LOC-MAN-001,FP-2025-09,STS-010,Quotation,Fruit Tree Seedlings for PRJ-2023-011,2858,Pieces,1300.0,3715400.0,TZS,2025-09-30,07/11/2025,2025-11-17,GRN-2025-0102,INV-VND-2025-0102,2025-11-21,2025-12-21,2025-12-14,EXP-74054,3,False,,
PRC-2025-0103,GRT-2023-002,PRJ-2023-012,BDL-0038,VND-0060,LOC-ARU-001,FP-2025-02,STS-007,Direct Purchase,Computer Accessories Set for PRJ-2023-012,1,Boxes,387000.0,387000.0,TZS,2025-02-05,2025-03-12,2025-03-26,GRN-2025-0103,,,,,,1,False,,
PRC-2025-0104,GRT-2024-002,PRJ-2024-003,BDL-0156,VND-0096,LOC-ARU-003,FP-2025-03,STS-008,Quotation,Blood Pressure Monitors for PRJ-2024-003,8,Kg,335000.0,2680000.0,TZS,2025-03-27,2025-04-16,2025-04-19,GRN-2025-0104,INV-VND-2025-0104,2025-04-24,,,,4,False,PC-2025-182,
PRC-2025-0105,GRT-2023-002,PRJ-2023-004,BDL-0026,VND-0021,LOC-ARU-002,FP-2025-08,STS-009,Quotation,Bean Seeds 2kg for PRJ-2023-004,465,Litres,11200.0,5208000.0,TZS,2025-08-04,2025-09-11,2025-09-12,GRN-2025-0105,INV-VND-2025-0105,2025-09-15,2025-10-15,2025-10-09,EXP-69243,5,False,PC-2025-064,
PRC-2025-0106,GRT-2022-003,PRJ-2023-003,BDL-0056,VND-0013,LOC-KIL-003,FP-2025-07,STS-010,Quotation,Paint 20L for PRJ-2023-003,16,Units,85600.0,1369600.0,TZS,2025-07-06,2025-08-17,2025-09-01,GRN-2025-0106,INV-VND-2025-0106,2025-09-08,10-08-2025,2025-10-03,EXP-99463,3,False,,
PRC-2025-0107,GRT-2022-004,PRJ-2023-005,BDL-0128,VND-0025,LOC-KIL-001,FP-2025-04,STS-010,Direct Purchase,Computer Accessories Set for PRJ-2023-005,1,Boxes,347500.0,-347500.0,TZS,2025-04-09,2025-04-19,2025-04-28,GRN-2025-0107,INV-VND-2025-0107,2025-05-04,06-03-2025,2025-05-31,EXP-66260,1,False,,
PRC-2025-0108,GRT-2023-005,PRJ-2023-010,BDL-0150,VND-0003,LOC-KIL-001,FP-2025-03,STS-010,Quotation,HP Desktop Computer for PRJ-2023-010,1,Boxes,1515800.0,1515800.0,TZS,2025-03-26,2025-04-26,2025-04-27,GRN-2025-0108,INV-VND-2025-0108,2025-05-03,2025-06-02,2025-07-10,EXP-83831,3,False,,
PRC-2025-0109,GRT-2023-002,PRJ-2023-004,BDL-0026,VND-0084,LOC-ARU-002,FP-2025-06,STS-003,Quotation,Filing Cabinet for PRJ-2023-004,5,Sets,371900.0,1859500.0,TZS,2025-06-09,2025-06-17,,,,,,,,3,False,,
PRC-2025-0110,GRT-2023-004,PRJ-2023-008,BDL-0115,VND-0048,LOC-MAN-002,FP-2025-08,STS-004,Quotation,Paracetamol Tablets for PRJ-2023-008,291,Units,25700.0,7478700.0,TZS,2025-08-18,2025-09-17,,,,,,,,5,False,PC-2025-082,
PRC-2025-0111,GRT-2021-001,PRJ-2023-007,BDL-0191,VND-0023,LOC-ARU-001,FP-2025-04,STS-003,Quotation,Timber Planks for PRJ-2023-007,144,Boxes,15400.0,2217600.0,TZS,2025-04-03,2025-04-27,,,,,,,,4,False,PC-2025-109,
PRC-2025-0112,GRT-2022-003,PRJ-2023-003,BDL-0051,VND-0095,LOC-KIL-003,FP-2025-06,STS-009,Quotation,Malaria Rapid Test Kits Box for PRJ-2023-003,43,Boxes,316700.0,13618100.0,TZS,2025-06-22,2025-07-10,2025-07-10,GRN-2025-0112,,2025-07-12,2025-08-11,2025-08-09,EXP-75065,6,False,PC-2025-157,
PRC-2025-0113,GRT-2024-001,PRJ-2024-002,BDL-0096,VND-0099,LOC-KIL-004,FP-2025-09,STS-003,Direct Purchase,Computer Accessories Set for PRJ-2024-002,1,Boxes,365500.0,365500.0,TZS,2025-09-05,2025-10-14,,,,,,,,1,False,,
PRC-2025-0114,GRT-2024-001,PRJ-2024-007,BDL-0086,VND-0115,LOC-ARU-002,FP-2025-04,STS-008,Quotation,Cement Bags for PRJ-2024-007,113,Pieces,31200.0,3525600.0,TZS,2025-04-01,2025-04-19,2025-04-17,GRN-2025-0114,INV-VND-2025-0114,2025-04-23,,,,3,False,PC-2025-012,
PRC-2025-0115,GRT-2023-001,PRJ-2023-002,BDL-0006,VND-0056,LOC-KIL-002,FP-2025-09,STS-007,Quotation,Toner Cartridge for PRJ-2023-002,12,Boxes,45700.0,548400.0,TZS,2025-09-05,2025-09-12,2025-09-20,GRN-2025-0115,,,,,,4,False,PC-2025-199,
PRC-2025-0116,GRT-2021-001,PRJ-2023-007,BDL-0207,VND-0057,LOC-ARU-001,FP-2025-01,STS-009,Direct Purchase,Toner Cartridge for PRJ-2023-007,10,Units,46600.0,466000.0,TZS,2025-01-19,2025-02-16,2025-02-13,GRN-2025-0116,INV-VND-2025-0116,2025-02-17,2025-03-19,2025-03-15,EXP-23624,1,False,,
PRC-2025-0117,GRT-2023-005,PRJ-2023-010,BDL-0150,VND-0081,LOC-KIL-001,FP-2025-03,STS-003,Quotation,Dell Laptop Computer for PRJ-2023-010,1,Kg,1906700.0,1906700.0,TZS,2025-03-22,2025-04-13,,,,,,,,4,False,PC-2025-020,
PRC-2025-0118,GRT-2024-003,PRJ-2024-005,BDL-0182,VND-0074,LOC-ARU-004,FP-2025-08,STS-009,Quotation,Blood Pressure Monitors for PRJ-2024-005,8,Pieces,334800.0,2678400.0,TZS,2025-08-11,2025-08-25,2025-09-08,GRN-2025-0118,INV-VND-2025-0118,2025-09-15,2025-10-15,2025-10-11,EXP-70731,3,False,,
PRC-2025-0119,GRT-2023-004,PRJ-2023-008,BDL-0111,VND-0061,LOC-MAN-002,FP-2025-05,STS-009,Quotation,Notebooks Pack for PRJ-2023-008,89,Kg,9800.0,872200.0,TZS,2025-05-22,2025-06-04,2025-06-15,GRN-2025-0119,INV-VND-2025-0119,2025-06-22,2025-07-22,2025-07-27,EXP-18083,3,False,PC-2025-104,
PRC-2025-0120,GRT-2021-001,PRJ-2023-007,BDL-0204,VND-0078,LOC-ARU-001,FP-2025-09,STS-009,Quotation,Eucalyptus Seedlings for PRJ-2023-007,2820,Litres,800.0,2256000.0,TZS,2025-09-26,2025-10-04,2025-10-13,GRN-2025-0120,INV-VND-2025-0120,2025-10-15,2025-11-14,2025-11-12,EXP-46042,3,False,PC-2025-147,
PRC-2025-0121,GRT-2022-004,PRJ-2023-005,BDL-0132,VND-0139,LOC-KIL-001,FP-2025-09,STS-007,Quotation,Iron Sheets for PRJ-2023-005,72,Boxes,49500.0,3564000.0,TZS,20-Sep-2025,10-19-2025,2025-11-03,GRN-2025-0121,,,,,,3,False,PC-2025-098,
PRC-2025-0122,GRT-2024-004,PRJ-2024-006,BDL-0221,VND-0008,LOC-MAN-002,FP-2025-08,STS-010,Quotation,HP Desktop Computer for PRJ-2024-006,1,Boxes,1353300.0,1353300.0,TZS,2025-08-01,2025-08-30,2025-09-01,GRN-2025-0122,INV-VND-2025-0122,2025-09-06,2025-10-06,2025-10-01,EXP-87537,5,False,PC-2025-015,
PRC-2025-0123,GRT-2023-001,PRJ-2023-011,BDL-0002,VND-0049,LOC-MAN-001,FP-2025-03,STS-006,Quotation,Oral Rehydration Salts for PRJ-2023-011,82,Units,36100.0,2960200.0,TZS,2025-03-22,2025-04-19,,,,,,,,3,False,PC-2025-085,
PRC-2025-0124,GRT-2022-004,PRJ-2023-005,BDL-0122,VND-0135,LOC-KIL-001,FP-2025-07,STS-009,Direct Purchase,Computer Accessories Set for PRJ-2023-005,1,Kg,372900.0,372900.0,TZS,2025-07-06,2025-08-01,2025-08-08,GRN-2025-0124,INV-VND-2025-0124,2025-08-10,2025-09-09,2025-09-03,EXP-93789,1,False,,
PRC-2025-0125,GRT-2024-001,PRJ-2024-001,BDL-0087,VND-0138,LOC-MAN-001,FP-2025-05,STS-007,Quotation,Manila Files Box for PRJ-2024-001,54,Pieces,17200.0,928800.0,TZS,2025-05-08,2025-06-20,2025-06-20,GRN-2025-0125,,,,,,5,False,,
PRC-2025-0126,GRT-2024-001,PRJ-2024-002,BDL-0097,VND-0096,LOC-KIL-004,FP-2025-08,STS-008,Quotation,Blood Pressure Monitors for PRJ-2024-002,7,Litres,316000.0,2212000.0,TZS,2025-08-17,2025-09-03,2025-09-13,GRN-2025-0126,INV-VND-2025-0126,2025-09-17,,,,3,False,,
PRC-2025-0127,GRT-2023-001,PRJ-2023-002,BDL-0010,VND-0134,LOC-KIL-002,FP-2025-03,STS-003,Tender,Improved Maize Seed 5kg for PRJ-2023-002,305,Litres,17000.0,5185000.0,TZS,2025-03-03,2025-03-31,,,,,,,,4,False,PC-2025-188,
PRC-2025-0128,GRT-2023-002,PRJ-2023-004,BDL-0032,VND-0133,LOC-ARU-002,FP-2025-09,STS-009,Quotation,Filing Cabinet for PRJ-2023-004,4,Pieces,370300.0,1481200.0,TZS,2025-09-23,2025-10-09,2025-10-07,GRN-2025-0128,INV-VND-2025-0128,2025-10-11,2025-11-10,2025-12-25,EXP-88671,3,False,,
PRC-2025-0129,GRT-2023-004,PRJ-2023-009,BDL-0102,VND-0026,LOC-MAN-003,FP-2025-05,STS-008,Quotation,Office Chair for PRJ-2023-009,10,Litres,278700.0,2787000.0,TZS,2025-05-29,2025-06-19,2025-06-24,GRN-2025-0129,INV-VND-2025-0129,2025-06-26,,,,3,False,,
PRC-2025-0130,GRT-2023-002,PRJ-2023-012,BDL-0037,VND-0011,LOC-ARU-001,FP-2025-03,STS-010,Quotation,Training Handouts Printing for PRJ-2023-012,123,Kg,39400.0,4846200.0,TZS,2025-03-31,2025-04-14,2025-04-25,GRN-2025-0130,INV-VND-2025-0130,2025-04-27,2025-05-27,2025-05-24,EXP-26539,5,False,PC-2025-009,
PRC-2025-0131,GRT-2023-002,PRJ-2023-012,BDL-0034,VND-0027,LOC-ARU-001,FP-2025-03,STS-005,Tender,Vegetable Seed Pack for PRJ-2023-012,750,Sets,7700.0,5775000.0,TZS,2025-03-07,2025-03-20,,,,,,,,3,False,PC-2025-107,
PRC-2025-0132,GRT-2024-001,PRJ-2024-007,BDL-0098,VND-0084,LOC-ARU-002,FP-2025-07,STS-010,Quotation,Vegetable Seed Pack for PRJ-2024-007,286,Kg,8900.0,2545400.0,TZS,2025-07-03,2025-07-25,2025-07-23,GRN-2025-0132,INV-VND-2025-0132,2025-07-26,2025-08-25,2025-08-25,EXP-54284,5,False,,
PRC-2025-0133,GRT-2023-004,PRJ-2023-009,BDL-0113,VND-0037,LOC-MAN-003,FP-2025-07,STS-009,Quotation,HP Desktop Computer for PRJ-2023-009,1,Boxes,1579700.0,1579700.0,TZS,2025-07-25,2025-08-04,2025-08-17,GRN-2025-0133,INV-VND-2025-0133,2025-08-18,2025-09-17,2025-09-09,EXP-62872,4,False,PC-2025-190,
PRC-2025-0134,GRT-2021-001,PRJ-2023-007,BDL-0198,VND-0079,LOC-ARU-001,FP-2025-04,STS-009,Quotation,Paint 20L for PRJ-2023-007,29,Boxes,79100.0,2293900.0,TZS,2025-04-15,2025-05-22,2025-06-06,GRN-2025-0134,INV-VND-2025-0134,2025-06-09,2025-07-09,,EXP-21847,3,False,,
PRC-2025-0135,GRT-2023-001,PRJ-2023-001,BDL-0016,VND-0145,LOC-KIL-001,FP-2025-06,STS-009,Quotation,Motorcycle Honda for PRJ-2023-001,1,Litres,4301700.0,4301700.0,TZS,2025-06-04,2025-07-08,2025-07-17,GRN-2025-0135,INV-VND-2025-0135,2025-07-21,2025-08-20,2025-08-13,EXP-49602,5,False,PC-2025-079,
PRC-2025-0136,GRT-2023-002,PRJ-2023-004,BDL-0037,VND-0138,LOC-ARU-002,FP-2025-05,STS-009,Tender,Sunflower Seeds 1kg for PRJ-2023-004,358,Sets,14500.0,5191000.0,TZS,2025-05-18,2025-05-28,2025-06-06,GRN-2025-0136,INV-VND-2025-0136,2025-06-12,2025-07-12,2025-07-18,EXP-95904,4,False,PC-2025-039,
PRC-2025-0137,GRT-2023-002,PRJ-2023-012,BDL-0037,VND-0062,LOC-ARU-001,FP-2025-05,STS-009,Quotation,Bean Seeds 2kg for PRJ-2023-012,528,Pieces,13400.0,7075200.0,TZS,2025-05-27,2025-07-08,2025-07-10,GRN-2025-0137,INV-VND-2025-0137,2025-07-13,2025-08-12,2025-08-09,EXP-56567,5,False,PC-2025-025,
PRC-2025-0138,GRT-2024-001,PRJ-2024-007,BDL-0085,VND-0087,LOC-ARU-002,FP-2025-04,STS-010,Tender,Cement Bags for PRJ-2024-007,360,Pieces,27900.0,10044000.0,TZS,2025-04-02,2025-04-17,2025-04-20,GRN-2025-0138,INV-VND-2025-0138,2025-04-25,05-25-2025,2025-05-18,EXP-28772,6,False,PC-2025-014,
PRC-2025-0139,GRT-2024-001,PRJ-2024-007,BDL-0088,VND-0004,LOC-ARU-002,FP-2025-04,STS-002,Quotation,Motorcycle Honda for PRJ-2024-007,1,Units,4533100.0,4533100.0,TZS,2025-04-27,2025-05-27,,,,,,,,4,False,,
PRC-2025-0140,GRT-2023-004,PRJ-2023-008,BDL-0107,VND-0146,LOC-MAN-002,FP-2025-06,STS-007,Quotation,Toyota Land Cruiser 4x4 for PRJ-2023-008,1,Pieces,47122500.0,47122500.0,TZS,2025-06-12,2025-07-18,2025-07-31,GRN-2025-0140,,,,,,3,False,PC-2025-012,
PRC-2025-0141,GRT-2023-003,PRJ-2023-006,BDL-0073,VND-0029,LOC-KIL-001,FP-2025-02,STS-009,Quotation,Blood Pressure Monitors for PRJ-2023-006,4,Sets,289800.0,1159200.0,TZS,2025-02-03,2025-03-06,2025-03-11,GRN-2025-0141,INV-VND-2025-0141,2025-03-16,2025-04-15,2025-04-23,EXP-96765,5,False,,
PRC-2025-0142,GRT-2023-001,PRJ-2023-001,BDL-0010,VND-0029,LOC-KIL-001,FP-2025-03,STS-008,Direct Purchase,Computer Accessories Set for PRJ-2023-001,1,Litres,376300.0,376300.0,TZS,2025-03-09,2025-04-17,2025-04-17,GRN-2025-0142,INV-VND-2025-0142,2025-04-24,,,,1,False,,
PRC-2025-0143,GRT-2023-002,PRJ-2023-012,BDL-0037,VND-0064,LOC-ARU-001,FP-2025-04,STS-009,Quotation,Training Handouts Printing for PRJ-2023-012,170,Units,31600.0,5372000.0,TZS,2025-04-01,2025-04-13,2025-04-26,GRN-2025-0143,INV-VND-2025-0143,05-02-2025,2025-06-01,2025-06-22,EXP-94454,3,False,PC-2025-147,
PRC-2025-0144,GRT-2023-002,PRJ-2023-004,BDL-0025,VND-0133,LOC-ARU-002,FP-2025-07,STS-009,Quotation,Motorcycle Honda for PRJ-2023-004,1,Units,4419700.0,4419700.0,TZS,2025-07-24,2025-08-21,2025-08-23,GRN-2025-0144,INV-VND-2025-0144,2025-08-27,2025-09-26,2025-09-22,EXP-60556,4,False,,
PRC-2025-0145,GRT-2023-001,PRJ-2023-011,BDL-0019,VND-0087,LOC-MAN-001,FP-2025-03,STS-010,Direct Purchase,Network Switch for PRJ-2023-011,1,Kg,400100.0,400100.0,TZS,2025-03-22,2025-04-28,2025-05-10,GRN-2025-0145,INV-VND-2025-0138,2025-05-14,2025-06-13,2025-06-12,EXP-44290,1,False,,
PRC-2025-0146,GRT-2023-002,PRJ-2023-004,BDL-0035,VND-0136,LOC-ARU-002,FP-2025-02,STS-010,Tender,Paracetamol Tablets for PRJ-2023-004,203,Litres,29900.0,6069700.0,TZS,2025-02-11,2025-02-18,2025-02-20,GRN-2025-0146,INV-VND-2025-0146,2025-02-24,2025-03-26,2025-03-24,EXP-19812,4,False,PC-2025-143,
PRC-2025-0147,GRT-2024-003,PRJ-2024-005,BDL-0176,VND-0057,LOC-ARU-004,FP-2025-01,STS-008,Quotation,Eucalyptus Seedlings for PRJ-2024-005,9855,Units,900.0,8869500.0,TZS,2025-01-15,2025-01-27,2025-02-02,GRN-2025-0147,INV-VND-2025-0147,2025-02-07,,,,3,False,PC-2025-104,
PRC-2025-0148,GRT-2023-003,PRJ-2023-013,BDL-0076,VND-0145,LOC-ARU-001,FP-2025-07,STS-001,Direct Purchase,Flipchart Paper Pad for PRJ-2023-013,12,Sets,19200.0,230400.0,TZS,2025-07-15,2025-08-09,,,,,,,,1,False,,
PRC-2025-0149,GRT-2023-005,PRJ-2023-010,BDL-0140,VND-0114,LOC-KIL-001,FP-2025-07,STS-006,Quotation,Blood Pressure Monitors for PRJ-2023-010,3,Units,356200.0,1068600.0,TZS,2025-07-07,2025-07-20,,,,,,,,3,False,PC-2025-118,
PRC-2025-0150,GRT-2024-001,PRJ-2024-007,BDL-0099,VND-0089,LOC-ARU-002,FP-2025-04,STS-009,Quotation,Manila Files Box for PRJ-2024-007,80,Kg,15600.0,1248000.0,TZS,2025-04-15,2025-05-29,2025-05-31,GRN-2025-0150,INV-VND-2025-0150,2025-06-02,2025-07-02,2025-08-14,EXP-89450,4,False,PC-2025-150,
PRC-2025-0151,GRT-2023-005,PRJ-2023-010,BDL-0148,VND-0049,LOC-KIL-001,FP-2025-05,STS-009,Quotation,Timber Planks for PRJ-2023-010,176,Units,15600.0,2745600.0,TZS,2025-05-06,2025-05-25,2025-05-28,GRN-2025-0151,INV-VND-2025-0151,2025-05-31,2025-06-30,2025-06-20,EXP-27389,4,False,PC-2025-183,
PRC-2025-0152,GRT-2023-002,PRJ-2023-012,BDL-0031,VND-0150,LOC-ARU-001,FP-2025-04,STS-009,Quotation,Cement Bags for PRJ-2023-012,107,Kg,26200.0,2803400.0,TZS,2025-04-07,2025-05-02,2025-05-07,GRN-2025-0152,INV-VND-2025-0152,2025-05-08,2025-06-07,2025-06-03,EXP-36738,5,False,,
PRC-2025-0153,GRT-2024-001,PRJ-2024-001,BDL-0084,VND-0082,LOC-MAN-001,FP-2025-08,STS-010,Quotation,Filing Cabinet for PRJ-2024-001,5,Boxes,347100.0,1735500.0,TZS,2025-08-29,2025-09-19,2025-09-27,GRN-2025-0153,INV-VND-2025-0153,2025-10-02,2025-11-01,2025-10-29,EXP-35362,5,False,,
PRC-2025-0154,GRT-2023-004,PRJ-2023-009,BDL-0100,VND-0146,LOC-MAN-003,FP-2025-07,STS-007,Quotation,Toyota Land Cruiser 4x4 for PRJ-2023-009,1,Litres,44129600.0,44129600.0,TZS,2025-07-17,2025-07-28,2025-08-04,GRN-2025-0154,,,,,,7,False,PC-2025-170,
PRC-2025-0155,GRT-2024-002,PRJ-2024-003,BDL-0161,VND-0011,LOC-ARU-003,FP-2025-01,STS-009,Quotation,Fruit Tree Seedlings for PRJ-2024-003,2082,Units,1100.0,2290200.0,TZS,2025-01-19,2025-02-02,2025-02-10,GRN-2025-0155,INV-VND-2025-0155,2025-02-16,2025-03-18,2025-03-09,EXP-41958,5,False,PC-2025-136,
PRC-2025-0156,GRT-2024-004,PRJ-2024-006,BDL-0224,VND-0028,LOC-MAN-002,FP-2025-10,STS-009,Quotation,Bean Seeds 2kg for PRJ-2024-006,294,Kg,11000.0,3234000.0,TZS,2025-10-15,2025-10-22,2025-10-21,GRN-2025-0156,INV-VND-2025-0156,2025-10-27,2025-11-26,2025-11-16,EXP-65601,3,False,PC-2025-043,
PRC-2025-0157,GRT-2024-001,PRJ-2024-002,BDL-0084,VND-0033,LOC-KIL-004,FP-2025-09,STS-008,Quotation,Pens and Pencils Box for PRJ-2024-002,84,Kg,12500.0,1050000.0,TZS,2025-09-02,2025-10-04,2025-10-14,GRN-2025-0157,INV-VND-2025-0157,2025-10-18,,,,5,False,PC-2025-059,
PRC-2025-0158,GRT-2023-002,PRJ-2023-004,BDL-0031,VND-0061,LOC-ARU-002,FP-2025-04,STS-002,Quotation,Projector Epson for PRJ-2023-004,1,Litres,1358000.0,1358000.0,TZS,2025-04-05,2025-05-16,,,,,,,,4,False,PC-2025-102,
PRC-2025-0159,GRT-2024-001,PRJ-2024-001,BDL-0094,VND-0051,LOC-MAN-001,FP-2025-06,STS-010,Quotation,Iron Sheets for PRJ-2024-001,34,Boxes,40600.0,1380400.0,TZS,2025-06-20,2025-07-10,2025-07-18,GRN-2025-0159,INV-VND-2025-0159,2025-07-24,2025-08-23,2025-08-21,EXP-31096,5,False,PC-2025-101,
PRC-2025-0160,GRT-2023-002,PRJ-2023-012,BDL-0024,VND-0054,LOC-ARU-001,FP-2025-07,STS-009,Direct Purchase,Computer Accessories Set for PRJ-2023-012,1,Pieces,378500.0,378500.0,TZS,2025-07-03,2025-08-01,2025-08-02,GRN-2025-0160,INV-VND-2025-0160,2025-08-04,2025-09-03,2025-10-17,EXP-19149,1,False,,
PRC-2025-0161,GRT-2024-001,PRJ-2024-002,BDL-0090,VND-0038,LOC-KIL-004,FP-2025-07,STS-009,Quotation,Filing Cabinet for PRJ-2024-002,5,Kg,354800.0,1774000.0,TZS,2025-07-17,2025-08-12,2025-08-24,GRN-2025-0161,INV-VND-2025-0161,26-Aug-2025,2025-09-25,2025-09-24,EXP-46780,5,False,PC-2025-085,
PRC-2025-0162,GRT-2024-001,PRJ-2024-007,BDL-0089,VND-0067,LOC-ARU-002,FP-2025-06,STS-009,Quotation,Vegetable Seed Pack for PRJ-2024-007,592,Boxes,8000.0,4736000.0,TZS,2025-06-12,2025-06-27,2025-07-08,GRN-2025-0162,INV-VND-2025-0162,2025-07-09,2025-08-08,2025-07-31,EXP-11388,4,False,PC-2025-058,
PRC-2025-0163,GRT-2022-004,PRJ-2023-005,BDL-0134,VND-0145,LOC-KIL-001,FP-2025-07,STS-009,Quotation,Paracetamol Tablets for PRJ-2023-005,169,Litres,27100.0,4579900.0,TZS,2025-07-18,2025-08-18,2025-08-30,GRN-2025-0163,INV-VND-2025-0163,2025-08-31,2025-09-30,2025-10-25,EXP-23529,3,False,PC-2025-011,
PRC-2025-0164,GRT-2024-004,PRJ-2024-006,BDL-0218,VND-0046,LOC-MAN-002,FP-2025-03,STS-001,Quotation,Paint 20L for PRJ-2024-006,20,Boxes,94900.0,1898000.0,TZS,2025-03-27,2025-05-01,,,,,,,,4,False,PC-2025-124,
PRC-2025-0165,GRT-2023-002,PRJ-2023-004,BDL-0029,VND-0037,LOC-ARU-002,FP-2025-05,STS-008,Quotation,External Hard Drive for PRJ-2023-004,3,Units,183600.0,550800.0,TZS,2025-05-19,2025-05-28,2025-05-29,GRN-2025-0165,INV-VND-2025-0165,2025-05-31,,,,5,False,PC-2025-042,
PRC-2025-0166,GRT-2024-001,PRJ-2024-007,BDL-0083,VND-0039,LOC-ARU-002,FP-2025-08,STS-006,Tender,Improved Maize Seed 5kg for PRJ-2024-007,412,Kg,18900.0,7786800.0,TZS,2025-08-13,2025-09-27,,,,,,,,6,False,PC-2025-044,
PRC-2025-0167,GRT-2024-001,PRJ-2024-002,BDL-0097,VND-0033,LOC-KIL-004,FP-2025-03,STS-010,Quotation,Conference Table for PRJ-2024-002,1,Litres,1085000.0,1085000.0,TZS,2025-03-05,2025-03-23,2025-04-04,GRN-2025-0167,INV-VND-2025-0167,2025-04-09,2025-05-09,2025-06-17,EXP-75972,5,False,PC-2025-130,
PRC-2025-0168,GRT-2023-001,PRJ-2023-002,BDL-0017,VND-0023,LOC-KIL-002,FP-2025-09,STS-004,Quotation,Participant Bags for PRJ-2023-002,102,Boxes,27500.0,2805000.0,TZS,2025-09-16,07-Oct-2025,,,,,,,,5,False,,
PRC-2025-0169,GRT-2024-001,PRJ-2024-007,BDL-0099,VND-0149,LOC-ARU-002,FP-2025-05,STS-005,Quotation,Toner Cartridge for PRJ-2024-007,29,Kg,48200.0,1397800.0,TZS,2025-05-24,2025-06-16,,,,,,,,4,False,,
PRC-2025-0170,GRT-2023-002,PRJ-2023-012,BDL-0039,VND-0059,LOC-ARU-001,FP-2025-08,STS-009,Tender,Indigenous Tree Seedlings for PRJ-2023-012,10658,Litres,600.0,6394800.0,TZS,2025-08-06,2025-08-21,2025-08-21,GRN-2025-0170,INV-VND-2025-0170,2025-08-25,2025-09-24,22/09/2025,EXP-23143,7,False,PC-2025-089,
PRC-2025-0171,GRT-2023-001,PRJ-2023-011,BDL-0020,VND-0145,LOC-MAN-001,FP-2025-07,STS-002,Direct Purchase,Computer Accessories Set for PRJ-2023-011,1,Boxes,322000.0,322000.0,TZS,2025-07-30,2025-08-31,,,,,,,,1,False,,
PRC-2025-0172,GRT-2021-001,PRJ-2023-007,BDL-0206,VND-0077,LOC-ARU-001,FP-2025-01,STS-007,Quotation,Manila Files Box for PRJ-2023-007,63,Litres,16100.0,1014300.0,TZS,2025-01-15,2025-02-01,31-Jan-2025,GRN-2025-0172,,,,,,5,False,PC-2025-044,
PRC-2025-0173,GRT-2022-003,PRJ-2023-003,BDL-0059,VND-0139,LOC-KIL-003,FP-2025-08,STS-009,Quotation,Timber Planks for PRJ-2023-003,102,Pieces,16600.0,1693200.0,TZS,2025-08-09,2025-09-21,2025-09-18,GRN-2025-0173,INV-VND-2025-0173,2025-09-22,2025-10-22,2025-10-14,EXP-19487,3,False,PC-2025-156,
PRC-2025-0174,GRT-2023-004,PRJ-2023-008,BDL-0110,VND-0144,LOC-MAN-002,FP-2025-05,STS-008,Direct Purchase,Flipchart Paper Pad for PRJ-2023-008,24,Pieces,17400.0,417600.0,TZS,2025-05-07,2025-05-28,2025-06-04,GRN-2025-0174,INV-VND-2025-0174,2025-06-07,,,,1,False,,
PRC-2025-0175,GRT-2023-003,PRJ-2023-006,BDL-0076,VND-0057,LOC-KIL-001,FP-2025-05,STS-006,Quotation,Oral Rehydration Salts for PRJ-2023-006,90,Pieces,39800.0,3582000.0,TZS,2025-05-18,2025-06-10,,,,,,,,5,False,PC-2025-049,
PRC-2025-0176,GRT-2022-003,PRJ-2023-003,BDL-0057,VND-0146,LOC-KIL-003,FP-2025-09,STS-010,Tender,Cement Bags for PRJ-2023-003,354,Litres,27800.0,9841200.0,TZS,2025-09-23,2025-10-11,2025-10-24,GRN-2025-0176,INV-VND-2025-0176,2025-10-26,2025-11-25,2025-11-23,EXP-17097,6,False,PC-2025-148,
PRC-2025-0177,GRT-2024-001,PRJ-2024-002,BDL-0083,VND-0094,LOC-KIL-004,FP-2025-06,STS-006,Tender,Paracetamol Tablets for PRJ-2024-002,274,Kg,27500.0,7535000.0,TZS,2025-06-01,2025-07-08,,,,,,,,4,False,PC-2025-141,
PRC-2025-0178,GRT-2024-002,PRJ-2024-004,BDL-0162,VND-0055,LOC-MAN-004,FP-2025-08,STS-006,Quotation,Printer Canon for PRJ-2024-004,1,Units,910800.0,910800.0,TZS,2025-08-24,2025-09-24,,,,,,,,3,False,,
PRC-2025-0179,GRT-2024-004,PRJ-2024-006,BDL-0227,VND-0026,LOC-MAN-002,FP-2025-05,STS-003,Quotation,Sunflower Seeds 1kg for PRJ-2024-006,268,Litres,15600.0,4180800.0,TZS,2025-05-25,2025-07-01,,,,,,,,4,False,PC-2025-026,
PRC-2025-0180,GRT-2024-002,PRJ-2024-003,BDL-0154,VND-0022,LOC-ARU-003,FP-2025-10,STS-007,Quotation,Indigenous Tree Seedlings for PRJ-2024-003,15557,Boxes,600.0,9334200.0,TZS,2025-10-03,2025-11-10,2025-11-21,GRN-2025-0180,,,,,,5,False,PC-2025-091,
PRC-2025-0181,GRT-2023-005,PRJ-2023-010,BDL-0149,VND-0113,LOC-KIL-001,FP-2025-08,STS-009,Quotation,Office Desk for PRJ-2023-010,3,Boxes,640800.0,1922400.0,TZS,2025-08-05,2025-08-29,2025-09-09,GRN-2025-0181,INV-VND-2025-0181,2025-09-12,2025-10-12,2025-10-04,EXP-69020,4,False,PC-2025-082,
PRC-2025-0182,GRT-2022-003,PRJ-2023-003,BDL-0057,VND-0063,LOC-KIL-003,FP-2025-08,STS-003,Quotation,Toner Cartridge for PRJ-2023-003,25,Boxes,51700.0,1292500.0,TZS,2025-08-02,2025-08-28,,,,,,,,3,False,PC-2025-068,
PRC-2025-0183,GRT-2023-001,PRJ-2023-002,BDL-0012,VND-0123,LOC-KIL-002,FP-2025-08,STS-009,Quotation,Training Handouts Printing for PRJ-2023-002,264,Units,32700.0,8632800.0,TZS,2025-08-25,04/10/2025,2025-10-18,GRN-2025-0183,INV-VND-2025-0183,2025-10-21,11-20-2025,2025-11-17,EXP-21738,7,False,PC-2025-153,
PRC-2025-0184,GRT-2023-001,PRJ-2023-001,BDL-0014,VND-0061,LOC-KIL-001,FP-2025-08,STS-005,Tender,Malaria Rapid Test Kits Box for PRJ-2023-001,66,Litres,265200.0,17503200.0,TZS,2025-08-02,2025-09-02,,,,,,,,6,False,PC-2025-064,
PRC-2025-0185,GRT-2024-001,PRJ-2024-001,BDL-0091,VND-0028,LOC-MAN-001,FP-2025-09,STS-009,Quotation,HP Desktop Computer for PRJ-2024-001,1,Units,1298600.0,1298600.0,TZS,2025-09-23,2025-10-12,2025-10-19,GRN-2025-0185,,2025-10-20,2025-11-19,2025-11-19,EXP-34371,4,False,PC-2025-159,
PRC-2025-0186,GRT-2024-002,PRJ-2024-003,BDL-0168,VND-0104,LOC-ARU-003,FP-2025-09,STS-008,Quotation,Eucalyptus Seedlings for PRJ-2024-003,8826,Boxes,900.0,7943400.0,TZS,2025-09-12,2025-09-30,2025-10-03,GRN-2025-0186,INV-VND-2025-0186,2025-10-06,,,,5,False,PC-2025-199,
PRC-2025-0187,GRT-2021-001,PRJ-2023-007,BDL-0204,VND-0060,LOC-ARU-001,FP-2025-10,STS-009,Tender,Paracetamol Tablets for PRJ-2023-007,216,Units,31900.0,6890400.0,TZS,2025-10-08,2025-10-22,2025-10-27,GRN-2025-0187,INV-VND-2025-0187,2025-10-30,2025-11-29,29/11/2025,EXP-97385,4,False,PC-2025-162,
PRC-2025-0188,GRT-2023-001,PRJ-2023-011,BDL-0020,VND-0135,LOC-MAN-001,FP-2025-02,STS-010,Quotation,HP Desktop Computer for PRJ-2023-011,1,Pieces,1292000.0,1292000.0,TZS,2025-02-14,2025-02-24,2025-03-04,GRN-2025-0188,INV-VND-2025-0188,2025-03-10,2025-04-09,2025-04-08,EXP-26492,5,False,PC-2025-087,
PRC-2025-0189,GRT-2023-001,PRJ-2023-002,BDL-0016,VND-0043,LOC-KIL-002,FP-2025-04,STS-007,Quotation,Vegetable Seed Pack for PRJ-2023-002,313,Sets,8000.0,2504000.0,TZS,2025-04-07,18-Apr-2025,2025-05-01,GRN-2025-0189,,,,,,4,False,PC-2025-083,
PRC-2025-0190,GRT-2023-001,PRJ-2023-001,BDL-0020,VND-0018,LOC-KIL-001,FP-2025-04,STS-009,Tender,Medical Gloves Box for PRJ-2023-001,158,Units,47900.0,7568200.0,TZS,2025-04-03,2025-04-28,2025-05-05,GRN-2025-0190,INV-VND-2025-0190,2025-05-08,2025-06-07,2025-07-15,EXP-96362,4,False,PC-2025-135,
PRC-2025-0191,GRT-2024-004,PRJ-2024-006,BDL-0229,VND-0015,LOC-MAN-002,FP-2025-02,STS-010,Quotation,Eucalyptus Seedlings for PRJ-2024-006,7044,Units,700.0,4930800.0,TZS,2025-02-24,2025-04-01,2025-03-30,GRN-2025-0191,INV-VND-2025-0191,2025-04-05,2025-05-05,2025-04-29,EXP-58374,3,False,PC-2025-168,
PRC-2025-0192,GRT-2024-002,PRJ-2024-004,BDL-0160,VND-0117,LOC-MAN-004,FP-2025-07,STS-004,Quotation,Oral Rehydration Salts for PRJ-2024-004,143,Sets,33100.0,4733300.0,TZS,2025-07-17,2025-08-22,,,,,,,,5,False,PC-2025-143,
PRC-2025-0193,GRT-2023-002,PRJ-2023-012,BDL-0041,VND-0099,LOC-ARU-001,FP-2025-06,STS-009,Tender,Indigenous Tree Seedlings for PRJ-2023-012,15897,Kg,600.0,9538200.0,TZS,2025-06-29,08-13-2025,2025-08-17,GRN-2025-0193,INV-VND-2025-0193,2025-08-19,2025-09-18,2025-09-10,EXP-43303,6,False,PC-2025-196,
PRC-2025-0194,GRT-2023-004,PRJ-2023-008,BDL-0106,VND-0021,LOC-MAN-002,FP-2025-05,STS-010,Quotation,Bean Seeds 2kg for PRJ-2023-008,192,Kg,12200.0,2342400.0,TZS,2025-05-22,2025-06-12,2025-06-17,GRN-2025-0194,INV-VND-2025-0194,2025-06-18,2025-07-18,09-Jul-2025,EXP-38499,3,False,,
PRC-2025-0195,GRT-2023-001,PRJ-2023-002,BDL-0011,VND-0042,LOC-KIL-002,FP-2025-02,STS-007,Quotation,Office Desk for PRJ-2023-002,9,Kg,621800.0,5596200.0,TZS,2025-02-05,2025-03-04,2025-03-18,GRN-2025-0195,,,,,,6,False,PC-2025-014,
PRC-2025-0196,GRT-2023-003,PRJ-2023-013,BDL-0079,VND-0134,LOC-ARU-001,FP-2025-02,STS-009,Quotation,Paracetamol Tablets for PRJ-2023-013,186,Boxes,28000.0,5208000.0,TZS,2025-02-09,2025-03-23,2025-04-01,GRN-2025-0196,INV-VND-2025-0196,2025-04-05,2025-05-05,2025-05-03,EXP-27677,5,False,PC-2025-022,
PRC-2025-0197,GRT-2024-001,PRJ-2024-007,BDL-0085,VND-0102,LOC-ARU-002,FP-2025-04,STS-009,Quotation,Conference Table for PRJ-2024-007,1,Kg,1137100.0,1137100.0,TZS,2025-04-11,2025-05-10,2025-05-21,GRN-2025-0197,INV-VND-2025-0197,2025-05-25,2025-06-24,,EXP-36173,4,False,PC-2025-153,
PRC-2025-0198,GRT-2023-002,PRJ-2023-004,BDL-0031,VND-0005,LOC-ARU-002,FP-2025-09,STS-006,Quotation,Notebooks Pack for PRJ-2023-004,81,Pieces,8800.0,712800.0,TZS,2025-09-19,2025-10-05,,,,,,,,3,False,PC-2025-140,
PRC-2025-0199,GRT-2023-003,PRJ-2023-013,BDL-0069,VND-0104,LOC-ARU-001,FP-2025-07,STS-001,Quotation,Reams of A4 Paper for PRJ-2023-013,216,Sets,4800.0,1036800.0,TZS,2025-07-31,2025-08-21,,,,,,,,5,False,PC-2025-093,
PRC-2025-0200,GRT-2023-003,PRJ-2023-006,BDL-0067,VND-0016,LOC-KIL-001,FP-2025-01,STS-009,Quotation,Cement Bags for PRJ-2023-006,111,Units,31700.0,3518700.0,TZS,2025-01-24,2025-02-22,2025-03-02,GRN-2025-0200,INV-VND-2025-0200,2025-03-05,2025-04-04,2025-03-27,EXP-46159,4,False,PC-2025-086,
PRC-2025-0201,GRT-2024-002,PRJ-2024-004,BDL-0170,VND-0146,LOC-MAN-004,FP-2025-04,STS-009,Quotation,Paracetamol Tablets for PRJ-2024-004,172,Boxes,26300.0,4523600.0,TZS,2025-04-30,2025-05-15,2025-05-30,GRN-2025-0201,INV-VND-2025-0201,2025-06-06,2025-07-06,2025-07-04,EXP-50501,4,False,,
PRC-2025-0202,GRT-2023-003,PRJ-2023-006,BDL-0071,VND-0075,LOC-KIL-001,FP-2025-06,STS-010,Quotation,Notebooks Pack for PRJ-2023-006,182,Boxes,8500.0,1547000.0,TZS,2025-06-04,2025-06-20,2025-06-23,GRN-2025-0202,INV-VND-2025-0202,2025-06-25,2025-07-25,2025-09-07,EXP-90864,4,False,PC-2025-078,
PRC-2025-0203,GRT-2024-002,PRJ-2024-003,BDL-0159,VND-0056,LOC-ARU-003,FP-2025-01,STS-008,Direct Purchase,Markers Set for PRJ-2024-003,22,Sets,11500.0,253000.0,TZS,2025-01-22,2025-02-15,2025-02-25,GRN-2025-0203,INV-VND-2025-0203,2025-03-03,,,,1,False,,
PRC-2025-0204,GRT-2023-004,PRJ-2023-008,BDL-0113,VND-0144,LOC-MAN-002,FP-2025-10,STS-010,Direct Purchase,Network Switch for PRJ-2023-008,1,Litres,379400.0,379400.0,TZS,10-10-2025,2025-10-19,2025-11-01,GRN-2025-0204,INV-VND-2025-0204,2025-11-05,2025-12-05,2025-12-05,EXP-42207,1,False,,
PRC-2025-0205,GRT-2024-001,PRJ-2024-001,BDL-0097,VND-0089,LOC-MAN-001,FP-2025-03,STS-009,Tender,Improved Maize Seed 5kg for PRJ-2024-001,767,Kg,20300.0,15570100.0,TZS,2025-03-13,2025-03-31,2025-04-15,GRN-2025-0205,INV-VND-2025-0205,2025-04-21,2025-05-21,2025-05-15,EXP-64206,6,False,PC-2025-024,
PRC-2025-0206,GRT-2023-003,PRJ-2023-006,BDL-0064,VND-0047,LOC-KIL-001,FP-2025-07,STS-005,Quotation,Training Handouts Printing for PRJ-2023-006,125,Boxes,37700.0,4712500.0,TZS,2025-07-28,2025-08-06,,,,,,,,5,False,PC-2025-131,
PRC-2025-0207,GRT-2023-001,PRJ-2023-002,BDL-0014,VND-0137,LOC-KIL-002,FP-2025-05,STS-009,Quotation,Training Handouts Printing for PRJ-2023-002,287,Sets,32500.0,9327500.0,TZS,2025-05-24,2025-05-31,2025-06-11,GRN-2025-0207,INV-VND-2025-0207,15-Jun-2025,2025-07-15,2025-07-15,EXP-89689,4,False,PC-2025-001,
PRC-2025-0208,GRT-2021-001,PRJ-2023-007,BDL-0191,VND-0114,LOC-ARU-001,FP-2025-02,STS-007,Quotation,Notebooks Pack for PRJ-2023-007,55,Kg,9500.0,522500.0,TZS,2025-02-28,2025-03-10,2025-03-10,GRN-2025-0208,,,,,,5,False,PC-2025-148,
PRC-2025-0209,GRT-2023-003,PRJ-2023-006,BDL-0075,VND-0113,LOC-KIL-001,FP-2025-02,STS-010,Quotation,Reams of A4 Paper for PRJ-2023-006,330,Units,4900.0,1617000.0,TZS,2025-02-17,2025-03-14,2025-03-26,GRN-2025-0209,INV-VND-2025-0209,2025-04-01,2025-05-01,2025-04-26,EXP-79081,4,False,PC-2025-018,
PRC-2025-0210,GRT-2024-001,PRJ-2024-001,BDL-0096,VND-0033,LOC-MAN-001,FP-2025-04,STS-009,Quotation,Timber Planks for PRJ-2024-001,189,Sets,15800.0,2986200.0,TZS,2025-04-17,2025-05-08,2025-05-14,GRN-2025-0210,INV-VND-2025-0210,2025-05-15,2025-06-14,18/07/2025,EXP-91980,4,False,PC-2025-134,
PRC-2025-0211,GRT-2023-004,PRJ-2023-009,BDL-0102,VND-0010,LOC-MAN-003,FP-2025-01,STS-009,Quotation,Timber Planks for PRJ-2023-009,165,Litres,13900.0,2293500.0,TZS,2025-01-29,2025-02-16,2025-02-19,GRN-2025-0211,INV-VND-2025-0211,2025-02-22,2025-03-24,2025-03-17,EXP-72193,4,False,,
PRC-2025-0212,GRT-2024-001,PRJ-2024-007,BDL-0093,VND-0148,LOC-ARU-002,FP-2025-01,STS-007,Quotation,Pens and Pencils Box for PRJ-2024-007,68,Litres,11800.0,802400.0,TZS,2025-01-30,2025-02-27,2025-03-08,GRN-2025-0212,,,,,,4,False,PC-2025-017,
PRC-2025-0213,GRT-2024-001,PRJ-2024-002,BDL-0084,VND-0056,LOC-KIL-004,FP-2025-07,STS-005,Quotation,External Hard Drive for PRJ-2024-002,3,Litres,178700.0,536100.0,TZS,07-25-2025,2025-08-03,,,,,,,,4,False,PC-2025-056,
PRC-2025-0214,GRT-2023-001,PRJ-2023-011,BDL-0017,VND-0106,LOC-MAN-001,FP-2025-02,STS-006,Tender,Toyota Land Cruiser 4x4 for PRJ-2023-011,1,Kg,51052800.0,51052800.0,TZS,02/02/2025,2025-03-10,,,,,,,,9,False,PC-2025-034,
PRC-2025-0215,GRT-2024-001,PRJ-2024-002,BDL-0097,VND-0088,LOC-KIL-004,FP-2025-06,STS-006,Quotation,Timber Planks for PRJ-2024-002,53,Boxes,16300.0,863900.0,TZS,2025-06-05,2025-07-16,,,,,,,,5,False,,
PRC-2025-0216,GRT-2023-003,PRJ-2023-013,BDL-0078,VND-0008,LOC-ARU-001,FP-2025-04,STS-009,Quotation,Oral Rehydration Salts for PRJ-2023-013,102,Units,34300.0,3498600.0,TZS,2025-04-12,2025-04-23,2025-04-29,GRN-2025-0216,INV-VND-2025-0216,2025-05-02,2025-06-01,2025-06-01,EXP-27049,3,False,PC-2025-181,
PRC-2025-0217,GRT-2024-003,PRJ-2024-005,BDL-0185,VND-0064,LOC-ARU-004,FP-2025-09,STS-010,Quotation,Oral Rehydration Salts for PRJ-2024-005,61,Pieces,39600.0,2415600.0,TZS,2025-09-11,2025-09-24,2025-10-05,GRN-2025-0217,INV-VND-2025-0217,2025-10-11,2025-11-10,2025-11-03,EXP-71675,4,False,,
PRC-2025-0218,GRT-2024-003,PRJ-2024-005,BDL-0189,VND-0035,LOC-ARU-004,FP-2025-07,STS-005,Direct Purchase,Flipchart Paper Pad for PRJ-2024-005,20,Units,18300.0,366000.0,TZS,2025-07-12,2025-08-26,,,,,,,,1,False,,
PRC-2025-0219,GRT-2024-001,PRJ-2024-001,BDL-0097,VND-0094,LOC-MAN-001,FP-2025-08,STS-006,Quotation,Office Chair for PRJ-2024-001,14,Units,290400.0,4065600.0,TZS,2025-08-23,2025-09-26,,,,,,,,4,False,,
PRC-2025-0220,GRT-2023-001,PRJ-2023-011,BDL-0004,VND-0137,LOC-MAN-001,FP-2025-07,STS-004,Tender,Cement Bags for PRJ-2023-011,346,Boxes,26400.0,9134400.0,TZS,2025-07-28,2025-08-24,,,,,,,,3,False,PC-2025-154,
PRC-2025-0221,GRT-2023-001,PRJ-2023-001,BDL-0005,VND-0024,LOC-KIL-001,FP-2025-06,STS-007,Quotation,Timber Planks for PRJ-2023-001,108,Boxes,15700.0,1695600.0,TZS,2025-06-19,2025-07-23,2025-07-31,GRN-2025-0221,,,,,,3,False,PC-2025-053,
PRC-2025-0222,GRT-2023-001,PRJ-2023-002,BDL-0001,VND-0132,LOC-KIL-002,FP-2025-07,STS-008,Tender,Improved Maize Seed 5kg for PRJ-2023-002,426,Pieces,19400.0,8264400.0,TZS,2025-07-29,2025-09-01,2025-09-15,GRN-2025-0222,INV-VND-2025-0222,2025-09-17,,,,5,False,PC-2025-183,
PRC-2025-0223,GRT-2022-004,PRJ-2023-005,BDL-0119,VND-0105,LOC-KIL-001,FP-2025-08,STS-009,Quotation,Pens and Pencils Box for PRJ-2023-005,79,Litres,12300.0,971700.0,TZS,2025-08-15,2025-09-20,2025-09-30,GRN-2025-0223,INV-VND-2025-0223,2025-10-04,2025-11-03,2025-10-26,EXP-68988,4,False,,
PRC-2025-0224,GRT-2023-001,PRJ-2023-002,BDL-0002,VND-0021,LOC-KIL-002,FP-2025-06,STS-009,Quotation,Eucalyptus Seedlings for PRJ-2023-002,6852,Litres,900.0,6166800.0,TZS,2025-06-07,2025-07-13,2025-07-26,GRN-2025-0224,INV-VND-2025-0224,2025-07-31,2025-08-30,2025-10-04,EXP-92662,4,False,PC-2025-187,
PRC-2025-0225,GRT-2024-001,PRJ-2024-002,BDL-0096,VND-0007,LOC-KIL-004,FP-2025-02,STS-009,Quotation,Bean Seeds 2kg for PRJ-2024-002,165,Pieces,13600.0,2244000.0,TZS,2025-02-15,2025-03-24,2025-04-08,GRN-2025-0225,INV-VND-2025-0225,2025-04-09,2025-05-09,2025-05-05,EXP-91830,5,False,PC-2025-078,
PRC-2025-0226,GRT-2024-001,PRJ-2024-007,BDL-0087,VND-0105,LOC-ARU-002,FP-2025-07,STS-010,Quotation,Eucalyptus Seedlings for PRJ-2024-007,4459,Boxes,900.0,4013100.0,TZS,2025-07-09,2025-07-21,2025-07-22,GRN-2025-0226,INV-VND-2025-0226,2025-07-29,2025-08-28,,EXP-64125,4,False,PC-2025-047,
PRC-2025-0227,GRT-2024-003,PRJ-2024-005,BDL-0186,VND-0147,LOC-ARU-004,FP-2025-03,STS-009,Direct Purchase,Markers Set for PRJ-2024-005,32,Kg,12900.0,412800.0,TZS,2025-03-30,2025-05-09,2025-05-19,GRN-2025-0227,,2025-05-26,2025-06-25,2025-06-15,EXP-51377,1,False,,
PRC-2025-0228,GRT-2023-002,PRJ-2023-004,BDL-0030,VND-0087,LOC-ARU-002,FP-2025-07,STS-006,Quotation,Conference Table for PRJ-2023-004,1,Units,1304700.0,1304700.0,TZS,2025-07-06,2025-07-24,,,,,,,,5,False,PC-2025-173,
PRC-2025-0229,GRT-2024-003,PRJ-2024-005,BDL-0185,VND-0103,LOC-ARU-004,FP-2025-05,STS-009,Quotation,Sunflower Seeds 1kg for PRJ-2024-005,157,Boxes,13600.0,2135200.0,TZS,2025-05-06,2025-06-20,2025-06-20,GRN-2025-0229,INV-VND-2025-0229,2025-06-21,2025-07-21,2025-09-02,EXP-27027,3,False,PC-2025-015,
PRC-2025-0230,GRT-2023-004,PRJ-2023-009,BDL-0113,VND-0107,LOC-MAN-003,FP-2025-05,STS-010,Quotation,Fruit Tree Seedlings for PRJ-2023-009,1485,Sets,1100.0,1633500.0,TZS,2025-05-27,2025-06-19,2025-06-21,GRN-2025-0230,INV-VND-2025-0230,2025-06-25,2025-07-25,,EXP-89993,3,False,,
PRC-2025-0231,GRT-2024-001,PRJ-2024-007,BDL-0091,VND-0042,LOC-ARU-002,FP-2025-08,STS-002,Direct Purchase,Markers Set for PRJ-2024-007,44,Litres,10800.0,475200.0,TZS,2025-08-02,2025-08-26,,,,,,,,1,False,,
PRC-2025-0232,GRT-2023-001,PRJ-2023-011,BDL-0014,VND-0100,LOC-MAN-001,FP-2025-07,STS-010,Quotation,HP Desktop Computer for PRJ-2023-011,1,Sets,1594000.0,1594000.0,TZS,2025-07-17,2025-08-14,2025-08-20,GRN-2025-0232,INV-VND-2025-0232,2025-08-26,2025-09-25,2025-09-15,EXP-21883,4,False,PC-2025-032,
PRC-2025-0233,GRT-2024-001,PRJ-2024-001,BDL-0095,VND-0106,LOC-MAN-001,FP-2025-05,STS-006,Quotation,Fruit Tree Seedlings for PRJ-2024-001,1254,Litres,1300.0,1630200.0,TZS,2025-05-17,2025-06-24,,,,,,,,5,False,,
PRC-2025-0234,GRT-2023-001,PRJ-2023-001,BDL-0002,VND-0005,LOC-KIL-001,FP-2025-04,STS-010,Quotation,Indigenous Tree Seedlings for PRJ-2023-001,4513,Kg,600.0,2707800.0,TZS,2025-04-01,2025-05-15,19-May-2025,GRN-2025-0234,INV-VND-2025-0234,2025-05-20,2025-06-19,2025-06-12,EXP-95699,5,False,PC-2025-171,
PRC-2025-0235,GRT-2023-003,PRJ-2023-006,BDL-0079,VND-0093,LOC-KIL-001,FP-2025-04,STS-003,Direct Purchase,External Hard Drive for PRJ-2023-006,2,Pieces,189700.0,379400.0,TZS,2025-04-28,2025-06-01,,,,,,,,1,False,,
PRC-2025-0236,GRT-2023-002,PRJ-2023-012,BDL-0026,VND-0046,LOC-ARU-001,FP-2025-07,STS-005,Quotation,Manila Files Box for PRJ-2023-012,38,Units,13700.0,520600.0,TZS,2025-07-23,2025-09-03,,,,,,,,4,False,PC-2025-037,
PRC-2025-0237,GRT-2024-002,PRJ-2024-004,BDL-0159,VND-0039,LOC-MAN-004,FP-2025-09,STS-007,Quotation,Dell Laptop Computer for PRJ-2024-004,1,Boxes,2036800.0,2036800.0,TZS,2025-09-15,2025-09-30,03/10/2025,GRN-2025-0237,,,,,,5,False,PC-2025-167,
PRC-2025-0238,GRT-2023-003,PRJ-2023-013,BDL-0063,VND-0030,LOC-ARU-001,FP-2025-10,STS-010,Quotation,Office Desk for PRJ-2023-013,6,Sets,616200.0,3697200.0,TZS,2025-10-01,2025-10-22,2025-11-02,GRN-2025-0238,INV-VND-2025-0238,2025-11-08,2025-12-08,2025-12-08,EXP-35391,5,False,PC-2025-025,
PRC-2025-0239,GRT-2023-004,PRJ-2023-009,BDL-0110,VND-0090,LOC-MAN-003,FP-2025-03,STS-009,Quotation,Reams of A4 Paper for PRJ-2023-009,322,Boxes,5700.0,1835400.0,TZS,2025-03-15,2025-03-26,2025-03-30,GRN-2025-0239,INV-VND-2025-0239,2025-04-04,2025-05-04,2025-04-28,EXP-36050,3,False,PC-2025-041,
PRC-2025-0240,GRT-2023-005,PRJ-2023-010,BDL-0141,VND-0037,LOC-KIL-001,FP-2025-07,STS-009,Direct Purchase,Markers Set for PRJ-2023-010,32,Pieces,11200.0,358400.0,TZS,2025-07-17,2025-08-10,2025-08-13,GRN-2025-0240,INV-VND-2025-0240,2025-08-14,2025-09-13,2025-09-13,EXP-46779,1,False,,
PRC-2025-0241,GRT-2024-001,PRJ-2024-007,BDL-0090,VND-0002,LOC-ARU-002,FP-2025-05,STS-009,Quotation,Paint 20L for PRJ-2024-007,35,Kg,81100.0,2838500.0,TZS,2025-05-21,2025-06-12,19-Jun-2025,GRN-2025-0241,INV-VND-2025-0241,2025-06-21,2025-07-21,2025-07-12,EXP-29525,4,False,,
PRC-2025-0242,GRT-2023-001,PRJ-2023-011,BDL-0008,VND-0045,LOC-MAN-001,FP-2025-09,STS-004,Quotation,Toner Cartridge for PRJ-2023-011,38,Units,42000.0,1596000.0,TZS,2025-09-17,2025-10-13,,,,,,,,4,False,PC-2025-062,
PRC-2025-0243,GRT-2022-004,PRJ-2023-005,BDL-0131,VND-0058,LOC-KIL-001,FP-2025-06,STS-007,Quotation,Flipchart Paper Pad for PRJ-2023-005,35,Kg,16500.0,577500.0,TZS,2025-06-02,2025-07-13,2025-07-28,GRN-2025-0243,,,,,,5,False,PC-2025-086,
PRC-2025-0244,GRT-2024-002,PRJ-2024-003,BDL-0155,VND-0092,LOC-ARU-003,FP-2025-04,STS-003,Quotation,Fruit Tree Seedlings for PRJ-2024-003,2857,Litres,1200.0,3428400.0,TZS,2025-04-29,2025-05-14,,,,,,,,3,False,PC-2025-166,
PRC-2025-0245,GRT-2023-004,PRJ-2023-008,BDL-0110,VND-0101,LOC-MAN-002,FP-2025-03,STS-009,Quotation,Paint 20L for PRJ-2023-008,18,Units,77800.0,1400400.0,TZS,2025-03-18,2025-04-24,2025-05-08,GRN-2025-0245,INV-VND-2025-0245,2025-05-13,2025-06-12,2025-06-05,EXP-91389,4,False,PC-2025-116,
PRC-2025-0246,GRT-2022-003,PRJ-2023-003,BDL-0045,VND-0006,LOC-KIL-003,FP-2025-03,STS-008,Quotation,HP Desktop Computer for PRJ-2023-003,1,Boxes,1566200.0,1566200.0,TZS,2025-03-23,2025-04-29,2025-05-07,GRN-2025-0246,INV-VND-2025-0246,2025-05-13,,,,5,False,,
PRC-2025-0247,GRT-2024-001,PRJ-2024-002,BDL-0098,VND-0046,LOC-KIL-004,FP-2025-06,STS-008,Tender,Bean Seeds 2kg for PRJ-2024-002,554,Boxes,11700.0,6481800.0,TZS,2025-06-11,2025-06-21,2025-06-22,GRN-2025-0247,INV-VND-2025-0247,2025-06-26,,,,4,False,PC-2025-124,
PRC-2025-0248,GRT-2022-004,PRJ-2023-005,BDL-0124,VND-0034,LOC-KIL-001,FP-2025-06,STS-009,Quotation,Notebooks Pack for PRJ-2023-005,136,Boxes,8600.0,1169600.0,TZS,2025-06-26,2025-07-25,2025-07-26,GRN-2025-0248,INV-VND-2025-0248,2025-07-31,2025-08-30,2025-08-22,EXP-49526,4,False,,
PRC-2025-0249,GRT-2024-001,PRJ-2024-001,BDL-0098,VND-0098,LOC-MAN-001,FP-2025-02,STS-009,Tender,Motorcycle Honda for PRJ-2024-001,1,Litres,5087600.0,5087600.0,TZS,2025-02-04,2025-02-19,2025-03-05,GRN-2025-0249,INV-VND-2025-0249,2025-03-06,2025-04-05,2025-04-02,EXP-68454,3,False,PC-2025-188,
PRC-2025-0250,GRT-2022-003,PRJ-2023-003,BDL-0058,VND-0105,LOC-KIL-003,FP-2025-08,STS-005,Quotation,Training Handouts Printing for PRJ-2023-003,280,Sets,36000.0,10080000.0,TZS,2025-08-21,2025-09-20,,,,,,,,5,False,PC-2025-102,
PRC-2025-0251,GRT-2024-003,PRJ-2024-005,BDL-0187,VND-0103,LOC-ARU-004,FP-2025-03,STS-009,Quotation,Motorcycle Honda for PRJ-2024-005,1,Sets,4526800.0,4526800.0,TZS,2025-03-29,2025-04-18,2025-04-24,GRN-2025-0251,INV-VND-2025-0251,2025-05-01,2025-05-31,2025-05-26,EXP-18665,4,False,PC-2025-036,
PRC-2025-0252,GRT-2024-001,PRJ-2024-001,BDL-0098,VND-0034,LOC-MAN-001,FP-2025-06,STS-005,Quotation,UPS Battery for PRJ-2024-001,2,Sets,488200.0,976400.0,TZS,2025-06-17,2025-07-24,,,,,,,,3,False,PC-2025-007,
PRC-2025-0253,GRT-2023-001,PRJ-2023-001,BDL-0004,VND-0015,LOC-KIL-001,FP-2025-09,STS-010,Direct Purchase,Computer Accessories Set for PRJ-2023-001,1,Pieces,364500.0,364500.0,TZS,2025-09-15,2025-09-29,2025-10-07,GRN-2025-0253,INV-VND-2025-0253,2025-10-12,2025-11-11,2025-12-02,EXP-31344,1,False,,
PRC-2025-0254,GRT-2024-004,PRJ-2024-006,BDL-0212,VND-0144,LOC-MAN-002,FP-2025-06,STS-009,Tender,Toyota Land Cruiser 4x4 for PRJ-2024-006,1,Boxes,42380300.0,42380300.0,TZS,2025-06-02,2025-07-02,2025-07-02,GRN-2025-0254,INV-VND-2025-0254,2025-07-05,2025-08-04,2025-08-04,EXP-27950,5,False,PC-2025-176,
PRC-2025-0255,GRT-2024-004,PRJ-2024-006,BDL-0227,VND-0099,LOC-MAN-002,FP-2025-07,STS-001,Direct Purchase,Flipchart Paper Pad for PRJ-2024-006,13,Litres,16800.0,218400.0,TZS,2025-07-12,2025-08-07,,,,,,,,1,False,,
PRC-2025-0256,GRT-2024-001,PRJ-2024-001,BDL-0083,VND-0005,LOC-MAN-001,FP-2025-03,STS-003,Quotation,Motorcycle Honda for PRJ-2024-001,1,Units,4304900.0,4304900.0,TZS,2025-03-13,24-Mar-2025,,,,,,,,3,False,,
PRC-2025-0257,GRT-2023-001,PRJ-2023-002,BDL-0016,VND-0096,LOC-KIL-002,FP-2025-04,STS-006,Quotation,Reams of A4 Paper for PRJ-2023-002,190,Pieces,4500.0,855000.0,TZS,2025-04-27,2025-05-15,,,,,,,,3,False,PC-2025-032,
PRC-2025-0258,GRT-2023-003,PRJ-2023-006,BDL-0077,VND-0149,LOC-KIL-001,FP-2025-06,STS-006,Quotation,Cement Bags for PRJ-2023-006,129,Litres,29200.0,3766800.0,TZS,2025-06-08,2025-06-25,,,INV-VND-2025-0254,,,,,3,False,,
PRC-2025-0259,GRT-2024-001,PRJ-2024-007,BDL-0088,VND-0137,LOC-ARU-002,FP-2025-06,STS-008,Quotation,HP Desktop Computer for PRJ-2024-007,1,Units,1603500.0,1603500.0,TZS,2025-06-24,2025-07-08,2025-07-19,GRN-2025-0259,INV-VND-2025-0259,2025-07-21,,,,4,False,PC-2025-055,
PRC-2025-0260,GRT-2024-001,PRJ-2024-001,BDL-0097,VND-0109,LOC-MAN-001,FP-2025-01,STS-007,Quotation,Filing Cabinet for PRJ-2024-001,5,Boxes,382700.0,1913500.0,TZS,2025-01-21,2025-02-28,2025-02-28,GRN-2025-0260,,,,,,3,False,PC-2025-122,
PRC-2025-0261,GRT-2023-003,PRJ-2023-006,BDL-0063,VND-0132,LOC-KIL-001,FP-2025-06,STS-009,Quotation,Eucalyptus Seedlings for PRJ-2023-006,6962,Litres,900.0,6265800.0,TZS,2025-06-06,2025-07-20,2025-08-04,GRN-2025-0261,INV-VND-2025-0261,2025-08-11,2025-09-10,2025-09-04,EXP-56674,4,False,PC-2025-109,
PRC-2025-0262,GRT-2022-004,PRJ-2023-005,BDL-0119,VND-0145,LOC-KIL-001,FP-2025-06,STS-007,Quotation,Reams of A4 Paper for PRJ-2023-005,249,Kg,4500.0,1120500.0,TZS,2025-06-19,2025-07-02,2025-07-01,GRN-2025-0262,,,,,,3,False,PC-2025-098,
PRC-2025-0263,GRT-2023-002,PRJ-2023-012,BDL-0039,VND-0136,LOC-ARU-001,FP-2025-06,STS-002,Quotation,Office Desk for PRJ-2023-012,5,Units,636100.0,3180500.0,TZS,2025-06-19,2025-07-06,,,,,,,,4,False,PC-2025-114,
PRC-2025-0264,GRT-2023-002,PRJ-2023-012,BDL-0039,VND-0096,LOC-ARU-001,FP-2025-07,STS-009,Direct Purchase,Markers Set for PRJ-2023-012,37,Kg,12000.0,444000.0,TZS,2025-07-27,2025-08-25,2025-08-31,GRN-2025-0264,INV-VND-2025-0264,2025-09-01,2025-10-01,2025-09-29,EXP-58026,1,False,,
PRC-2025-0265,GRT-2023-004,PRJ-2023-008,BDL-0107,VND-0143,LOC-MAN-002,FP-2025-08,STS-002,Quotation,Dell Laptop Computer for PRJ-2023-008,1,Litres,1671500.0,1671500.0,TZS,2025-08-19,10-01-2025,,,,,,,,3,False,PC-2025-006,
PRC-2025-0266,GRT-2024-002,PRJ-2024-004,BDL-0164,VND-0059,LOC-MAN-004,FP-2025-04,STS-009,Quotation,Flipchart Paper Pad for PRJ-2024-004,30,Sets,17100.0,513000.0,TZS,2025-04-10,2025-05-06,2025-05-14,GRN-2025-0266,INV-VND-2025-0266,2025-05-16,2025-06-15,2025-06-14,EXP-80232,4,False,PC-2025-129,
PRC-2025-0267,GRT-2023-004,PRJ-2023-009,BDL-0102,VND-0110,LOC-MAN-003,FP-2025-06,STS-007,Quotation,Participant Bags for PRJ-2023-009,81,Litres,27500.0,2227500.0,TZS,2025-06-24,2025-07-13,23-Jul-2025,GRN-2025-0267,,,,,,5,False,PC-2025-078,
PRC-2025-0268,GRT-2023-003,PRJ-2023-006,BDL-0079,VND-0119,LOC-KIL-001,FP-2025-10,STS-009,Tender,Training Handouts Printing for PRJ-2023-006,381,Kg,36200.0,13792200.0,TZS,2025-10-09,2025-10-28,2025-11-05,GRN-2025-0268,INV-VND-2025-0268,2025-11-07,2025-12-07,2025-11-27,EXP-49357,7,False,PC-2025-187,
PRC-2025-0269,GRT-2024-002,PRJ-2024-004,BDL-0161,VND-0049,LOC-MAN-004,FP-2025-08,STS-010,Tender,Malaria Rapid Test Kits Box for PRJ-2024-004,43,Units,309900.0,13325700.0,TZS,2025-08-19,2025-08-28,2025-08-31,GRN-2025-0269,INV-VND-2025-0269,2025-09-02,2025-10-02,2025-10-24,EXP-96333,6,False,PC-2025-144,
PRC-2025-0270,GRT-2024-002,PRJ-2024-003,BDL-0156,VND-0106,LOC-ARU-003,FP-2025-10,STS-010,Quotation,Toyota Land Cruiser 4x4 for PRJ-2024-003,1,Boxes,48762900.0,48762900.0,TZS,2025-10-10,2025-11-02,2025-11-14,GRN-2025-0270,INV-VND-2025-0270,2025-11-16,2025-12-16,2025-12-11,EXP-53160,7,False,PC-2025-171,
PRC-2025-0271,GRT-2023-001,PRJ-2023-011,BDL-0018,VND-0099,LOC-MAN-001,FP-2025-06,STS-006,Direct Purchase,Computer Accessories Set for PRJ-2023-011,1,Kg,356500.0,356500.0,TZS,2025-06-06,2025-06-22,,,,,,,,1,False,,
PRC-2025-0272,GRT-2023-001,PRJ-2023-002,BDL-0008,VND-0003,LOC-KIL-002,FP-2025-08,STS-006,Quotation,Filing Cabinet for PRJ-2023-002,4,Pieces,408600.0,1634400.0,TZS,2025-08-29,2025-09-29,,,,,,,,5,False,PC-2025-032,
PRC-2025-0273,GRT-2023-004,PRJ-2023-008,BDL-0109,VND-0073,LOC-MAN-002,FP-2025-09,STS-010,Tender,Training Handouts Printing for PRJ-2023-008,363,Litres,38200.0,13866600.0,TZS,2025-09-23,2025-10-30,2025-11-09,GRN-2025-0273,INV-VND-2025-0273,12/11/2025,2025-12-12,2025-12-11,EXP-31016,3,False,PC-2025-071,
PRC-2025-0274,GRT-2022-004,PRJ-2023-005,BDL-0119,VND-0048,LOC-KIL-001,FP-2025-03,STS-009,Quotation,Sunflower Seeds 1kg for PRJ-2023-005,272,Boxes,13900.0,3780800.0,TZS,2025-03-22,2025-05-06,2025-05-16,GRN-2025-0274,INV-VND-2025-0274,2025-05-19,2025-06-18,2025-06-16,EXP-44167,3,False,PC-2025-133,
PRC-2025-0275,GRT-2023-001,PRJ-2023-001,BDL-0001,VND-0073,LOC-KIL-001,FP-2025-08,STS-005,Quotation,Printer Canon for PRJ-2023-001,1,Litres,972000.0,972000.0,TZS,2025-08-08,2025-09-11,,,,,,,,3,False,PC-2025-068,
PRC-2025-0276,GRT-2023-005,PRJ-2023-010,BDL-0151,VND-0079,LOC-KIL-001,FP-2025-05,STS-010,Direct Purchase,Flipchart Paper Pad for PRJ-2023-010,16,Boxes,17100.0,273600.0,TZS,2025-05-31,06-25-2025,2025-07-07,GRN-2025-0276,INV-VND-2025-0276,2025-07-11,2025-08-10,2025-08-01,EXP-38254,1,False,,
PRC-2025-0277,GRT-2022-003,PRJ-2023-003,BDL-0042,VND-0012,LOC-KIL-003,FP-2025-02,STS-009,Tender,Indigenous Tree Seedlings for PRJ-2023-003,8770,Sets,600.0,5262000.0,TZS,2025-02-21,2025-03-06,2025-03-20,GRN-2025-0277,INV-VND-2025-0259,2025-03-23,2025-04-22,2025-04-15,EXP-56439,6,False,PC-2025-189,
PRC-2025-0278,GRT-2023-001,PRJ-2023-011,BDL-0011,VND-0035,LOC-MAN-001,FP-2025-06,STS-006,Direct Purchase,Computer Accessories Set for PRJ-2023-011,1,Pieces,352900.0,352900.0,TZS,2025-06-24,2025-07-03,,,,,,,,1,False,,
PRC-2025-0279,GRT-2023-004,PRJ-2023-009,BDL-0108,VND-0045,LOC-MAN-003,FP-2025-08,STS-009,Quotation,Office Chair for PRJ-2023-009,9,Sets,321600.0,2894400.0,TZS,2025-08-28,2025-09-07,2025-09-10,GRN-2025-0279,INV-VND-2025-0279,2025-09-12,2025-10-12,2025-10-05,EXP-44108,3,False,PC-2025-143,
PRC-2025-0280,GRT-2022-004,PRJ-2023-005,BDL-0122,VND-0138,LOC-KIL-001,FP-2025-05,STS-009,Quotation,Medical Gloves Box for PRJ-2023-005,77,Kg,42400.0,3264800.0,TZS,03-May-2025,2025-06-16,2025-06-13,GRN-2025-0280,INV-VND-2025-0280,2025-06-18,2025-07-18,,EXP-42264,5,False,PC-2025-070,
PRC-2025-0281,GRT-2024-003,PRJ-2024-005,BDL-0189,VND-0104,LOC-ARU-004,FP-2025-03,STS-010,Tender,Improved Maize Seed 5kg for PRJ-2024-005,497,Sets,16400.0,8150800.0,TZS,2025-03-22,2025-04-11,2025-04-09,GRN-2025-0281,INV-VND-2025-0281,2025-04-12,2025-05-12,2025-05-12,EXP-19269,5,False,PC-2025-188,
PRC-2025-0282,GRT-2022-004,PRJ-2023-005,BDL-0122,VND-0106,LOC-KIL-001,FP-2025-04,STS-007,Quotation,Filing Cabinet for PRJ-2023-005,5,Sets,399300.0,1996500.0,TZS,2025-04-27,2025-06-04,2025-06-15,GRN-2025-0282,,,,,,4,False,,
PRC-2025-0283,GRT-2023-005,PRJ-2023-010,BDL-0140,VND-0042,LOC-KIL-001,FP-2025-10,STS-009,Quotation,Fruit Tree Seedlings for PRJ-2023-010,3029,Boxes,1300.0,3937700.0,TZS,2025-10-10,2025-10-22,2025-10-28,GRN-2025-0283,INV-VND-2025-0283,2025-10-29,2025-11-28,2025-11-21,EXP-49373,5,False,PC-2025-040,
PRC-2025-0284,GRT-2023-005,PRJ-2023-010,BDL-0145,VND-0126,LOC-KIL-001,FP-2025-04,STS-009,Quotation,UPS Battery for PRJ-2023-010,2,Pieces,470900.0,941800.0,TZS,2025-04-16,2025-05-04,2025-05-13,GRN-2025-0284,INV-VND-2025-0284,2025-05-17,2025-06-16,2025-06-12,EXP-51149,5,False,,
PRC-2025-0285,GRT-2023-002,PRJ-2023-004,BDL-0035,VND-0035,LOC-ARU-002,FP-2025-09,STS-010,Quotation,Toner Cartridge for PRJ-2023-004,13,Kg,42400.0,551200.0,TZS,2025-09-21,2025-10-17,2025-10-25,GRN-2025-0285,INV-VND-2025-0285,2025-10-31,2025-11-30,2025-11-26,EXP-21486,4,False,PC-2025-118,
PRC-2025-0286,GRT-2023-002,PRJ-2023-012,BDL-0028,VND-0135,LOC-ARU-001,FP-2025-04,STS-005,Direct Purchase,Markers Set for PRJ-2023-012,36,Boxes,10900.0,392400.0,TZS,2025-04-03,2025-05-08,,,,,,,,1,False,,
PRC-2025-0287,GRT-2024-002,PRJ-2024-004,BDL-0155,VND-0135,LOC-MAN-004,FP-2025-06,STS-009,Quotation,External Hard Drive for PRJ-2024-004,3,Pieces,200200.0,600600.0,TZS,12-Jun-2025,2025-06-21,2025-07-03,GRN-2025-0287,INV-VND-2025-0287,2025-07-08,2025-08-07,2025-07-29,EXP-98954,5,False,PC-2025-149,
PRC-2025-0288,GRT-2024-002,PRJ-2024-003,BDL-0168,VND-0129,LOC-ARU-003,FP-2025-07,STS-006,Quotation,Pens and Pencils Box for PRJ-2024-003,46,Sets,11400.0,524400.0,TZS,2025-07-07,2025-08-21,,,,,,,,4,False,,
PRC-2025-0289,GRT-2024-002,PRJ-2024-003,BDL-0169,VND-0114,LOC-ARU-003,FP-2025-09,STS-006,Tender,Medical Gloves Box for PRJ-2024-003,153,Litres,41500.0,6349500.0,TZS,2025-09-23,2025-10-06,,,,,,,,4,False,PC-2025-045,
PRC-2025-0290,GRT-2023-004,PRJ-2023-009,BDL-0111,VND-0073,LOC-MAN-003,FP-2025-05,STS-004,Quotation,Motorcycle Honda for PRJ-2023-009,1,Litres,4121600.0,4121600.0,TZS,2025-05-09,2025-06-16,,,,,,,,4,False,PC-2025-030,
PRC-2025-0291,GRT-2024-004,PRJ-2024-006,BDL-0229,VND-0044,LOC-MAN-002,FP-2025-03,STS-009,Quotation,Toner Cartridge for PRJ-2024-006,33,Sets,51300.0,1692900.0,TZS,2025-03-08,2025-04-19,2025-04-17,GRN-2025-0291,INV-VND-2025-0291,2025-04-19,2025-05-19,2025-05-16,EXP-57400,3,False,PC-2025-028,
PRC-2025-0292,GRT-2024-003,PRJ-2024-005,BDL-0187,VND-0117,LOC-ARU-004,FP-2025-07,STS-009,Tender,Training Handouts Printing for PRJ-2024-005,186,Litres,33000.0,6138000.0,TZS,2025-07-18,2025-08-09,2025-08-10,GRN-2025-0292,INV-VND-2025-0292,15/08/2025,2025-09-14,2025-09-11,EXP-28087,5,False,PC-2025-184,
PRC-2025-0293,GRT-2022-003,PRJ-2023-003,BDL-0044,VND-0082,LOC-KIL-003,FP-2025-02,STS-005,Quotation,Office Chair for PRJ-2023-003,11,Pieces,279500.0,3074500.0,TZS,2025-02-13,2025-03-25,,,,,,,,3,False,PC-2025-170,
PRC-2025-0294,GRT-2024-002,PRJ-2024-003,BDL-0154,VND-0106,LOC-ARU-003,FP-2025-08,STS-009,Quotation,Printer Canon for PRJ-2024-003,1,Litres,859800.0,859800.0,TZS,2025-08-29,2025-09-27,2025-10-06,GRN-2025-0294,INV-VND-2025-0294,2025-10-09,2025-11-08,2025-12-17,EXP-53842,3,False,PC-2025-140,
PRC-2025-0295,GRT-2023-001,PRJ-2023-001,BDL-0018,VND-0034,LOC-KIL-001,FP-2025-10,STS-006,Quotation,Medical Gloves Box for PRJ-2023-001,158,Pieces,51600.0,8152800.0,TZS,2025-10-01,2025-10-30,,,,,,,,3,False,PC-2025-096,
PRC-2025-0296,GRT-2024-001,PRJ-2024-002,BDL-0090,VND-0099,LOC-KIL-004,FP-2025-05,STS-008,Quotation,Sunflower Seeds 1kg for PRJ-2024-002,300,Sets,16600.0,4980000.0,TZS,2025-05-21,2025-06-03,2025-06-10,GRN-2025-0296,INV-VND-2025-0296,2025-06-12,,,,5,False,,
PRC-2025-0297,GRT-2024-003,PRJ-2024-005,BDL-0176,VND-0036,LOC-ARU-004,FP-2025-08,STS-009,Quotation,Paint 20L for PRJ-2024-005,27,Kg,87500.0,2362500.0,TZS,2025-08-28,2025-10-05,2025-10-15,GRN-2025-0297,INV-VND-2025-0297,2025-10-17,2025-11-16,2025-11-09,EXP-69993,4,False,PC-2025-068,
PRC-2025-0298,GRT-2023-003,PRJ-2023-013,BDL-0074,VND-0115,LOC-ARU-001,FP-2025-06,STS-008,Quotation,Indigenous Tree Seedlings for PRJ-2023-013,7475,Boxes,600.0,4485000.0,TZS,2025-06-14,2025-07-22,2025-07-19,GRN-2025-0298,INV-VND-2025-0298,21-Jul-2025,,,,3,False,,
PRC-2025-0299,GRT-2023-001,PRJ-2023-002,BDL-0014,VND-0112,LOC-KIL-002,FP-2025-09,STS-009,Tender,Vegetable Seed Pack for PRJ-2023-002,740,Units,9300.0,6882000.0,TZS,2025-09-30,2025-11-05,2025-11-16,GRN-2025-0299,INV-VND-2025-0299,2025-11-18,2025-12-18,2025-12-13,EXP-21706,7,False,PC-2025-034,
PRC-2025-0300,GRT-2024-001,PRJ-2024-007,BDL-0092,VND-0005,LOC-ARU-002,FP-2025-04,STS-009,Quotation,Dell Laptop Computer for PRJ-2024-007,1,Litres,1898400.0,1898400.0,TZS,2025-04-21,2025-05-28,2025-06-10,GRN-2025-0300,INV-VND-2025-0300,2025-06-11,2025-07-11,2025-07-03,EXP-33559,5,False,,
PRC-2025-0301,GRT-2023-001,PRJ-2023-001,BDL-0011,VND-0047,LOC-KIL-001,FP-2025-04,STS-010,Tender,Office Desk for PRJ-2023-001,8,Kg,636600.0,5092800.0,TZS,2025-04-11,2025-05-06,2025-05-07,GRN-2025-0301,INV-VND-2025-0301,2025-05-14,2025-06-13,2025-07-07,EXP-63382,3,False,PC-2025-030,
PRC-2025-0302,GRT-2023-002,PRJ-2023-004,BDL-0023,VND-0008,LOC-ARU-002,FP-2025-08,STS-007,Quotation,Printer Canon for PRJ-2023-004,1,Pieces,924900.0,924900.0,TZS,2025-08-11,2025-08-22,2025-09-03,GRN-2025-0302,,,,,,4,False,,
PRC-2025-0303,GRT-2023-002,PRJ-2023-012,BDL-0026,VND-0081,LOC-ARU-001,FP-2025-05,STS-010,Quotation,Conference Table for PRJ-2023-012,1,Sets,1270700.0,1270700.0,TZS,2025-05-20,2025-06-30,2025-07-10,GRN-2025-0303,INV-VND-2025-0303,2025-07-15,2025-08-14,2025-08-14,EXP-70902,3,False,,
PRC-2025-0304,GRT-2024-004,PRJ-2024-006,BDL-0219,VND-0073,LOC-MAN-002,FP-2025-06,STS-009,Quotation,Cement Bags for PRJ-2024-006,190,Kg,28000.0,5320000.0,TZS,2025-06-07,2025-07-11,2025-07-14,GRN-2025-0304,INV-VND-2025-0304,2025-07-21,2025-08-20,10-Aug-2025,EXP-54909,4,False,PC-2025-186,
PRC-2025-0305,GRT-2023-001,PRJ-2023-001,BDL-0020,VND-0097,LOC-KIL-001,FP-2025-02,STS-009,Quotation,Pens and Pencils Box for PRJ-2023-001,55,Sets,13500.0,742500.0,TZS,2025-02-23,2025-04-05,2025-04-02,GRN-2025-0305,INV-VND-2025-0305,2025-04-09,05-09-2025,2025-04-29,EXP-26176,5,False,PC-2025-126,
PRC-2025-0306,GRT-2023-001,PRJ-2023-001,BDL-0008,VND-0055,LOC-KIL-001,FP-2025-07,STS-010,Quotation,Eucalyptus Seedlings for PRJ-2023-001,3174,Pieces,800.0,2539200.0,TZS,2025-07-19,2025-07-28,2025-08-02,GRN-2025-0306,INV-VND-2025-0306,2025-08-08,2025-09-07,2025-09-04,EXP-10935,4,False,,
PRC-2025-0307,GRT-2024-001,PRJ-2024-007,BDL-0088,VND-0126,LOC-ARU-002,FP-2025-06,STS-009,Quotation,Motorcycle Honda for PRJ-2024-007,1,Units,4342100.0,4342100.0,TZS,2025-06-04,2025-06-23,2025-06-20,GRN-2025-0307,INV-VND-2025-0284,2025-06-26,2025-07-26,2025-07-17,EXP-43150,5,False,PC-2025-059,
PRC-2025-0308,GRT-2023-001,PRJ-2023-011,BDL-0012,VND-0062,LOC-MAN-001,FP-2025-07,STS-008,Tender,Malaria Rapid Test Kits Box for PRJ-2023-011,45,Boxes,281400.0,12663000.0,TZS,2025-07-05,2025-07-17,2025-08-01,GRN-2025-0308,INV-VND-2025-0308,2025-08-07,,,,5,False,PC-2025-002,
PRC-2025-0309,GRT-2023-001,PRJ-2023-001,BDL-0016,VND-0124,LOC-KIL-001,FP-2025-07,STS-010,Quotation,UPS Battery for PRJ-2023-001,3,Units,432800.0,1298400.0,TZS,2025-07-04,2025-08-13,2025-08-17,GRN-2025-0309,INV-VND-2025-0309,2025-08-24,2025-09-23,2025-09-16,EXP-22539,4,False,PC-2025-062,
PRC-2025-0310,GRT-2023-001,PRJ-2023-002,BDL-0010,VND-0027,LOC-KIL-002,FP-2025-05,STS-009,Quotation,Dell Laptop Computer for PRJ-2023-002,1,Sets,1752700.0,1752700.0,TZS,2025-05-14,2025-06-28,2025-06-25,GRN-2025-0310,INV-VND-2025-0310,2025-06-29,29-Jul-2025,2025-07-20,EXP-91163,4,False,,
PRC-2025-0311,GRT-2021-001,PRJ-2023-007,BDL-0208,VND-0035,LOC-ARU-001,FP-2025-02,STS-004,Quotation,Timber Planks for PRJ-2023-007,103,Pieces,15300.0,1575900.0,TZS,2025-02-06,2025-02-16,,,,,,,,5,False,,
PRC-2025-0312,GRT-2022-004,PRJ-2023-005,BDL-0123,VND-0014,LOC-KIL-001,FP-2025-05,STS-005,Quotation,UPS Battery for PRJ-2023-005,1,Boxes,514200.0,514200.0,TZS,2025-05-16,2025-06-24,,,,,,,,5,False,PC-2025-151,
PRC-2025-0313,GRT-2023-001,PRJ-2023-011,BDL-0015,VND-0059,LOC-MAN-001,FP-2025-02,STS-009,Quotation,UPS Battery for PRJ-2023-011,2,Pieces,452100.0,904200.0,TZS,2025-02-05,2025-03-15,2025-03-19,GRN-2025-0313,INV-VND-2025-0313,2025-03-25,2025-04-24,,EXP-71149,3,False,PC-2025-027,
PRC-2025-0314,GRT-2023-001,PRJ-2023-001,BDL-0018,VND-0061,LOC-KIL-001,FP-2025-06,STS-006,Quotation,Vegetable Seed Pack for PRJ-2023-001,316,Litres,8900.0,2812400.0,TZS,2025-06-09,2025-06-27,,,,,,,,4,False,PC-2025-012,
PRC-2025-0315,GRT-2023-003,PRJ-2023-006,BDL-0069,VND-0033,LOC-KIL-001,FP-2025-07,STS-009,Tender,Toyota Hilux Double Cab for PRJ-2023-006,1,Boxes,35880100.0,35880100.0,TZS,2025-07-23,2025-08-22,2025-08-24,GRN-2025-0315,INV-VND-2025-0315,2025-08-31,2025-09-30,2025-09-24,EXP-18569,4,False,PC-2025-079,
PRC-2025-0316,GRT-2023-003,PRJ-2023-013,BDL-0079,VND-0142,LOC-ARU-001,FP-2025-09,STS-010,Quotation,Bean Seeds 2kg for PRJ-2023-013,297,Pieces,11000.0,3267000.0,TZS,2025-09-22,2025-10-12,2025-10-11,GRN-2025-0316,INV-VND-2025-0316,2025-10-18,2025-11-17,2025-11-16,EXP-31945,4,False,PC-2025-033,
PRC-2025-0317,GRT-2023-001,PRJ-2023-011,BDL-0016,VND-0102,LOC-MAN-001,FP-2025-07,STS-007,Quotation,Office Desk for PRJ-2023-011,4,Pieces,730400.0,2921600.0,TZS,2025-07-27,2025-09-08,2025-09-10,GRN-2025-0317,,,,,,4,False,,
PRC-2025-0318,GRT-2024-003,PRJ-2024-005,BDL-0184,VND-0021,LOC-ARU-004,FP-2025-05,STS-005,Quotation,Participant Bags for PRJ-2024-005,111,Litres,27500.0,3052500.0,TZS,2025-05-14,2025-06-06,,,,,,,,4,False,,
PRC-2025-0319,GRT-2023-004,PRJ-2023-009,BDL-0107,VND-0084,LOC-MAN-003,FP-2025-07,STS-006,Direct Purchase,Computer Accessories Set for PRJ-2023-009,1,Boxes,332500.0,332500.0,TZS,2025-07-02,2025-07-25,,,,,,,,1,False,,
PRC-2025-0320,GRT-2023-002,PRJ-2023-012,BDL-0030,VND-0064,LOC-ARU-001,FP-2025-09,STS-009,Tender,Sunflower Seeds 1kg for PRJ-2023-012,334,Kg,15000.0,5010000.0,TZS,2025-09-13,2025-10-22,2025-10-23,GRN-2025-0320,INV-VND-2025-0320,2025-10-25,2025-11-24,2025-11-21,EXP-72185,7,False,PC-2025-194,
PRC-2025-0321,GRT-2023-005,PRJ-2023-010,BDL-0142,VND-0062,LOC-KIL-001,FP-2025-07,STS-001,Quotation,Cement Bags for PRJ-2023-010,212,Kg,29200.0,6190400.0,TZS,2025-07-15,2025-08-12,,,,,,,,5,False,PC-2025-189,
PRC-2025-0322,GRT-2023-001,PRJ-2023-001,BDL-0019,VND-0084,LOC-KIL-001,FP-2025-02,STS-010,Tender,Toyota Hilux Double Cab for PRJ-2023-001,1,Units,35193200.0,35193200.0,TZS,2025-02-16,2025-03-29,2025-04-07,GRN-2025-0322,INV-VND-2025-0322,08/04/2025,2025-05-08,2025-05-01,EXP-93755,6,False,PC-2025-053,
PRC-2025-0323,GRT-2023-004,PRJ-2023-008,BDL-0109,VND-0018,LOC-MAN-002,FP-2025-08,STS-004,Quotation,Notebooks Pack for PRJ-2023-008,127,Boxes,8000.0,1016000.0,TZS,2025-08-17,2025-09-23,,,,,,,,4,False,,
PRC-2025-0324,GRT-2023-001,PRJ-2023-011,BDL-0006,VND-0136,LOC-MAN-001,FP-2025-08,STS-008,Quotation,Oral Rehydration Salts for PRJ-2023-011,157,Pieces,35500.0,5573500.0,TZS,2025-08-07,2025-09-21,2025-09-25,GRN-2025-0324,INV-VND-2025-0324,2025-09-30,,,,3,False,PC-2025-037,
PRC-2025-0325,GRT-2024-001,PRJ-2024-001,BDL-0095,VND-0012,LOC-MAN-001,FP-2025-03,STS-005,Quotation,Blood Pressure Monitors for PRJ-2024-001,9,Kg,346700.0,3120300.0,TZS,2025-03-04,2025-04-05,,,,,,,,4,False,PC-2025-099,
PRC-2025-0326,GRT-2022-003,PRJ-2023-003,BDL-0048,VND-0128,LOC-KIL-003,FP-2025-08,STS-009,Quotation,Cement Bags for PRJ-2023-003,398,Sets,25700.0,10228600.0,TZS,2025-08-12,09-16-2025,2025-09-18,GRN-2025-0326,INV-VND-2025-0326,2025-09-23,2025-10-23,2025-10-29,EXP-19593,7,False,PC-2025-197,
PRC-2025-0327,GRT-2022-003,PRJ-2023-003,BDL-0044,VND-0076,LOC-KIL-003,FP-2025-04,STS-009,Quotation,Paracetamol Tablets for PRJ-2023-003,142,Units,30900.0,4387800.0,TZS,2025-04-15,2025-05-10,2025-05-10,GRN-2025-0327,INV-VND-2025-0327,2025-05-14,2025-06-13,2025-06-03,EXP-11469,3,False,PC-2025-044,
PRC-2025-0328,GRT-2023-002,PRJ-2023-004,BDL-0034,VND-0025,LOC-ARU-002,FP-2025-04,STS-008,Direct Purchase,Flipchart Paper Pad for PRJ-2023-004,27,Boxes,16400.0,442800.0,TZS,2025-04-28,2025-05-20,2025-05-28,GRN-2025-0328,INV-VND-2025-0279,2025-05-30,,,,1,False,,
PRC-2025-0329,GRT-2023-003,PRJ-2023-006,BDL-0066,VND-0110,LOC-KIL-001,FP-2025-08,STS-010,Quotation,Cement Bags for PRJ-2023-006,344,Boxes,27500.0,9460000.0,TZS,2025-08-05,2025-09-08,2025-09-08,GRN-2025-0329,INV-VND-2025-0329,2025-09-09,2025-10-09,2025-10-07,EXP-11965,7,False,PC-2025-054,
PRC-2025-0330,GRT-2024-001,PRJ-2024-001,BDL-0098,VND-0018,LOC-MAN-001,FP-2025-03,STS-009,Quotation,Iron Sheets for PRJ-2024-001,43,Sets,41600.0,1788800.0,TZS,2025-03-24,2025-04-21,2025-04-23,GRN-2025-0330,INV-VND-2025-0330,2025-04-29,2025-05-29,19/05/2025,EXP-73193,4,False,PC-2025-162,
PRC-2025-0331,GRT-2023-002,PRJ-2023-004,BDL-0031,VND-0066,LOC-ARU-002,FP-2025-04,STS-005,Quotation,Office Chair for PRJ-2023-004,14,Kg,256200.0,3586800.0,TZS,2025-04-29,2025-05-08,,,,,,,,4,False,,
PRC-2025-0332,GRT-2024-001,PRJ-2024-002,BDL-0084,VND-0136,LOC-KIL-004,FP-2025-05,STS-009,Tender,Improved Maize Seed 5kg for PRJ-2024-002,421,Boxes,19500.0,8209500.0,TZS,2025-05-22,2025-06-12,2025-06-21,GRN-2025-0332,INV-VND-2025-0332,2025-06-23,2025-07-23,2025-07-23,EXP-18469,4,False,PC-2025-053,
PRC-2025-0333,GRT-2024-004,PRJ-2024-006,BDL-0212,VND-0134,LOC-MAN-002,FP-2025-09,STS-007,Quotation,Training Handouts Printing for PRJ-2024-006,149,Boxes,33200.0,4946800.0,TZS,2025-09-01,2025-09-20,2025-09-25,GRN-2025-0333,,,,,,4,False,PC-2025-046,
PRC-2025-0334,GRT-2023-005,PRJ-2023-010,BDL-0151,VND-0134,LOC-KIL-001,FP-2025-04,STS-009,Quotation,Toner Cartridge for PRJ-2023-010,22,Boxes,41400.0,910800.0,TZS,2025-04-14,2025-05-07,16-May-2025,GRN-2025-0334,INV-VND-2025-0334,2025-05-20,2025-06-19,2025-06-11,EXP-89432,4,False,PC-2025-153,
PRC-2025-0335,GRT-2024-002,PRJ-2024-004,BDL-0165,VND-0096,LOC-MAN-004,FP-2025-08,STS-005,Quotation,Improved Maize Seed 5kg for PRJ-2024-004,556,Kg,16400.0,9118400.0,TZS,2025-08-26,2025-09-18,,,,,,,,6,False,PC-2025-145,
PRC-2025-0336,GRT-2023-005,PRJ-2023-010,BDL-0150,VND-0045,LOC-KIL-001,FP-2025-03,STS-009,Quotation,Flipchart Paper Pad for PRJ-2023-010,37,Sets,17800.0,658600.0,TZS,2025-03-31,2025-04-23,2025-05-04,GRN-2025-0336,,2025-05-06,2025-06-05,2025-05-27,EXP-85804,5,False,,
PRC-2025-0337,GRT-2023-005,PRJ-2023-010,BDL-0143,VND-0047,LOC-KIL-001,FP-2025-07,STS-009,Quotation,Paint 20L for PRJ-2023-010,27,Kg,92100.0,-2486700.0,TZS,2025-07-10,2025-07-26,2025-07-31,GRN-2025-0337,INV-VND-2025-0337,2025-08-06,2025-09-05,2025-09-01,EXP-10841,5,False,,
PRC-2025-0338,GRT-2022-004,PRJ-2023-005,BDL-0125,VND-0022,LOC-KIL-001,FP-2025-04,STS-009,Quotation,Cement Bags for PRJ-2023-005,235,Pieces,30900.0,7261500.0,TZS,2025-04-23,16/05/2025,2025-05-26,GRN-2025-0338,INV-VND-2025-0338,2025-05-31,2025-06-30,2025-08-14,EXP-31774,4,False,PC-2025-016,
PRC-2025-0339,GRT-2023-001,PRJ-2023-001,BDL-0019,VND-0110,LOC-KIL-001,FP-2025-08,STS-009,Tender,Oral Rehydration Salts for PRJ-2023-001,168,Pieces,34800.0,5846400.0,TZS,2025-08-22,2025-09-19,27-Sep-2025,GRN-2025-0339,INV-VND-2025-0339,2025-09-30,2025-10-30,,EXP-57344,6,False,PC-2025-122,
PRC-2025-0340,GRT-2023-002,PRJ-2023-004,BDL-0038,VND-0123,LOC-ARU-002,FP-2025-01,STS-009,Tender,Medical Gloves Box for PRJ-2023-004,117,Units,48200.0,5639400.0,TZS,2025-01-16,2025-02-12,2025-02-09,GRN-2025-0340,INV-VND-2025-0340,2025-02-16,2025-03-18,2025-04-12,EXP-98857,7,False,PC-2025-106,
PRC-2025-0341,GRT-2023-002,PRJ-2023-004,BDL-0034,VND-0134,LOC-ARU-002,FP-2025-02,STS-009,Quotation,Blood Pressure Monitors for PRJ-2023-004,9,Kg,358100.0,3222900.0,TZS,2025-02-28,2025-03-26,2025-04-09,GRN-2025-0341,INV-VND-2025-0341,2025-04-13,05-13-2025,2025-05-06,EXP-25162,5,False,,
PRC-2025-0342,GRT-2023-004,PRJ-2023-008,BDL-0108,VND-0094,LOC-MAN-002,FP-2025-05,STS-007,Quotation,HP Desktop Computer for PRJ-2023-008,1,Sets,1481700.0,1481700.0,TZS,2025-05-09,2025-06-21,2025-06-20,GRN-2025-0342,,,,,,4,False,PC-2025-024,
PRC-2025-0343,GRT-2023-005,PRJ-2023-010,BDL-0151,VND-0086,LOC-KIL-001,FP-2025-03,STS-009,Tender,Improved Maize Seed 5kg for PRJ-2023-010,468,Sets,16700.0,7815600.0,TZS,2025-03-15,2025-04-27,2025-05-05,GRN-2025-0343,INV-VND-2025-0343,2025-05-08,2025-06-07,2025-05-29,EXP-10220,7,False,PC-2025-049,
PRC-2025-0344,GRT-2023-004,PRJ-2023-008,BDL-0103,VND-0133,LOC-MAN-002,FP-2025-06,STS-009,Quotation,Paint 20L for PRJ-2023-008,19,Sets,93800.0,1782200.0,TZS,2025-06-09,2025-06-25,2025-06-23,GRN-2025-0344,INV-VND-2025-0344,2025-06-26,2025-07-26,2025-07-25,EXP-45841,4,False,PC-2025-057,
PRC-2025-0345,GRT-2023-004,PRJ-2023-008,BDL-0101,VND-0107,LOC-MAN-002,FP-2025-09,STS-007,Quotation,Filing Cabinet for PRJ-2023-008,5,Boxes,404600.0,2023000.0,TZS,2025-09-14,2025-10-13,2025-10-22,GRN-2025-0345,,,,,,3,False,PC-2025-006,
PRC-2025-0346,GRT-2024-001,PRJ-2024-002,BDL-0084,VND-0117,LOC-KIL-004,FP-2025-04,STS-010,Quotation,Motorcycle Honda for PRJ-2024-002,1,Pieces,4832900.0,4832900.0,TZS,2025-04-25,2025-05-02,2025-05-10,GRN-2025-0346,INV-VND-2025-0346,2025-05-15,2025-06-14,2025-06-28,EXP-59355,4,False,,
PRC-2025-0347,GRT-2022-004,PRJ-2023-005,BDL-0131,VND-0123,LOC-KIL-001,FP-2025-03,STS-008,Quotation,HP Desktop Computer for PRJ-2023-005,1,Sets,1365900.0,1365900.0,TZS,2025-03-01,2025-04-06,2025-04-15,GRN-2025-0347,INV-VND-2025-0347,2025-04-21,,,,5,False,PC-2025-045,
PRC-2025-0348,GRT-2024-001,PRJ-2024-007,BDL-0098,VND-0149,LOC-ARU-002,FP-2025-06,STS-004,Quotation,HP Desktop Computer for PRJ-2024-007,1,Litres,1610000.0,1610000.0,TZS,30-Jun-2025,2025-07-11,,,,,,,,5,False,,
PRC-2025-0349,GRT-2022-003,PRJ-2023-003,BDL-0058,VND-0034,LOC-KIL-003,FP-2025-08,STS-001,Quotation,HP Desktop Computer for PRJ-2023-003,1,Units,1574200.0,1574200.0,TZS,2025-08-31,2025-09-27,,,,,,,,3,False,PC-2025-154,
PRC-2025-0350,GRT-2023-001,PRJ-2023-002,BDL-0003,VND-0148,LOC-KIL-002,FP-2025-10,STS-002,Quotation,Sunflower Seeds 1kg for PRJ-2023-002,389,Litres,14100.0,5484900.0,TZS,2025-10-07,2025-11-01,,,,,,,,4,False,PC-2025-077,
PRC-2025-0351,GRT-2023-003,PRJ-2023-013,BDL-0078,VND-0072,LOC-ARU-001,FP-2025-05,STS-009,Quotation,Dell Laptop Computer for PRJ-2023-013,1,Sets,1704600.0,1704600.0,TZS,2025-05-05,2025-06-18,2025-06-26,GRN-2025-0351,INV-VND-2025-0351,2025-07-02,2025-08-01,,EXP-82069,4,False,PC-2025-056,
PRC-2025-0352,GRT-2023-004,PRJ-2023-009,BDL-0106,VND-0024,LOC-MAN-003,FP-2025-02,STS-009,Quotation,Printer Canon for PRJ-2023-009,1,Boxes,797600.0,797600.0,TZS,2025-02-23,2025-03-19,2025-03-19,GRN-2025-0352,INV-VND-2025-0352,2025-03-25,2025-04-24,2025-04-23,EXP-53169,4,False,,
PRC-2025-0353,GRT-2023-002,PRJ-2023-004,BDL-0027,VND-0111,LOC-ARU-002,FP-2025-02,STS-009,Quotation,Vegetable Seed Pack for PRJ-2023-004,257,Kg,8400.0,2158800.0,TZS,08-Feb-2025,2025-02-25,2025-03-04,GRN-2025-0353,INV-VND-2025-0353,2025-03-08,2025-04-07,2025-03-28,EXP-79688,5,False,PC-2025-073,
PRC-2025-0354,GRT-2024-002,PRJ-2024-003,BDL-0161,VND-0025,LOC-ARU-003,FP-2025-10,STS-010,Quotation,Conference Table for PRJ-2024-003,1,Units,1375900.0,1375900.0,TZS,2025-10-08,2025-10-29,2025-11-04,GRN-2025-0354,INV-VND-2025-0354,2025-11-05,2025-12-05,2025-11-29,EXP-50991,4,False,,
PRC-2025-0355,GRT-2023-005,PRJ-2023-010,BDL-0149,VND-0011,LOC-KIL-001,FP-2025-01,STS-009,Quotation,Toyota Hilux Double Cab for PRJ-2023-010,1,Litres,34281000.0,34281000.0,TZS,2025-01-18,2025-02-21,2025-03-07,GRN-2025-0355,INV-VND-2025-0355,2025-03-09,2025-04-08,,EXP-79220,6,False,PC-2025-004,
PRC-2025-0356,GRT-2023-001,PRJ-2023-011,BDL-0013,VND-0107,LOC-MAN-001,FP-2025-03,STS-009,Direct Purchase,Computer Accessories Set for PRJ-2023-011,1,Kg,336900.0,336900.0,TZS,2025-03-16,2025-04-10,2025-04-16,GRN-2025-0356,INV-VND-2025-0356,2025-04-19,2025-05-19,,EXP-84559,1,False,,
PRC-2025-0357,GRT-2023-001,PRJ-2023-001,BDL-0020,VND-0055,LOC-KIL-001,FP-2025-08,STS-001,Quotation,Sunflower Seeds 1kg for PRJ-2023-001,132,Units,14800.0,1953600.0,TZS,2025-08-23,2025-09-30,,,,,,,,5,False,PC-2025-048,
PRC-2025-0358,GRT-2023-004,PRJ-2023-009,BDL-0107,VND-0002,LOC-MAN-003,FP-2025-08,STS-008,Quotation,Fruit Tree Seedlings for PRJ-2023-009,2093,Boxes,1300.0,2720900.0,TZS,2025-08-27,2025-09-13,2025-09-14,GRN-2025-0358,INV-VND-2025-0358,2025-09-18,,,,5,False,,
PRC-2025-0359,GRT-2023-001,PRJ-2023-002,BDL-0006,VND-0095,LOC-KIL-002,FP-2025-08,STS-009,Quotation,Improved Maize Seed 5kg for PRJ-2023-002,565,Kg,18700.0,10565500.0,TZS,2025-08-07,2025-09-15,2025-09-24,GRN-2025-0359,INV-VND-2025-0359,2025-09-25,10-25-2025,2025-10-23,EXP-30387,5,False,PC-2025-193,
PRC-2025-0360,GRT-2023-005,PRJ-2023-010,BDL-0142,VND-0042,LOC-KIL-001,FP-2025-04,STS-010,Quotation,Iron Sheets for PRJ-2023-010,43,Boxes,49100.0,2111300.0,TZS,26/04/2025,2025-06-02,2025-06-02,GRN-2025-0360,INV-VND-2025-0360,2025-06-07,2025-07-07,2025-07-04,EXP-87489,4,False,,
PRC-2025-0361,GRT-2023-004,PRJ-2023-008,BDL-0107,VND-0096,LOC-MAN-002,FP-2025-06,STS-007,Direct Purchase,Flipchart Paper Pad for PRJ-2023-008,25,Boxes,19100.0,477500.0,TZS,2025-06-01,2025-07-01,2025-07-06,GRN-2025-0361,,,,,,1,False,,
PRC-2025-0362,GRT-2021-001,PRJ-2023-007,BDL-0199,VND-0036,LOC-ARU-001,FP-2025-01,STS-004,Quotation,Projector Epson for PRJ-2023-007,1,Litres,1155700.0,1155700.0,TZS,2025-01-21,2025-03-04,,,,,,,,4,False,,
PRC-2025-0363,GRT-2023-004,PRJ-2023-009,BDL-0106,VND-0084,LOC-MAN-003,FP-2025-04,STS-010,Quotation,Dell Laptop Computer for PRJ-2023-009,1,Kg,1954200.0,1954200.0,TZS,2025-04-22,2025-05-11,2025-05-22,GRN-2025-0363,INV-VND-2025-0363,2025-05-23,2025-06-22,2025-06-13,EXP-54944,3,False,PC-2025-011,
PRC-2025-0364,GRT-2023-002,PRJ-2023-012,BDL-0033,VND-0016,LOC-ARU-001,FP-2025-09,STS-010,Direct Purchase,External Hard Drive for PRJ-2023-012,1,Sets,180900.0,180900.0,TZS,2025-09-29,2025-10-07,2025-10-09,GRN-2025-0364,INV-VND-2025-0364,2025-10-15,2025-11-14,2025-11-10,EXP-15956,1,False,,
PRC-2025-0365,GRT-2023-002,PRJ-2023-012,BDL-0034,VND-0075,LOC-ARU-001,FP-2025-10,STS-010,Quotation,Bean Seeds 2kg for PRJ-2023-012,232,Boxes,11300.0,2621600.0,TZS,2025-10-04,2025-11-09,2025-11-22,GRN-2025-0365,INV-VND-2025-0365,2025-11-27,2025-12-27,2025-12-24,EXP-48844,3,False,PC-2025-152,
PRC-2025-0366,GRT-2023-001,PRJ-2023-002,BDL-0021,VND-0003,LOC-KIL-002,FP-2025-05,STS-010,Quotation,Cement Bags for PRJ-2023-002,100,Boxes,27600.0,2760000.0,TZS,2025-05-30,2025-06-14,24-Jun-2025,GRN-2025-0366,INV-VND-2025-0366,2025-06-27,2025-07-27,2025-07-27,EXP-92045,5,False,,
PRC-2025-0367,GRT-2024-002,PRJ-2024-004,BDL-0162,VND-0137,LOC-MAN-004,FP-2025-04,STS-009,Quotation,Paracetamol Tablets for PRJ-2024-004,166,Boxes,27100.0,4498600.0,TZS,2025-04-04,2025-05-09,2025-05-13,GRN-2025-0367,INV-VND-2025-0367,2025-05-17,2025-06-16,2025-06-09,EXP-22280,5,False,PC-2025-162,
PRC-2025-0368,GRT-2024-002,PRJ-2024-004,BDL-0173,VND-0012,LOC-MAN-004,FP-2025-01,STS-009,Tender,Toyota Land Cruiser 4x4 for PRJ-2024-004,1,Kg,45619000.0,45619000.0,TZS,2025-01-21,2025-03-07,2025-03-07,GRN-2025-0368,INV-VND-2025-0368,08/03/2025,2025-04-07,2025-04-12,EXP-94473,3,False,PC-2025-186,
PRC-2025-0369,GRT-2022-003,PRJ-2023-003,BDL-0048,VND-0028,LOC-KIL-003,FP-2025-05,STS-009,Direct Purchase,Network Switch for PRJ-2023-003,1,Sets,371200.0,371200.0,TZS,2025-05-19,2025-05-29,2025-06-12,GRN-2025-0369,INV-VND-2025-0369,06-18-2025,2025-07-18,2025-07-18,EXP-15836,1,False,,
PRC-2025-0370,GRT-2024-002,PRJ-2024-004,BDL-0157,VND-0042,LOC-MAN-004,FP-2025-02,STS-004,Quotation,HP Desktop Computer for PRJ-2024-004,1,Kg,1594500.0,1594500.0,TZS,2025-02-27,2025-03-08,,,,,,,,4,False,PC-2025-020,
PRC-2025-0371,GRT-2024-001,PRJ-2024-001,BDL-0092,VND-0030,LOC-MAN-001,FP-2025-03,STS-009,Quotation,Vegetable Seed Pack for PRJ-2024-001,597,Units,9600.0,5731200.0,TZS,2025-03-31,2025-04-27,2025-04-28,GRN-2025-0371,INV-VND-2025-0371,2025-05-04,2025-06-03,2025-05-27,EXP-18822,3,False,PC-2025-039,
PRC-2025-0372,GRT-2023-005,PRJ-2023-010,BDL-0148,VND-0066,LOC-KIL-001,FP-2025-05,STS-009,Quotation,Motorcycle Honda for PRJ-2023-010,1,Pieces,4481100.0,4481100.0,TZS,2025-05-12,2025-06-12,2025-06-11,GRN-2025-0372,INV-VND-2025-0372,2025-06-15,2025-07-15,2025-07-12,EXP-21436,5,False,PC-2025-128,
PRC-2025-0373,GRT-2022-004,PRJ-2023-005,BDL-0128,VND-0020,LOC-KIL-001,FP-2025-03,STS-010,Quotation,Paint 20L for PRJ-2023-005,17,Boxes,94100.0,1599700.0,TZS,2025-03-29,2025-04-29,2025-04-26,GRN-2025-0373,INV-VND-2025-0373,2025-04-30,2025-05-30,2025-05-29,EXP-96867,3,False,,
PRC-2025-0374,GRT-2023-003,PRJ-2023-006,BDL-0076,VND-0048,LOC-KIL-001,FP-2025-04,STS-007,Quotation,Timber Planks for PRJ-2023-006,120,Kg,16200.0,1944000.0,TZS,2025-04-04,2025-04-14,2025-04-12,GRN-2025-0374,,,,,,4,False,PC-2025-166,
PRC-2025-0375,GRT-2023-004,PRJ-2023-009,BDL-0118,VND-0021,LOC-MAN-003,FP-2025-03,STS-010,Quotation,Paracetamol Tablets for PRJ-2023-009,379,Kg,27100.0,10270900.0,TZS,2025-03-20,2025-04-09,2025-04-18,GRN-2025-0375,INV-VND-2025-0375,2025-04-20,2025-05-20,2025-05-12,EXP-89309,7,False,PC-2025-097,
PRC-2025-0376,GRT-2023-002,PRJ-2023-004,BDL-0024,VND-0056,LOC-ARU-002,FP-2025-06,STS-001,Quotation,Eucalyptus Seedlings for PRJ-2023-004,4296,Litres,800.0,3436800.0,TZS,2025-06-22,2025-07-11,,,,,,,,3,False,,
PRC-2025-0377,GRT-2023-001,PRJ-2023-011,BDL-0002,VND-0087,LOC-MAN-001,FP-2025-08,STS-007,Direct Purchase,Computer Accessories Set for PRJ-2023-011,1,Kg,346200.0,346200.0,TZS,2025-08-06,2025-09-14,2025-09-17,GRN-2025-0377,,,,,,1,False,,
PRC-2025-0378,GRT-2024-004,PRJ-2024-006,BDL-0213,VND-0128,LOC-MAN-002,FP-2025-04,STS-002,Direct Purchase,Network Switch for PRJ-2024-006,1,Boxes,424500.0,424500.0,TZS,2025-04-07,2025-04-23,,,,,,,,1,False,,
PRC-2025-0379,GRT-2022-004,PRJ-2023-005,BDL-0124,VND-0138,LOC-KIL-001,FP-2025-02,STS-010,Quotation,UPS Battery for PRJ-2023-005,2,Pieces,419800.0,839600.0,TZS,2025-02-04,2025-03-07,2025-03-11,GRN-2025-0379,INV-VND-2025-0379,2025-03-16,2025-04-15,2025-04-13,EXP-84304,4,False,PC-2025-093,
PRC-2025-0380,GRT-2024-001,PRJ-2024-001,BDL-0088,VND-0110,LOC-MAN-001,FP-2025-05,STS-010,Quotation,UPS Battery for PRJ-2024-001,2,Sets,413000.0,826000.0,TZS,2025-05-26,2025-06-30,2025-07-01,GRN-2025-0380,INV-VND-2025-0380,2025-07-06,2025-08-05,2025-07-31,EXP-47568,5,False,PC-2025-198,
PRC-2025-0381,GRT-2023-004,PRJ-2023-009,BDL-0101,VND-0062,LOC-MAN-003,FP-2025-08,STS-005,Quotation,Pens and Pencils Box for PRJ-2023-009,77,Sets,12500.0,962500.0,TZS,2025-08-07,2025-08-18,,,,,,,,3,False,,
PRC-2025-0382,GRT-2024-003,PRJ-2024-005,BDL-0177,VND-0040,LOC-ARU-004,FP-2025-09,STS-010,Quotation,External Hard Drive for PRJ-2024-005,3,Sets,171000.0,513000.0,TZS,20-Sep-2025,2025-10-10,2025-10-22,GRN-2025-0382,INV-VND-2025-0382,2025-10-26,2025-11-25,2025-12-09,EXP-71599,4,False,,
PRC-2025-0383,GRT-2023-001,PRJ-2023-001,BDL-0014,VND-0117,LOC-KIL-001,FP-2025-08,STS-009,Quotation,Toyota Land Cruiser 4x4 for PRJ-2023-001,1,Pieces,43581400.0,43581400.0,TZS,2025-08-17,2025-09-26,2025-09-29,GRN-2025-0383,INV-VND-2025-0383,2025-10-02,2025-11-01,2025-11-01,EXP-22116,5,False,PC-2025-183,
PRC-2025-0384,GRT-2024-001,PRJ-2024-007,BDL-0095,VND-0112,LOC-ARU-002,FP-2025-06,STS-010,Quotation,Printer Canon for PRJ-2024-007,1,Boxes,906900.0,906900.0,TZS,2025-06-26,2025-07-03,2025-07-04,GRN-2025-0384,INV-VND-2025-0384,2025-07-06,05-Aug-2025,2025-07-31,EXP-24890,5,False,,
PRC-2025-0385,GRT-2023-002,PRJ-2023-012,BDL-0027,VND-0034,LOC-ARU-001,FP-2025-07,STS-008,Quotation,Medical Gloves Box for PRJ-2023-012,81,Sets,42700.0,3458700.0,TZS,2025-07-20,2025-07-28,2025-08-03,GRN-2025-0385,INV-VND-2025-0385,2025-08-08,,,,5,False,PC-2025-148,
PRC-2025-0386,GRT-2024-001,PRJ-2024-002,BDL-0086,VND-0005,LOC-KIL-004,FP-2025-08,STS-010,Quotation,Filing Cabinet for PRJ-2024-002,2,Litres,398500.0,797000.0,TZS,2025-08-26,2025-09-20,2025-09-20,GRN-2025-0386,INV-VND-2025-0386,2025-09-27,2025-10-27,10-26-2025,EXP-95147,5,False,,
PRC-2025-0387,GRT-2021-001,PRJ-2023-007,BDL-0197,VND-0074,LOC-ARU-001,FP-2025-08,STS-010,Quotation,Office Desk for PRJ-2023-007,3,Kg,661300.0,1983900.0,TZS,2025-08-14,2025-09-15,2025-09-12,GRN-2025-0387,INV-VND-2025-0387,2025-09-19,19/10/2025,2025-10-15,EXP-45076,3,False,PC-2025-090,
PRC-2025-0388,GRT-2024-004,PRJ-2024-006,BDL-0229,VND-0106,LOC-MAN-002,FP-2025-02,STS-008,Quotation,Motorcycle Honda for PRJ-2024-006,1,Litres,4322100.0,4322100.0,TZS,2025-02-10,2025-03-25,2025-04-04,GRN-2025-0388,INV-VND-2025-0388,2025-04-10,,,,4,False,PC-2025-050,
PRC-2025-0389,GRT-2023-002,PRJ-2023-004,BDL-0040,VND-0022,LOC-ARU-002,FP-2025-04,STS-001,Quotation,Bean Seeds 2kg for PRJ-2023-004,576,Sets,11400.0,6566400.0,TZS,2025-04-03,2025-04-11,,,,,,,,3,False,PC-2025-112,
PRC-2025-0390,GRT-2023-003,PRJ-2023-006,BDL-0068,VND-0006,LOC-KIL-001,FP-2025-02,STS-002,Tender,Oral Rehydration Salts for PRJ-2023-006,176,Sets,37900.0,6670400.0,TZS,2025-02-26,2025-03-14,,,,,,,,5,False,PC-2025-169,
PRC-2025-0391,GRT-2022-004,PRJ-2023-005,BDL-0128,VND-0087,LOC-KIL-001,FP-2025-08,STS-009,Quotation,Dell Laptop Computer for PRJ-2023-005,1,Pieces,1782600.0,1782600.0,TZS,2025-08-14,25/08/2025,2025-09-06,GRN-2025-0391,INV-VND-2025-0391,2025-09-07,2025-10-07,2025-10-01,EXP-59185,3,False,,
PRC-2025-0392,GRT-2024-002,PRJ-2024-003,BDL-0169,VND-0090,LOC-ARU-003,FP-2025-10,STS-009,Quotation,Cement Bags for PRJ-2024-003,147,Boxes,30400.0,4468800.0,TZS,2025-10-07,2025-11-15,2025-11-16,GRN-2025-0392,INV-VND-2025-0392,2025-11-19,2025-12-19,2026-01-06,EXP-13866,3,False,PC-2025-050,
PRC-2025-0393,GRT-2023-001,PRJ-2023-011,BDL-0014,VND-0057,LOC-MAN-001,FP-2025-06,STS-004,Quotation,Bean Seeds 2kg for PRJ-2023-011,239,Sets,13300.0,3178700.0,TZS,2025-06-23,2025-07-10,,,,,,,,5,False,PC-2025-072,
PRC-2025-0394,GRT-2024-001,PRJ-2024-002,BDL-0086,VND-0112,LOC-KIL-004,FP-2025-10,STS-002,Quotation,Oral Rehydration Salts for PRJ-2024-002,102,Litres,39400.0,4018800.0,TZS,2025-10-03,2025-10-26,,,,,,,,3,False,,
PRC-2025-0395,GRT-2023-003,PRJ-2023-006,BDL-0071,VND-0091,LOC-KIL-001,FP-2025-06,STS-004,Quotation,Eucalyptus Seedlings for PRJ-2023-006,3044,Boxes,900.0,2739600.0,TZS,2025-06-27,2025-07-04,,,,,,,,4,False,PC-2025-038,
PRC-2025-0396,GRT-2023-003,PRJ-2023-013,BDL-0067,VND-0055,LOC-ARU-001,FP-2025-02,STS-010,Direct Purchase,Computer Accessories Set for PRJ-2023-013,1,Pieces,397800.0,397800.0,TZS,2025-02-22,2025-04-06,2025-04-16,GRN-2025-0396,INV-VND-2025-0396,2025-04-20,2025-05-20,2025-05-15,EXP-35971,1,False,,
PRC-2025-0397,GRT-2024-001,PRJ-2024-001,BDL-0083,VND-0114,LOC-MAN-001,FP-2025-09,STS-001,Quotation,Bean Seeds 2kg for PRJ-2024-001,528,Sets,12000.0,6336000.0,TZS,2025-09-12,2025-09-25,,,,,,,,5,False,PC-2025-166,
PRC-2025-0398,GRT-2023-001,PRJ-2023-011,BDL-0020,VND-0003,LOC-MAN-001,FP-2025-05,STS-004,Quotation,Vegetable Seed Pack for PRJ-2023-011,496,Kg,9000.0,4464000.0,TZS,2025-05-09,2025-05-19,,,,,,,,3,False,PC-2025-096,
PRC-2025-0399,GRT-2021-001,PRJ-2023-007,BDL-0201,VND-0038,LOC-ARU-001,FP-2025-07,STS-007,Quotation,Notebooks Pack for PRJ-2023-007,182,Boxes,7700.0,1401400.0,TZS,2025-07-28,2025-08-21,2025-08-23,GRN-2025-0399,,,,,,3,False,,
PRC-2025-0400,GRT-2023-005,PRJ-2023-010,BDL-0149,VND-0057,LOC-KIL-001,FP-2025-03,STS-009,Quotation,HP Desktop Computer for PRJ-2023-010,1,Boxes,1491400.0,1491400.0,TZS,2025-03-03,26/03/2025,2025-04-01,GRN-2025-0400,INV-VND-2025-0400,2025-04-04,2025-05-04,2025-05-01,EXP-96439,4,False,PC-2025-083,
PRC-2025-0401,GRT-2024-004,PRJ-2024-006,BDL-0226,VND-0018,LOC-MAN-002,FP-2025-09,STS-008,Quotation,Markers Set for PRJ-2024-006,53,Litres,11100.0,588300.0,TZS,2025-09-03,2025-10-12,2025-10-15,GRN-2025-0401,INV-VND-2025-0401,2025-10-17,,,,3,False,PC-2025-057,
PRC-2025-0402,GRT-2023-004,PRJ-2023-008,BDL-0100,VND-0014,LOC-MAN-002,FP-2025-02,STS-010,Tender,Improved Maize Seed 5kg for PRJ-2023-008,607,Sets,18600.0,11290200.0,TZS,2025-02-27,2025-03-28,2025-04-07,GRN-2025-0402,INV-VND-2025-0402,2025-04-11,2025-05-11,2025-05-03,EXP-53743,5,False,PC-2025-031,
PRC-2025-0403,GRT-2023-001,PRJ-2023-011,BDL-0017,VND-0077,LOC-MAN-001,FP-2025-10,STS-006,Quotation,Pens and Pencils Box for PRJ-2023-011,96,Sets,11500.0,1104000.0,TZS,2025-10-14,2025-10-27,,,,,,,,3,False,PC-2025-010,
PRC-2025-0404,GRT-2023-004,PRJ-2023-009,BDL-0115,VND-0067,LOC-MAN-003,FP-2025-09,STS-005,Tender,Medical Gloves Box for PRJ-2023-009,145,Pieces,48400.0,7018000.0,TZS,2025-09-16,2025-10-12,,,,,,,,3,False,PC-2025-025,
PRC-2025-0405,GRT-2023-001,PRJ-2023-001,BDL-0016,VND-0001,LOC-KIL-001,FP-2025-07,STS-001,Quotation,Pens and Pencils Box for PRJ-2023-001,98,Units,13400.0,1313200.0,TZS,2025-07-14,2025-08-20,,,,,,,,3,False,PC-2025-174,
PRC-2025-0406,GRT-2023-004,PRJ-2023-008,BDL-0116,VND-0144,LOC-MAN-002,FP-2025-05,STS-010,Quotation,Dell Laptop Computer for PRJ-2023-008,1,Litres,1951300.0,1951300.0,TZS,2025-05-26,2025-07-03,2025-07-08,GRN-2025-0406,INV-VND-2025-0406,2025-07-09,2025-08-08,2025-08-04,EXP-53743,4,False,PC-2025-126,
PRC-2025-0407,GRT-2023-004,PRJ-2023-008,BDL-0104,VND-0077,LOC-MAN-002,FP-2025-07,STS-003,Quotation,Pens and Pencils Box for PRJ-2023-008,68,Sets,12900.0,877200.0,TZS,2025-07-27,2025-08-09,,,,,,,,4,False,,
PRC-2025-0408,GRT-2023-003,PRJ-2023-006,BDL-0069,VND-0003,LOC-KIL-001,FP-2025-03,STS-009,Quotation,Conference Table for PRJ-2023-006,1,Boxes,1162900.0,1162900.0,TZS,2025-03-18,2025-04-21,2025-05-02,GRN-2025-0408,INV-VND-2025-0408,2025-05-09,2025-06-08,,EXP-24442,3,False,PC-2025-011,
PRC-2025-0409,GRT-2024-001,PRJ-2024-001,BDL-0083,VND-0139,LOC-MAN-001,FP-2025-01,STS-008,Tender,Medical Gloves Box for PRJ-2024-001,173,Units,41900.0,7248700.0,TZS,2025-01-15,2025-01-25,2025-01-30,GRN-2025-0409,INV-VND-2025-0409,2025-02-02,,,,5,False,PC-2025-002,
PRC-2025-0410,GRT-2022-003,PRJ-2023-003,BDL-0051,VND-0038,LOC-KIL-003,FP-2025-03,STS-010,Tender,Training Handouts Printing for PRJ-2023-003,174,Litres,37400.0,6507600.0,TZS,2025-03-06,2025-03-29,2025-04-04,GRN-2025-0410,INV-VND-2025-0410,2025-04-06,2025-05-06,2025-04-26,EXP-52268,6,False,PC-2025-103,
PRC-2025-0411,GRT-2023-005,PRJ-2023-010,BDL-0140,VND-0007,LOC-KIL-001,FP-2025-08,STS-008,Tender,Training Handouts Printing for PRJ-2023-010,251,Litres,37500.0,9412500.0,TZS,2025-08-18,2025-09-20,2025-10-01,GRN-2025-0411,,2025-10-06,,,,6,False,PC-2025-091,
PRC-2025-0412,GRT-2023-003,PRJ-2023-013,BDL-0078,VND-0081,LOC-ARU-001,FP-2025-02,STS-009,Quotation,Toner Cartridge for PRJ-2023-013,13,Units,48000.0,624000.0,TZS,2025-02-11,2025-02-23,2025-02-21,GRN-2025-0412,INV-VND-2025-0412,2025-02-27,2025-03-29,2025-05-11,EXP-22766,4,False,PC-2025-196,
PRC-2025-0413,GRT-2023-001,PRJ-2023-011,BDL-0005,VND-0028,LOC-MAN-001,FP-2025-03,STS-009,Quotation,Toyota Hilux Double Cab for PRJ-2023-011,1,Units,34553100.0,34553100.0,TZS,2025-03-14,2025-03-25,2025-03-22,GRN-2025-0413,INV-VND-2025-0413,2025-03-23,2025-04-22,2025-04-19,EXP-36777,6,False,PC-2025-160,
PRC-2025-0414,GRT-2023-004,PRJ-2023-009,BDL-0114,VND-0142,LOC-MAN-003,FP-2025-05,STS-005,Direct Purchase,External Hard Drive for PRJ-2023-009,1,Pieces,163000.0,163000.0,TZS,2025-05-18,2025-06-04,,,,,,,,1,False,,
PRC-2025-0415,GRT-2024-001,PRJ-2024-007,BDL-0098,VND-0033,LOC-ARU-002,FP-2025-06,STS-005,Quotation,Vegetable Seed Pack for PRJ-2024-007,431,Kg,9300.0,4008300.0,TZS,2025-06-09,2025-07-15,,,,,,,,4,False,PC-2025-107,
PRC-2025-0416,GRT-2024-003,PRJ-2024-005,BDL-0175,VND-0093,LOC-ARU-004,FP-2025-07,STS-009,Quotation,Participant Bags for PRJ-2024-005,91,Kg,28600.0,2602600.0,TZS,2025-07-12,2025-08-21,2025-08-30,GRN-2025-0416,INV-VND-2025-0416,2025-09-01,2025-10-01,2025-09-26,EXP-95974,4,False,PC-2025-129,
PRC-2025-0417,GRT-2023-003,PRJ-2023-006,BDL-0079,VND-0138,LOC-KIL-001,FP-2025-02,STS-010,Quotation,Timber Planks for PRJ-2023-006,69,Kg,14700.0,1014300.0,TZS,2025-02-18,2025-02-27,2025-02-24,GRN-2025-0417,INV-VND-2025-0417,2025-02-26,2025-03-28,2025-03-18,EXP-23922,5,False,PC-2025-090,
PRC-2025-0418,GRT-2022-003,PRJ-2023-003,BDL-0043,VND-0029,LOC-KIL-003,FP-2025-04,STS-001,Quotation,Dell Laptop Computer for PRJ-2023-003,1,Litres,1652800.0,1652800.0,TZS,2025-04-14,2025-05-11,,,,,,,,4,False,PC-2025-156,
PRC-2025-0419,GRT-2023-001,PRJ-2023-011,BDL-0015,VND-0020,LOC-MAN-001,FP-2025-03,STS-009,Quotation,Blood Pressure Monitors for PRJ-2023-011,5,Kg,330300.0,1651500.0,TZS,2025-03-05,2025-03-25,2025-03-23,GRN-2025-0419,INV-VND-2025-0419,2025-03-24,2025-04-23,2025-04-17,EXP-84487,3,False,PC-2025-023,
PRC-2025-0420,GRT-2023-003,PRJ-2023-013,BDL-0078,VND-0081,LOC-ARU-001,FP-2025-03,STS-009,Quotation,Participant Bags for PRJ-2023-013,143,Units,28000.0,4004000.0,TZS,2025-03-07,2025-03-21,2025-04-02,GRN-2025-0420,INV-VND-2025-0420,2025-04-07,2025-05-07,2025-05-07,EXP-39362,5,False,,
PRC-2025-0421,GRT-2023-003,PRJ-2023-013,BDL-0077,VND-0057,LOC-ARU-001,FP-2025-01,STS-010,Quotation,Projector Epson for PRJ-2023-013,1,Kg,1347500.0,1347500.0,TZS,2025-01-30,2025-02-08,2025-02-15,GRN-2025-0421,INV-VND-2025-0421,2025-02-17,2025-03-19,2025-03-19,EXP-28256,5,False,PC-2025-121,
PRC-2025-0422,GRT-2023-001,PRJ-2023-002,BDL-0012,VND-0062,LOC-KIL-002,FP-2025-09,STS-004,Quotation,Projector Epson for PRJ-2023-002,1,Boxes,1223600.0,1223600.0,TZS,2025-09-26,04/11/2025,,,,,,,,3,False,PC-2025-070,
PRC-2025-0423,GRT-2021-001,PRJ-2023-007,BDL-0207,VND-0054,LOC-ARU-001,FP-2025-03,STS-009,Quotation,Manila Files Box for PRJ-2023-007,61,Units,15000.0,915000.0,TZS,2025-03-26,2025-04-09,2025-04-20,GRN-2025-0423,INV-VND-2025-0423,2025-04-25,2025-05-25,2025-05-20,EXP-56109,4,False,,
PRC-2025-0424,GRT-2023-001,PRJ-2023-001,BDL-0008,VND-0057,LOC-KIL-001,FP-2025-06,STS-010,Quotation,Pens and Pencils Box for PRJ-2023-001,57,Boxes,11600.0,661200.0,TZS,2025-06-13,2025-06-28,2025-07-07,GRN-2025-0424,INV-VND-2025-0424,2025-07-08,2025-08-07,2025-08-06,EXP-42794,4,False,PC-2025-090,
PRC-2025-0425,GRT-2023-004,PRJ-2023-009,BDL-0110,VND-0064,LOC-MAN-003,FP-2025-03,STS-003,Quotation,Cement Bags for PRJ-2023-009,116,Kg,31500.0,3654000.0,TZS,2025-03-26,2025-05-05,,,,,,,,5,False,PC-2025-160,
PRC-2025-0426,GRT-2023-004,PRJ-2023-008,BDL-0114,VND-0062,LOC-MAN-002,FP-2025-02,STS-010,Quotation,Toner Cartridge for PRJ-2023-008,35,Units,43500.0,1522500.0,TZS,2025-02-14,2025-03-10,03-19-2025,GRN-2025-0426,INV-VND-2025-0426,2025-03-26,2025-04-25,2025-04-18,EXP-15821,5,False,,
PRC-2025-0427,GRT-2023-004,PRJ-2023-009,BDL-0118,VND-0045,LOC-MAN-003,FP-2025-06,STS-009,Tender,Indigenous Tree Seedlings for PRJ-2023-009,13950,Boxes,600.0,8370000.0,TZS,2025-06-11,2025-07-22,02-Aug-2025,GRN-2025-0427,INV-VND-2025-0427,2025-08-08,2025-09-07,2025-08-30,EXP-44091,3,False,PC-2025-028,
PRC-2025-0428,GRT-2024-001,PRJ-2024-002,BDL-0095,VND-0049,LOC-KIL-004,FP-2025-06,STS-004,Quotation,Sunflower Seeds 1kg for PRJ-2024-002,180,Pieces,14400.0,2592000.0,TZS,28/06/2025,2025-07-21,,,,,,,,5,False,PC-2025-198,
PRC-2025-0429,GRT-2021-001,PRJ-2023-007,BDL-0203,VND-0063,LOC-ARU-001,FP-2025-08,STS-010,Direct Purchase,Computer Accessories Set for PRJ-2023-007,1,Units,363300.0,363300.0,TZS,2025-08-28,2025-09-15,2025-09-20,GRN-2025-0429,INV-VND-2025-0429,2025-09-23,2025-10-23,2025-10-16,EXP-26675,1,False,,
PRC-2025-0430,GRT-2023-002,PRJ-2023-012,BDL-0029,VND-0090,LOC-ARU-001,FP-2025-07,STS-009,Quotation,Sunflower Seeds 1kg for PRJ-2023-012,104,Units,16700.0,1736800.0,TZS,2025-07-13,2025-07-26,2025-07-25,GRN-2025-0430,INV-VND-2025-0430,2025-07-26,2025-08-25,2025-08-22,EXP-36744,4,False,PC-2025-139,
PRC-2025-0431,GRT-2023-005,PRJ-2023-010,BDL-0153,VND-0095,LOC-KIL-001,FP-2025-01,STS-010,Quotation,Training Handouts Printing for PRJ-2023-010,286,Kg,32900.0,9409400.0,TZS,2025-01-28,2025-02-10,2025-02-13,GRN-2025-0431,INV-VND-2025-0431,2025-02-18,2025-03-20,2025-03-12,EXP-86216,5,False,PC-2025-039,
PRC-2025-0432,GRT-2023-004,PRJ-2023-008,BDL-0118,VND-0091,LOC-MAN-002,FP-2025-06,STS-006,Quotation,Dell Laptop Computer for PRJ-2023-008,1,Sets,1916600.0,1916600.0,TZS,2025-06-14,2025-07-06,,,,,,,,5,False,,
PRC-2025-0433,GRT-2023-004,PRJ-2023-008,BDL-0114,VND-0124,LOC-MAN-002,FP-2025-09,STS-007,Direct Purchase,Computer Accessories Set for PRJ-2023-008,1,Boxes,321700.0,321700.0,TZS,2025-09-19,2025-11-03,2025-11-07,GRN-2025-0433,,,,,,1,False,,
PRC-2025-0434,GRT-2024-001,PRJ-2024-007,BDL-0087,VND-0027,LOC-ARU-002,FP-2025-04,STS-009,Quotation,Sunflower Seeds 1kg for PRJ-2024-007,194,Kg,13800.0,2677200.0,TZS,2025-04-26,2025-05-14,2025-05-25,GRN-2025-0434,,2025-05-26,2025-06-25,2025-06-17,EXP-71585,4,False,PC-2025-130,
PRC-2025-0435,GRT-2022-004,PRJ-2023-005,BDL-0131,VND-0097,LOC-KIL-001,FP-2025-02,STS-004,Quotation,Medical Gloves Box for PRJ-2023-005,67,Kg,50600.0,3390200.0,TZS,2025-02-07,2025-02-18,,,,,,,,4,False,PC-2025-152,
PRC-2025-0436,GRT-2023-001,PRJ-2023-011,BDL-0005,VND-0083,LOC-MAN-001,FP-2025-06,STS-009,Quotation,Projector Epson for PRJ-2023-011,1,Litres,1082300.0,1082300.0,TZS,2025-06-28,2025-08-02,2025-08-04,GRN-2025-0436,INV-VND-2025-0436,2025-08-09,2025-09-08,2025-09-07,EXP-40443,5,False,PC-2025-095,
PRC-2025-0437,GRT-2022-004,PRJ-2023-005,BDL-0120,VND-0135,LOC-KIL-001,FP-2025-03,STS-007,Tender,Paracetamol Tablets for PRJ-2023-005,255,Pieces,29200.0,7446000.0,TZS,2025-03-16,2025-04-10,2025-04-15,GRN-2025-0437,,,,,,3,False,PC-2025-089,
PRC-2025-0438,GRT-2023-004,PRJ-2023-009,BDL-0104,VND-0057,LOC-MAN-003,FP-2025-01,STS-001,Quotation,Iron Sheets for PRJ-2023-009,27,Sets,50700.0,1368900.0,TZS,2025-01-28,2025-02-27,,,,,,,,5,False,PC-2025-138,
PRC-2025-0439,GRT-2024-001,PRJ-2024-001,BDL-0086,VND-0143,LOC-MAN-001,FP-2025-02,STS-010,Quotation,Conference Table for PRJ-2024-001,1,Units,1339400.0,1339400.0,TZS,2025-02-24,2025-03-17,2025-03-16,GRN-2025-0439,INV-VND-2025-0439,2025-03-21,2025-04-20,2025-04-13,EXP-92657,4,False,PC-2025-188,
PRC-2025-0440,GRT-2023-001,PRJ-2023-002,BDL-0021,VND-0079,LOC-KIL-002,FP-2025-04,STS-005,Quotation,Motorcycle Honda for PRJ-2023-002,1,Litres,5111100.0,5111100.0,TZS,2025-04-20,2025-05-28,,,,,,,,5,False,PC-2025-121,
PRC-2025-0441,GRT-2023-001,PRJ-2023-001,BDL-0014,VND-0135,LOC-KIL-001,FP-2025-05,STS-009,Quotation,Iron Sheets for PRJ-2023-001,78,Litres,40900.0,3190200.0,TZS,2025-05-15,2025-06-13,2025-06-25,GRN-2025-0441,INV-VND-2025-0441,2025-06-27,2025-07-27,2025-07-24,EXP-48288,5,False,PC-2025-068,
PRC-2025-0442,GRT-2024-003,PRJ-2024-005,BDL-0184,VND-0066,LOC-ARU-004,FP-2025-03,STS-008,Quotation,Office Desk for PRJ-2024-005,3,Sets,740400.0,2221200.0,TZS,2025-03-21,2025-04-27,2025-05-09,GRN-2025-0442,INV-VND-2025-0442,2025-05-15,,,,5,False,,
PRC-2025-0443,GRT-2024-002,PRJ-2024-004,BDL-0168,VND-0030,LOC-MAN-004,FP-2025-05,STS-008,Tender,Improved Maize Seed 5kg for PRJ-2024-004,451,Litres,19500.0,8794500.0,TZS,2025-05-08,2025-06-20,2025-06-22,GRN-2025-0443,INV-VND-2025-0443,06-29-2025,,,,3,False,PC-2025-079,
PRC-2025-0444,GRT-2024-001,PRJ-2024-002,BDL-0094,VND-0010,LOC-KIL-004,FP-2025-06,STS-009,Quotation,Manila Files Box for PRJ-2024-002,40,Litres,15500.0,620000.0,TZS,2025-06-12,2025-06-29,2025-07-07,GRN-2025-0444,INV-VND-2025-0444,2025-07-09,2025-08-08,2025-08-05,EXP-11787,3,False,,
PRC-2025-0445,GRT-2023-004,PRJ-2023-008,BDL-0101,VND-0004,LOC-MAN-002,FP-2025-06,STS-009,Direct Purchase,External Hard Drive for PRJ-2023-008,2,Units,167900.0,335800.0,TZS,2025-06-02,2025-06-14,2025-06-13,GRN-2025-0445,INV-VND-2025-0445,2025-06-19,2025-07-19,2025-07-13,EXP-12641,1,False,,
PRC-2025-0446,GRT-2024-004,PRJ-2024-006,BDL-0210,VND-0148,LOC-MAN-002,FP-2025-07,STS-009,Direct Purchase,Markers Set for PRJ-2024-006,19,Kg,13700.0,260300.0,TZS,2025-07-26,2025-08-20,2025-08-30,GRN-2025-0446,INV-VND-2025-0446,2025-09-03,2025-10-03,2025-09-26,EXP-47279,1,False,,
PRC-2025-0447,GRT-2024-002,PRJ-2024-004,BDL-0161,VND-0070,LOC-MAN-004,FP-2025-09,STS-005,Quotation,Flipchart Paper Pad for PRJ-2024-004,29,Litres,17700.0,513300.0,TZS,2025-09-22,2025-11-05,,,,,,,,5,False,,
PRC-2025-0448,GRT-2023-004,PRJ-2023-008,BDL-0101,VND-0066,LOC-MAN-002,FP-2025-01,STS-009,Quotation,Filing Cabinet for PRJ-2023-008,4,Kg,421300.0,1685200.0,TZS,2025-01-17,2025-02-10,2025-02-13,GRN-2025-0448,INV-VND-2025-0448,2025-02-20,2025-03-22,2025-03-15,EXP-51027,3,False,PC-2025-083,
PRC-2025-0449,GRT-2023-003,PRJ-2023-006,BDL-0077,VND-0033,LOC-KIL-001,FP-2025-10,STS-009,Tender,Paracetamol Tablets for PRJ-2023-006,360,Kg,26000.0,9360000.0,TZS,2025-10-10,2025-11-17,2025-11-18,GRN-2025-0449,INV-VND-2025-0449,2025-11-23,2025-12-23,2025-12-23,EXP-48895,6,False,PC-2025-044,
PRC-2025-0450,GRT-2021-001,PRJ-2023-007,BDL-0209,VND-0042,LOC-ARU-001,FP-2025-03,STS-010,Quotation,UPS Battery for PRJ-2023-007,2,Boxes,428700.0,857400.0,TZS,25-Mar-2025,2025-04-11,2025-04-24,GRN-2025-0450,INV-VND-2025-0450,2025-04-28,2025-05-28,2025-06-28,EXP-33491,4,False,PC-2025-192,
PRC-2025-0451,GRT-2022-003,PRJ-2023-003,BDL-0053,VND-0150,LOC-KIL-003,FP-2025-08,STS-007,Quotation,Indigenous Tree Seedlings for PRJ-2023-003,4169,Units,600.0,2501400.0,TZS,2025-08-09,2025-09-01,2025-09-15,GRN-2025-0451,,,,,,4,False,PC-2025-110,
PRC-2025-0452,GRT-2023-002,PRJ-2023-004,BDL-0026,VND-0040,LOC-ARU-002,FP-2025-09,STS-009,Quotation,Filing Cabinet for PRJ-2023-004,4,Units,423100.0,1692400.0,TZS,14/09/2025,2025-10-04,2025-10-06,GRN-2025-0452,,2025-10-08,2025-11-07,2025-11-06,EXP-90599,5,False,PC-2025-071,
PRC-2025-0453,GRT-2023-004,PRJ-2023-008,BDL-0117,VND-0071,LOC-MAN-002,FP-2025-05,STS-009,Quotation,Conference Table for PRJ-2023-008,1,Pieces,1331600.0,1331600.0,TZS,2025-05-04,2025-05-21,2025-05-26,GRN-2025-0453,INV-VND-2025-0453,2025-06-02,2025-07-02,2025-06-25,EXP-74237,4,False,,
PRC-2025-0454,GRT-2023-003,PRJ-2023-013,BDL-0078,VND-0076,LOC-ARU-001,FP-2025-01,STS-009,Quotation,Eucalyptus Seedlings for PRJ-2023-013,9498,Units,900.0,8548200.0,TZS,2025-01-17,2025-03-02,2025-03-08,GRN-2025-0454,INV-VND-2025-0454,2025-03-11,2025-04-10,,EXP-11703,6,False,PC-2025-093,
PRC-2025-0455,GRT-2023-001,PRJ-2023-011,BDL-0020,VND-0036,LOC-MAN-001,FP-2025-04,STS-001,Quotation,Toyota Hilux Double Cab for PRJ-2023-011,1,Sets,33980400.0,33980400.0,TZS,2025-04-03,2025-04-21,,,,,,,,3,False,PC-2025-095,
PRC-2025-0456,GRT-2023-002,PRJ-2023-004,BDL-0039,VND-0016,LOC-ARU-002,FP-2025-07,STS-010,Quotation,Projector Epson for PRJ-2023-004,1,Kg,1281600.0,1281600.0,TZS,2025-07-21,2025-08-30,2025-08-27,GRN-2025-0456,INV-VND-2025-0456,2025-08-31,2025-09-30,2025-09-20,EXP-97771,4,False,,
PRC-2025-0457,GRT-2023-001,PRJ-2023-001,BDL-0010,VND-0047,LOC-KIL-001,FP-2025-03,STS-009,Quotation,Eucalyptus Seedlings for PRJ-2023-001,5060,Units,800.0,4048000.0,TZS,2025-03-15,2025-03-27,2025-03-29,GRN-2025-0457,INV-VND-2025-0457,2025-03-31,2025-04-30,2025-04-20,EXP-12635,5,False,PC-2025-023,
PRC-2025-0458,GRT-2022-004,PRJ-2023-005,BDL-0128,VND-0073,LOC-KIL-001,FP-2025-04,STS-007,Quotation,Bean Seeds 2kg for PRJ-2023-005,275,Litres,12500.0,3437500.0,TZS,2025-04-27,2025-05-15,2025-05-21,GRN-2025-0458,,,,,,4,False,PC-2025-058,
PRC-2025-0459,GRT-2023-003,PRJ-2023-006,BDL-0062,VND-0143,LOC-KIL-001,FP-2025-06,STS-010,Tender,Motorcycle Honda for PRJ-2023-006,1,Units,5168000.0,5168000.0,TZS,2025-06-11,2025-07-01,2025-07-08,GRN-2025-0459,INV-VND-2025-0459,2025-07-13,2025-08-12,2025-08-08,EXP-21895,5,False,PC-2025-166,
PRC-2025-0460,GRT-2024-001,PRJ-2024-007,BDL-0095,VND-0085,LOC-ARU-002,FP-2025-03,STS-007,Quotation,Notebooks Pack for PRJ-2024-007,155,Sets,9000.0,1395000.0,TZS,2025-03-07,2025-03-25,2025-04-02,GRN-2025-0460,,,,,,3,False,PC-2025-041,
PRC-2025-0461,GRT-2023-005,PRJ-2023-010,BDL-0150,VND-0029,LOC-KIL-001,FP-2025-05,STS-002,Tender,Medical Gloves Box for PRJ-2023-010,158,Sets,47300.0,7473400.0,TZS,2025-05-14,2025-06-22,,,,,,,,6,False,PC-2025-077,
PRC-2025-0462,GRT-2023-003,PRJ-2023-006,BDL-0070,VND-0046,LOC-KIL-001,FP-2025-02,STS-009,Quotation,Iron Sheets for PRJ-2023-006,96,Boxes,46900.0,4502400.0,TZS,2025-02-11,2025-02-23,2025-03-01,GRN-2025-0462,INV-VND-2025-0462,2025-03-03,2025-04-02,2025-03-26,EXP-61903,3,False,PC-2025-034,
PRC-2025-0463,GRT-2023-002,PRJ-2023-012,BDL-0033,VND-0090,LOC-ARU-001,FP-2025-09,STS-009,Tender,Toyota Hilux Double Cab for PRJ-2023-012,1,Sets,33198600.0,33198600.0,TZS,2025-09-09,2025-10-01,2025-10-01,GRN-2025-0463,INV-VND-2025-0463,2025-10-04,2025-11-03,,EXP-62413,4,False,PC-2025-121,
PRC-2025-0464,GRT-2023-003,PRJ-2023-013,BDL-0066,VND-0138,LOC-ARU-001,FP-2025-05,STS-003,Quotation,Fruit Tree Seedlings for PRJ-2023-013,2504,Pieces,1100.0,2754400.0,TZS,2025-05-12,2025-05-27,,,,,,,,5,False,,
PRC-2025-0465,GRT-2022-004,PRJ-2023-005,BDL-0128,VND-0029,LOC-KIL-001,FP-2025-08,STS-005,Direct Purchase,Flipchart Paper Pad for PRJ-2023-005,17,Units,20500.0,348500.0,TZS,2025-08-06,2025-09-15,,,,,,,,1,False,,
PRC-2025-0466,GRT-2023-001,PRJ-2023-001,BDL-0006,VND-0125,LOC-KIL-001,FP-2025-08,STS-009,Direct Purchase,Network Switch for PRJ-2023-001,1,Litres,343100.0,343100.0,TZS,2025-08-08,2025-09-11,2025-09-09,GRN-2025-0466,INV-VND-2025-0466,2025-09-12,2025-10-12,2025-10-11,EXP-89119,1,False,,
PRC-2025-0467,GRT-2022-003,PRJ-2023-003,BDL-0046,VND-0100,LOC-KIL-003,FP-2025-09,STS-009,Direct Purchase,UPS Battery for PRJ-2023-003,1,Sets,496400.0,496400.0,TZS,2025-09-04,2025-10-08,2025-10-06,GRN-2025-0467,INV-VND-2025-0467,2025-10-07,2025-11-06,2025-12-12,EXP-70325,1,False,,
PRC-2025-0468,GRT-2023-001,PRJ-2023-001,BDL-0015,VND-0035,LOC-KIL-001,FP-2025-10,STS-005,Quotation,Manila Files Box for PRJ-2023-001,33,Pieces,16200.0,534600.0,TZS,2025-10-15,2025-10-28,,,,,,,,5,False,,
PRC-2025-0469,GRT-2023-003,PRJ-2023-013,BDL-0068,VND-0143,LOC-ARU-001,FP-2025-03,STS-005,Direct Purchase,Flipchart Paper Pad for PRJ-2023-013,12,Kg,17900.0,214800.0,TZS,2025-03-07,2025-04-07,,,,,,,,1,False,,
PRC-2025-0470,GRT-2023-003,PRJ-2023-006,BDL-0069,VND-0077,LOC-KIL-001,FP-2025-02,STS-009,Quotation,HP Desktop Computer for PRJ-2023-006,1,Boxes,1608200.0,1608200.0,TZS,2025-02-09,2025-03-11,2025-03-26,GRN-2025-0470,INV-VND-2025-0470,2025-04-02,05-02-2025,2025-04-28,EXP-34341,5,False,PC-2025-132,
PRC-2025-0471,GRT-2024-003,PRJ-2024-005,BDL-0184,VND-0095,LOC-ARU-004,FP-2025-07,STS-009,Tender,Malaria Rapid Test Kits Box for PRJ-2024-005,78,Sets,267500.0,20865000.0,TZS,2025-07-02,2025-08-12,2025-08-21,GRN-2025-0471,INV-VND-2025-0471,2025-08-26,2025-09-25,21-Oct-2025,EXP-51896,7,False,PC-2025-118,
PRC-2025-0472,GRT-2023-001,PRJ-2023-011,BDL-0018,VND-0118,LOC-MAN-001,FP-2025-04,STS-001,Quotation,Oral Rehydration Salts for PRJ-2023-011,105,Pieces,34100.0,3580500.0,TZS,2025-04-10,2025-05-09,,,,,,,,4,False,PC-2025-116,
PRC-2025-0473,GRT-2023-004,PRJ-2023-008,BDL-0112,VND-0088,LOC-MAN-002,FP-2025-08,STS-010,Quotation,Projector Epson for PRJ-2023-008,1,Kg,1145500.0,1145500.0,TZS,2025-08-08,2025-09-19,2025-09-29,GRN-2025-0473,INV-VND-2025-0473,2025-10-01,2025-10-31,2025-10-22,EXP-46553,3,False,,
PRC-2025-0474,GRT-2023-001,PRJ-2023-011,BDL-0015,VND-0115,LOC-MAN-001,FP-2025-03,STS-005,Tender,Toyota Land Cruiser 4x4 for PRJ-2023-011,1,Litres,40537500.0,40537500.0,TZS,2025-03-06,2025-04-06,,,,,,,,6,False,PC-2025-168,
PRC-2025-0475,GRT-2024-004,PRJ-2024-006,BDL-0212,VND-0045,LOC-MAN-002,FP-2025-08,STS-008,Quotation,Indigenous Tree Seedlings for PRJ-2024-006,6999,Sets,600.0,4199400.0,TZS,2025-08-02,2025-09-13,2025-09-26,GRN-2025-0475,INV-VND-2025-0475,2025-10-03,,,,4,False,,
PRC-2025-0476,GRT-2023-001,PRJ-2023-001,BDL-0007,VND-0009,LOC-KIL-001,FP-2025-03,STS-009,Quotation,Markers Set for PRJ-2023-001,45,Sets,12100.0,544500.0,TZS,2025-03-12,2025-04-26,2025-05-03,GRN-2025-0476,INV-VND-2025-0476,2025-05-05,2025-06-04,2025-06-03,EXP-10902,3,False,PC-2025-046,
PRC-2025-0477,GRT-2023-003,PRJ-2023-013,BDL-0081,VND-0034,LOC-ARU-001,FP-2025-02,STS-009,Quotation,Toner Cartridge for PRJ-2023-013,24,Litres,48700.0,1168800.0,TZS,2025-02-04,2025-03-06,2025-03-15,GRN-2025-0477,INV-VND-2025-0477,2025-03-20,2025-04-19,2025-04-12,EXP-66175,4,False,PC-2025-102,
PRC-2025-0478,GRT-2023-001,PRJ-2023-011,BDL-0007,VND-0091,LOC-MAN-001,FP-2025-06,STS-006,Tender,Indigenous Tree Seedlings for PRJ-2023-011,12324,Litres,600.0,7394400.0,TZS,2025-06-15,20/07/2025,,,,,,,,4,False,PC-2025-194,
PRC-2025-0479,GRT-2024-001,PRJ-2024-001,BDL-0083,VND-0035,LOC-MAN-001,FP-2025-08,STS-007,Quotation,UPS Battery for PRJ-2024-001,3,Kg,439500.0,1318500.0,TZS,2025-08-28,2025-09-22,2025-09-23,GRN-2025-0479,,,,,,5,False,PC-2025-041,
PRC-2025-0480,GRT-2022-004,PRJ-2023-005,BDL-0137,VND-0047,LOC-KIL-001,FP-2025-07,STS-010,Tender,Indigenous Tree Seedlings for PRJ-2023-005,10103,Sets,700.0,7072100.0,TZS,2025-07-10,26/07/2025,2025-08-10,GRN-2025-0480,INV-VND-2025-0480,2025-08-13,2025-09-12,2025-09-06,EXP-73602,6,False,PC-2025-159,
PRC-2025-0481,GRT-2023-002,PRJ-2023-004,BDL-0028,VND-0091,LOC-ARU-002,FP-2025-01,STS-007,Quotation,Flipchart Paper Pad for PRJ-2023-004,35,Kg,20000.0,700000.0,TZS,2025-01-31,2025-03-04,2025-03-04,GRN-2025-0481,,,,,,5,False,PC-2025-059,
PRC-2025-0482,GRT-2024-003,PRJ-2024-005,BDL-0181,VND-0078,LOC-ARU-004,FP-2025-05,STS-002,Quotation,Motorcycle Honda for PRJ-2024-005,1,Units,5014700.0,5014700.0,TZS,2025-05-31,2025-07-12,,,,,,,,6,False,PC-2025-046,
PRC-2025-0483,GRT-2024-001,PRJ-2024-001,BDL-0084,VND-0032,LOC-MAN-001,FP-2025-02,STS-007,Quotation,Oral Rehydration Salts for PRJ-2024-001,164,Litres,35700.0,5854800.0,TZS,2025-02-21,2025-03-12,2025-03-24,GRN-2025-0483,,,,,,7,False,PC-2025-014,
PRC-2025-0484,GRT-2024-001,PRJ-2024-007,BDL-0096,VND-0143,LOC-ARU-002,FP-2025-06,STS-008,Quotation,Markers Set for PRJ-2024-007,41,Litres,12700.0,520700.0,TZS,2025-06-02,2025-07-10,2025-07-12,GRN-2025-0484,INV-VND-2025-0484,2025-07-16,,,,4,False,,
PRC-2025-0485,GRT-2024-003,PRJ-2024-005,BDL-0177,VND-0029,LOC-ARU-004,FP-2025-06,STS-009,Quotation,Notebooks Pack for PRJ-2024-005,184,Pieces,8700.0,1600800.0,TZS,2025-06-19,2025-07-02,2025-07-13,GRN-2025-0485,INV-VND-2025-0485,2025-07-19,2025-08-18,2025-08-16,EXP-35374,4,False,,
PRC-2025-0486,GRT-2024-001,PRJ-2024-002,BDL-0088,VND-0085,LOC-KIL-004,FP-2025-06,STS-009,Tender,Toyota Land Cruiser 4x4 for PRJ-2024-002,1,Sets,42267700.0,42267700.0,TZS,2025-06-01,2025-06-22,2025-06-27,GRN-2025-0486,INV-VND-2025-0486,2025-07-04,08-03-2025,2025-07-29,EXP-29003,7,False,PC-2025-107,
PRC-2025-0487,GRT-2022-004,PRJ-2023-005,BDL-0133,VND-0077,LOC-KIL-001,FP-2025-06,STS-009,Quotation,Blood Pressure Monitors for PRJ-2023-005,7,Sets,308500.0,2159500.0,TZS,2025-06-30,2025-08-11,2025-08-25,GRN-2025-0487,INV-VND-2025-0487,2025-09-01,2025-10-01,2025-09-23,EXP-67685,4,False,,
PRC-2025-0488,GRT-2023-001,PRJ-2023-011,BDL-0008,VND-0030,LOC-MAN-001,FP-2025-07,STS-007,Direct Purchase,Network Switch for PRJ-2023-011,1,Kg,347300.0,347300.0,TZS,2025-07-23,2025-08-27,2025-09-02,GRN-2025-0488,,,,,,1,False,,
PRC-2025-0489,GRT-2024-001,PRJ-2024-001,BDL-0089,VND-0124,LOC-MAN-001,FP-2025-01,STS-010,Tender,Medical Gloves Box for PRJ-2024-001,135,Boxes,49100.0,6628500.0,TZS,2025-01-26,2025-02-10,2025-02-09,GRN-2025-0489,INV-VND-2025-0489,2025-02-15,2025-03-17,2025-03-12,EXP-57347,7,False,PC-2025-136,
PRC-2025-0490,GRT-2023-001,PRJ-2023-001,BDL-0005,VND-0136,LOC-KIL-001,FP-2025-07,STS-010,Quotation,Conference Table for PRJ-2023-001,1,Units,1225900.0,1225900.0,TZS,2025-07-25,2025-08-02,2025-08-17,GRN-2025-0490,INV-VND-2025-0490,2025-08-18,2025-09-17,2025-09-12,EXP-80622,3,False,,
PRC-2025-0491,GRT-2022-003,PRJ-2023-003,BDL-0060,VND-0006,LOC-KIL-003,FP-2025-04,STS-010,Tender,Malaria Rapid Test Kits Box for PRJ-2023-003,82,Sets,282200.0,23140400.0,TZS,2025-04-02,30/04/2025,2025-04-29,GRN-2025-0491,INV-VND-2025-0491,2025-05-04,2025-06-03,2025-05-26,EXP-66675,6,False,PC-2025-116,
PRC-2025-0492,GRT-2023-002,PRJ-2023-012,BDL-0036,VND-0011,LOC-ARU-001,FP-2025-01,STS-005,Quotation,Indigenous Tree Seedlings for PRJ-2023-012,14406,Pieces,600.0,8643600.0,TZS,2025-01-28,2025-03-10,,,,,,,,4,False,PC-2025-079,
PRC-2025-0493,GRT-2021-001,PRJ-2023-007,BDL-0196,VND-0013,LOC-ARU-001,FP-2025-08,STS-010,Quotation,Filing Cabinet for PRJ-2023-007,2,Sets,429400.0,858800.0,TZS,2025-08-28,2025-09-11,2025-09-20,GRN-2025-0493,,2025-09-27,2025-10-27,2025-10-24,EXP-59861,4,False,,
PRC-2025-0494,GRT-2023-003,PRJ-2023-006,BDL-0067,VND-0110,LOC-KIL-001,FP-2025-07,STS-009,Quotation,UPS Battery for PRJ-2023-006,3,Pieces,440600.0,1321800.0,TZS,2025-07-18,2025-08-24,2025-08-29,GRN-2025-0494,INV-VND-2025-0494,2025-09-02,2025-10-02,2025-10-31,EXP-65052,3,False,PC-2025-054,
PRC-2025-0495,GRT-2024-002,PRJ-2024-004,BDL-0169,VND-0016,LOC-MAN-004,FP-2025-09,STS-005,Quotation,Eucalyptus Seedlings for PRJ-2024-004,3555,Pieces,800.0,2844000.0,TZS,2025-09-12,2025-09-21,,,,,,,,5,False,,
PRC-2025-0496,GRT-2023-003,PRJ-2023-006,BDL-0074,VND-0138,LOC-KIL-001,FP-2025-04,STS-004,Quotation,Iron Sheets for PRJ-2023-006,80,Pieces,49600.0,3968000.0,TZS,2025-04-08,2025-04-16,,,,,,,,3,False,PC-2025-094,
PRC-2025-0497,GRT-2023-001,PRJ-2023-001,BDL-0011,VND-0132,LOC-KIL-001,FP-2025-04,STS-009,Quotation,Pens and Pencils Box for PRJ-2023-001,93,Sets,10900.0,1013700.0,TZS,2025-04-05,2025-04-18,2025-04-15,GRN-2025-0497,INV-VND-2025-0497,2025-04-17,2025-05-17,2025-05-26,EXP-24733,4,False,PC-2025-196,
PRC-2025-0498,GRT-2022-004,PRJ-2023-005,BDL-0129,VND-0039,LOC-KIL-001,FP-2025-10,STS-004,Tender,Indigenous Tree Seedlings for PRJ-2023-005,12021,Sets,600.0,7212600.0,TZS,2025-10-05,2025-10-20,,,,,,,,7,False,PC-2025-051,
PRC-2025-0499,GRT-2023-004,PRJ-2023-008,BDL-0107,VND-0013,LOC-MAN-002,FP-2025-05,STS-010,Quotation,Sunflower Seeds 1kg for PRJ-2023-008,313,Units,15200.0,4757600.0,TZS,31-May-2025,2025-06-15,2025-06-22,GRN-2025-0499,INV-VND-2025-0499,2025-06-28,07-28-2025,2025-08-04,EXP-60466,5,False,PC-2025-134,
PRC-2025-0500,GRT-2024-001,PRJ-2024-007,BDL-0095,VND-0135,LOC-ARU-002,FP-2025-04,STS-007,Tender,Training Handouts Printing for PRJ-2024-007,263,Pieces,32500.0,8547500.0,TZS,2025-04-20,2025-05-13,2025-05-20,GRN-2025-0500,,,,,,7,False,PC-2025-087,
PRC-2025-0501,GRT-2023-005,PRJ-2023-010,BDL-0149,VND-0050,LOC-KIL-001,FP-2025-03,STS-009,Quotation,Toyota Land Cruiser 4x4 for PRJ-2023-010,1,Boxes,45646100.0,45646100.0,TZS,2025-03-20,2025-04-18,2025-04-24,GRN-2025-0501,INV-VND-2025-0501,2025-04-29,2025-05-29,2025-05-28,EXP-76155,3,False,PC-2025-141,
PRC-2025-0502,GRT-2022-004,PRJ-2023-005,BDL-0137,VND-0042,LOC-KIL-001,FP-2025-04,STS-004,Quotation,Manila Files Box for PRJ-2023-005,52,Boxes,14400.0,748800.0,TZS,2025-04-09,2025-04-30,,,,,,,,5,False,,
PRC-2025-0503,GRT-2024-002,PRJ-2024-004,BDL-0163,VND-0068,LOC-MAN-004,FP-2025-06,STS-009,Quotation,Conference Table for PRJ-2024-004,1,Litres,1120800.0,1120800.0,TZS,2025-06-23,2025-07-13,2025-07-12,GRN-2025-0503,INV-VND-2025-0503,2025-07-16,2025-08-15,2025-09-19,EXP-31004,4,False,,
PRC-2025-0504,GRT-2023-002,PRJ-2023-004,BDL-0040,VND-0126,LOC-ARU-002,FP-2025-10,STS-009,Quotation,Paracetamol Tablets for PRJ-2023-004,142,Kg,27100.0,3848200.0,TZS,2025-10-10,2025-10-23,2025-11-04,GRN-2025-0504,INV-VND-2025-0504,2025-11-08,2025-12-08,2025-12-07,EXP-80943,4,False,PC-2025-003,
PRC-2025-0505,GRT-2024-003,PRJ-2024-005,BDL-0187,VND-0142,LOC-ARU-004,FP-2025-08,STS-009,Tender,Training Handouts Printing for PRJ-2024-005,167,Pieces,32400.0,5410800.0,TZS,2025-08-24,2025-09-26,2025-09-24,GRN-2025-0505,INV-VND-2025-0505,2025-10-01,2025-10-31,2025-10-27,EXP-42986,4,False,PC-2025-171,
PRC-2025-0506,GRT-2023-004,PRJ-2023-009,BDL-0103,VND-0026,LOC-MAN-003,FP-2025-03,STS-004,Quotation,Paint 20L for PRJ-2023-009,28,Kg,95000.0,2660000.0,TZS,2025-03-06,2025-04-18,,,,,,,,5,False,,
PRC-2025-0507,GRT-2024-002,PRJ-2024-004,BDL-0155,VND-0091,LOC-MAN-004,FP-2025-01,STS-008,Quotation,Participant Bags for PRJ-2024-004,136,Kg,25800.0,3508800.0,TZS,2025-01-28,2025-02-17,2025-03-04,GRN-2025-0507,INV-VND-2025-0507,2025-03-10,,,,4,False,PC-2025-161,
PRC-2025-0508,GRT-2024-002,PRJ-2024-003,BDL-0161,VND-0096,LOC-ARU-003,FP-2025-06,STS-006,Quotation,Notebooks Pack for PRJ-2024-003,118,Units,9800.0,1156400.0,TZS,2025-06-28,2025-07-30,,,,,,,,4,False,PC-2025-197,
PRC-2025-0509,GRT-2023-004,PRJ-2023-008,BDL-0110,VND-0074,LOC-MAN-002,FP-2025-07,STS-005,Direct Purchase,External Hard Drive for PRJ-2023-008,1,Sets,184400.0,184400.0,TZS,2025-07-29,2025-08-17,,,,,,,,1,False,,
PRC-2025-0510,GRT-2023-003,PRJ-2023-006,BDL-0071,VND-0074,LOC-KIL-001,FP-2025-04,STS-009,Quotation,Oral Rehydration Salts for PRJ-2023-006,96,Boxes,35900.0,3446400.0,TZS,2025-04-16,2025-05-18,2025-05-17,GRN-2025-0510,INV-VND-2025-0510,2025-05-18,2025-06-17,2025-06-07,EXP-63036,5,False,,
PRC-2025-0511,GRT-2024-001,PRJ-2024-007,BDL-0085,VND-0060,LOC-ARU-002,FP-2025-01,STS-010,Direct Purchase,Flipchart Paper Pad for PRJ-2024-007,17,Litres,16900.0,287300.0,TZS,2025-01-28,2025-03-07,2025-03-11,GRN-2025-0511,INV-VND-2025-0511,2025-03-13,2025-04-12,2025-04-09,EXP-67718,1,False,,
PRC-2025-0512,GRT-2024-004,PRJ-2024-006,BDL-0228,VND-0037,LOC-MAN-002,FP-2025-05,STS-010,Direct Purchase,Network Switch for PRJ-2024-006,1,Litres,409100.0,409100.0,TZS,2025-05-29,2025-07-02,2025-07-10,GRN-2025-0512,INV-VND-2025-0512,2025-07-12,2025-08-11,2025-08-06,EXP-20097,1,False,,
PRC-2025-0513,GRT-2023-002,PRJ-2023-004,BDL-0041,VND-0124,LOC-ARU-002,FP-2025-02,STS-009,Quotation,Indigenous Tree Seedlings for PRJ-2023-004,12425,Kg,700.0,8697500.0,TZS,2025-02-11,2025-03-19,2025-03-30,GRN-2025-0513,INV-VND-2025-0513,2025-04-03,2025-05-03,2025-05-18,EXP-12898,6,False,PC-2025-069,
PRC-2025-0514,GRT-2023-001,PRJ-2023-001,BDL-0020,VND-0014,LOC-KIL-001,FP-2025-10,STS-009,Tender,Toyota Hilux Double Cab for PRJ-2023-001,1,Units,32416900.0,32416900.0,TZS,2025-10-02,2025-11-04,2025-11-05,GRN-2025-0514,INV-VND-2025-0514,2025-11-11,2025-12-11,2025-12-11,EXP-89900,5,False,PC-2025-060,
PRC-2025-0515,GRT-2023-003,PRJ-2023-006,BDL-0066,VND-0094,LOC-KIL-001,FP-2025-08,STS-008,Direct Purchase,Flipchart Paper Pad for PRJ-2023-006,19,Sets,16600.0,315400.0,TZS,2025-08-01,2025-09-03,2025-09-12,GRN-2025-0515,INV-VND-2025-0515,2025-09-14,,,,1,False,,
PRC-2025-0516,GRT-2023-004,PRJ-2023-008,BDL-0111,VND-0085,LOC-MAN-002,FP-2025-02,STS-009,Direct Purchase,Flipchart Paper Pad for PRJ-2023-008,25,Units,16300.0,407500.0,TZS,2025-02-14,2025-03-16,2025-03-16,GRN-2025-0516,INV-VND-2025-0516,2025-03-21,2025-04-20,2025-05-15,EXP-60430,1,False,,
PRC-2025-0517,GRT-2022-004,PRJ-2023-005,BDL-0138,VND-0029,LOC-KIL-001,FP-2025-08,STS-010,Quotation,Toyota Hilux Double Cab for PRJ-2023-005,1,Units,35837400.0,35837400.0,TZS,2025-08-30,2025-09-07,2025-09-05,GRN-2025-0517,INV-VND-2025-0517,2025-09-12,2025-10-12,2025-10-08,EXP-48198,7,False,PC-2025-039,
PRC-2025-0518,GRT-2023-002,PRJ-2023-012,BDL-0034,VND-0027,LOC-ARU-001,FP-2025-02,STS-009,Quotation,Cement Bags for PRJ-2023-012,201,Litres,27800.0,5587800.0,TZS,2025-02-05,2025-03-06,2025-03-04,GRN-2025-0518,INV-VND-2025-0518,2025-03-08,2025-04-07,2025-03-28,EXP-87481,6,False,PC-2025-049,
PRC-2025-0519,GRT-2022-004,PRJ-2023-005,BDL-0133,VND-0147,LOC-KIL-001,FP-2025-08,STS-009,Quotation,Conference Table for PRJ-2023-005,1,Litres,1104700.0,1104700.0,TZS,2025-08-02,2025-08-28,2025-09-09,GRN-2025-0519,INV-VND-2025-0519,2025-09-16,2025-10-16,,EXP-17224,3,False,,
PRC-2025-0520,GRT-2024-001,PRJ-2024-001,BDL-0095,VND-0088,LOC-MAN-001,FP-2025-10,STS-010,Tender,Cement Bags for PRJ-2024-001,347,Kg,30000.0,10410000.0,TZS,2025-10-02,2025-11-01,2025-10-30,GRN-2025-0520,INV-VND-2025-0520,2025-10-31,2025-11-30,2025-11-28,EXP-39041,7,False,PC-2025-135,
PRC-2025-0521,GRT-2023-004,PRJ-2023-008,BDL-0110,VND-0086,LOC-MAN-002,FP-2025-05,STS-006,Quotation,Medical Gloves Box for PRJ-2023-008,187,Pieces,45000.0,8415000.0,TZS,2025-05-27,2025-06-30,,,,,,,,4,False,PC-2025-154,
PRC-2025-0522,GRT-2023-005,PRJ-2023-010,BDL-0145,VND-0050,LOC-KIL-001,FP-2025-03,STS-009,Tender,Training Handouts Printing for PRJ-2023-010,280,Kg,37000.0,10360000.0,TZS,2025-03-21,2025-04-11,2025-04-10,GRN-2025-0522,INV-VND-2025-0522,2025-04-11,2025-05-11,2025-05-04,EXP-18716,3,False,PC-2025-179,
PRC-2025-0523,GRT-2023-002,PRJ-2023-004,BDL-0034,VND-0051,LOC-ARU-002,FP-2025-02,STS-004,Quotation,Paint 20L for PRJ-2023-004,16,Sets,87500.0,1400000.0,TZS,2025-02-03,2025-03-06,,,,,,,,3,False,PC-2025-121,
PRC-2025-0524,GRT-2022-004,PRJ-2023-005,BDL-0133,VND-0096,LOC-KIL-001,FP-2025-05,STS-005,Quotation,Iron Sheets for PRJ-2023-005,82,Sets,48700.0,3993400.0,TZS,2025-05-23,2025-06-10,,,,,,,,3,False,,
PRC-2025-0525,GRT-2022-003,PRJ-2023-003,BDL-0049,VND-0144,LOC-KIL-003,FP-2025-06,STS-009,Tender,Medical Gloves Box for PRJ-2023-003,148,Pieces,45400.0,6719200.0,TZS,2025-06-11,2025-07-23,2025-07-25,GRN-2025-0525,INV-VND-2025-0525,2025-07-28,2025-08-27,2025-09-05,EXP-63729,3,False,PC-2025-063,
PRC-2025-0526,GRT-2024-002,PRJ-2024-004,BDL-0172,VND-0136,LOC-MAN-004,FP-2025-08,STS-007,Quotation,Manila Files Box for PRJ-2024-004,65,Sets,13600.0,884000.0,TZS,2025-08-01,2025-09-05,2025-09-09,GRN-2025-0526,,,,,,4,False,PC-2025-147,
PRC-2025-0527,GRT-2024-002,PRJ-2024-003,BDL-0161,VND-0097,LOC-ARU-003,FP-2025-03,STS-010,Tender,Toyota Hilux Double Cab for PRJ-2024-003,1,Sets,35855500.0,35855500.0,TZS,2025-03-29,2025-04-07,2025-04-18,GRN-2025-0527,INV-VND-2025-0527,2025-04-23,2025-05-23,2025-05-17,EXP-26387,3,False,PC-2025-111,
PRC-2025-0528,GRT-2024-004,PRJ-2024-006,BDL-0216,VND-0125,LOC-MAN-002,FP-2025-08,STS-009,Quotation,Oral Rehydration Salts for PRJ-2024-006,79,Litres,39100.0,3088900.0,TZS,2025-08-12,2025-09-11,2025-09-17,GRN-2025-0528,INV-VND-2025-0528,2025-09-19,2025-10-19,2025-10-11,EXP-95490,5,False,,
PRC-2025-0529,GRT-2023-005,PRJ-2023-010,BDL-0141,VND-0087,LOC-KIL-001,FP-2025-04,STS-009,Quotation,Paracetamol Tablets for PRJ-2023-010,270,Kg,26400.0,7128000.0,TZS,2025-04-26,2025-05-12,2025-05-22,GRN-2025-0529,INV-VND-2025-0529,2025-05-24,2025-06-23,21/06/2025,EXP-73790,6,False,PC-2025-148,
PRC-2025-0530,GRT-2022-003,PRJ-2023-003,BDL-0052,VND-0114,LOC-KIL-003,FP-2025-04,STS-009,Tender,Toyota Land Cruiser 4x4 for PRJ-2023-003,1,Litres,41242800.0,41242800.0,TZS,2025-04-14,2025-05-09,2025-05-15,GRN-2025-0530,INV-VND-2025-0530,2025-05-20,2025-06-19,2025-06-17,EXP-31398,7,False,PC-2025-115,
PRC-2025-0531,GRT-2022-004,PRJ-2023-005,BDL-0133,VND-0095,LOC-KIL-001,FP-2025-07,STS-010,Quotation,Toyota Hilux Double Cab for PRJ-2023-005,1,Units,32615000.0,32615000.0,TZS,2025-07-19,2025-08-23,2025-09-07,GRN-2025-0531,INV-VND-2025-0531,2025-09-11,2025-10-11,2025-10-04,EXP-98049,7,False,PC-2025-177,
PRC-2025-0532,GRT-2021-001,PRJ-2023-007,BDL-0200,VND-0100,LOC-ARU-001,FP-2025-08,STS-001,Direct Purchase,Computer Accessories Set for PRJ-2023-007,1,Litres,384900.0,384900.0,TZS,2025-08-16,2025-09-02,,,,,,,,1,False,,
PRC-2025-0533,GRT-2024-001,PRJ-2024-002,BDL-0088,VND-0005,LOC-KIL-004,FP-2025-09,STS-010,Quotation,Medical Gloves Box for PRJ-2024-002,89,Sets,51700.0,4601300.0,TZS,2025-09-06,18-Sep-2025,2025-09-25,GRN-2025-0533,INV-VND-2025-0533,2025-09-27,2025-10-27,2025-10-18,EXP-11399,4,False,,
PRC-2025-0534,GRT-2023-005,PRJ-2023-010,BDL-0145,VND-0088,LOC-KIL-001,FP-2025-09,STS-003,Tender,Toyota Hilux Double Cab for PRJ-2023-010,1,Units,33219100.0,33219100.0,TZS,02/09/2025,2025-09-14,,,,,,,,5,False,PC-2025-069,
PRC-2025-0535,GRT-2022-003,PRJ-2023-003,BDL-0046,VND-0051,LOC-KIL-003,FP-2025-09,STS-009,Quotation,Dell Laptop Computer for PRJ-2023-003,1,Boxes,1626100.0,1626100.0,TZS,07-Sep-2025,2025-10-05,2025-10-05,GRN-2025-0535,INV-VND-2025-0535,2025-10-06,2025-11-05,2025-11-02,EXP-20637,4,False,,
PRC-2025-0536,GRT-2023-001,PRJ-2023-011,BDL-0020,VND-0021,LOC-MAN-001,FP-2025-04,STS-006,Quotation,Improved Maize Seed 5kg for PRJ-2023-011,581,Boxes,18500.0,10748500.0,TZS,2025-04-21,2025-05-05,,,,,,,,4,False,PC-2025-051,
PRC-2025-0537,GRT-2024-001,PRJ-2024-007,BDL-0092,VND-0045,LOC-ARU-002,FP-2025-05,STS-001,Quotation,Timber Planks for PRJ-2024-007,82,Kg,14400.0,1180800.0,TZS,2025-05-23,2025-06-17,,,,,,,,4,False,,
PRC-2025-0538,GRT-2023-005,PRJ-2023-010,BDL-0140,VND-0138,LOC-KIL-001,FP-2025-02,STS-010,Quotation,Flipchart Paper Pad for PRJ-2023-010,39,Kg,19200.0,748800.0,TZS,2025-02-17,2025-04-01,2025-04-06,GRN-2025-0538,INV-VND-2025-0538,2025-04-09,2025-05-09,2025-05-02,EXP-58554,4,False,PC-2025-151,
PRC-2025-0539,GRT-2024-002,PRJ-2024-004,BDL-0168,VND-0048,LOC-MAN-004,FP-2025-04,STS-008,Quotation,Toyota Land Cruiser 4x4 for PRJ-2024-004,1,Units,44837600.0,44837600.0,TZS,2025-04-01,2025-05-03,2025-05-11,GRN-2025-0539,,2025-05-18,,,,4,False,PC-2025-082,
PRC-2025-0540,GRT-2024-002,PRJ-2024-004,BDL-0159,VND-0081,LOC-MAN-004,FP-2025-09,STS-010,Quotation,Bean Seeds 2kg for PRJ-2024-004,235,Boxes,12600.0,2961000.0,TZS,2025-09-21,2025-10-01,10-09-2025,GRN-2025-0540,INV-VND-2025-0540,2025-10-10,2025-11-09,2025-11-02,EXP-89667,4,False,PC-2025-111,
PRC-2025-0541,GRT-2023-003,PRJ-2023-013,BDL-0064,VND-0087,LOC-ARU-001,FP-2025-02,STS-010,Quotation,Timber Planks for PRJ-2023-013,101,Pieces,14900.0,1504900.0,TZS,2025-02-16,2025-02-24,2025-03-07,GRN-2025-0541,INV-VND-2025-0541,2025-03-09,2025-04-08,2025-04-03,EXP-40597,5,False,,
PRC-2025-0542,GRT-2024-001,PRJ-2024-007,BDL-0090,VND-0089,LOC-ARU-002,FP-2025-03,STS-007,Quotation,Printer Canon for PRJ-2024-007,1,Kg,817900.0,817900.0,TZS,2025-03-04,2025-04-04,2025-04-05,GRN-2025-0542,,,,,,5,False,PC-2025-121,
PRC-2025-0543,GRT-2023-004,PRJ-2023-009,BDL-0104,VND-0076,LOC-MAN-003,FP-2025-09,STS-007,Direct Purchase,Markers Set for PRJ-2023-009,25,Litres,10800.0,270000.0,TZS,2025-09-19,2025-10-31,2025-11-01,GRN-2025-0543,,,,,,1,False,,
PRC-2025-0544,GRT-2023-003,PRJ-2023-013,BDL-0080,VND-0101,LOC-ARU-001,FP-2025-01,STS-010,Quotation,Pens and Pencils Box for PRJ-2023-013,64,Kg,12300.0,787200.0,TZS,2025-01-20,2025-02-15,2025-02-20,GRN-2025-0544,INV-VND-2025-0544,2025-02-23,2025-03-25,2025-04-25,EXP-20316,3,False,PC-2025-097,
PRC-2025-0545,GRT-2021-001,PRJ-2023-007,BDL-0209,VND-0089,LOC-ARU-001,FP-2025-07,STS-009,Quotation,Motorcycle Honda for PRJ-2023-007,1,Units,5125600.0,5125600.0,TZS,2025-07-22,2025-08-07,2025-08-14,GRN-2025-0545,INV-VND-2025-0545,2025-08-18,17-Sep-2025,2025-09-07,EXP-66919,3,False,PC-2025-084,
PRC-2025-0546,GRT-2022-004,PRJ-2023-005,BDL-0134,VND-0113,LOC-KIL-001,FP-2025-07,STS-007,Quotation,Toyota Land Cruiser 4x4 for PRJ-2023-005,1,Units,42338000.0,42338000.0,TZS,2025-07-16,2025-08-13,2025-08-12,GRN-2025-0546,,,,,,3,False,PC-2025-194,
PRC-2025-0547,GRT-2022-004,PRJ-2023-005,BDL-0136,VND-0007,LOC-KIL-001,FP-2025-05,STS-006,Direct Purchase,Markers Set for PRJ-2023-005,20,Units,13500.0,270000.0,TZS,2025-05-17,2025-05-27,,,,,,,,1,False,,
PRC-2025-0548,GRT-2022-004,PRJ-2023-005,BDL-0123,VND-0136,LOC-KIL-001,FP-2025-08,STS-009,Quotation,Fruit Tree Seedlings for PRJ-2023-005,3267,Litres,1300.0,4247100.0,TZS,2025-08-15,2025-09-26,2025-09-25,GRN-2025-0548,,2025-09-30,2025-10-30,2025-11-18,EXP-86380,3,False,PC-2025-131,
PRC-2025-0549,GRT-2024-001,PRJ-2024-001,BDL-0091,VND-0080,LOC-MAN-001,FP-2025-05,STS-007,Tender,Office Chair for PRJ-2024-001,17,Kg,304800.0,5181600.0,TZS,2025-05-28,2025-06-29,2025-06-29,GRN-2025-0549,,,,,,5,False,PC-2025-051,
PRC-2025-0550,GRT-2023-001,PRJ-2023-002,BDL-0013,VND-0142,LOC-KIL-002,FP-2025-06,STS-010,Quotation,Blood Pressure Monitors for PRJ-2023-002,8,Pieces,346900.0,2775200.0,TZS,2025-06-19,2025-07-19,2025-07-30,GRN-2025-0550,INV-VND-2025-0550,2025-08-05,2025-09-04,2025-08-31,EXP-38417,4,False,PC-2025-177,
PRC-2025-0551,GRT-2023-003,PRJ-2023-006,BDL-0076,VND-0044,LOC-KIL-001,FP-2025-01,STS-010,Quotation,UPS Battery for PRJ-2023-006,3,Sets,480000.0,1440000.0,TZS,2025-01-30,2025-02-09,2025-02-06,GRN-2025-0551,INV-VND-2025-0551,2025-02-07,2025-03-09,,EXP-84463,3,False,PC-2025-020,
PRC-2025-0552,GRT-2023-002,PRJ-2023-004,BDL-0031,VND-0076,LOC-ARU-002,FP-2025-01,STS-010,Direct Purchase,Markers Set for PRJ-2023-004,20,Kg,12700.0,254000.0,TZS,2025-01-30,2025-03-08,2025-03-10,GRN-2025-0552,,2025-03-11,2025-04-10,04-03-2025,EXP-85992,1,False,,
PRC-2025-0553,GRT-2023-005,PRJ-2023-010,BDL-0141,VND-0076,LOC-KIL-001,FP-2025-05,STS-006,Quotation,Reams of A4 Paper for PRJ-2023-010,387,Units,5600.0,2167200.0,TZS,2025-05-31,2025-06-08,,,,,,,,5,False,PC-2025-073,
PRC-2025-0554,GRT-2024-001,PRJ-2024-007,BDL-0096,VND-0102,LOC-ARU-002,FP-2025-09,STS-007,Quotation,Markers Set for PRJ-2024-007,47,Boxes,13000.0,611000.0,TZS,2025-09-13,2025-10-24,2025-10-26,GRN-2025-0554,,,,,,4,False,,
PRC-2025-0555,GRT-2024-001,PRJ-2024-007,BDL-0095,VND-0038,LOC-ARU-002,FP-2025-08,STS-007,Quotation,Fruit Tree Seedlings for PRJ-2024-007,1442,Litres,1300.0,1874600.0,TZS,2025-08-24,2025-09-05,2025-09-10,GRN-2025-0555,,,,,,4,False,PC-2025-173,
PRC-2025-0556,GRT-2024-004,PRJ-2024-006,BDL-0214,VND-0046,LOC-MAN-002,FP-2025-03,STS-010,Quotation,Motorcycle Honda for PRJ-2024-006,1,Sets,4968300.0,4968300.0,TZS,2025-03-13,2025-04-21,2025-05-05,GRN-2025-0556,INV-VND-2025-0556,2025-05-06,2025-06-05,2025-06-01,EXP-82148,3,False,,
PRC-2025-0557,GRT-2024-002,PRJ-2024-004,BDL-0161,VND-0029,LOC-MAN-004,FP-2025-01,STS-005,Quotation,Office Desk for PRJ-2024-004,4,Pieces,689600.0,2758400.0,TZS,2025-01-15,2025-02-23,,,,,,,,3,False,PC-2025-178,
PRC-2025-0558,GRT-2021-001,PRJ-2023-007,BDL-0207,VND-0116,LOC-ARU-001,FP-2025-09,STS-003,Quotation,Reams of A4 Paper for PRJ-2023-007,109,Pieces,4700.0,512300.0,TZS,03-Sep-2025,2025-09-17,,,,,,,,3,False,PC-2025-199,
PRC-2025-0559,GRT-2024-001,PRJ-2024-001,BDL-0096,VND-0149,LOC-MAN-001,FP-2025-09,STS-006,Quotation,Projector Epson for PRJ-2024-001,1,Pieces,1373100.0,1373100.0,TZS,2025-09-14,2025-10-15,,,,,,,,4,False,,
PRC-2025-0560,GRT-2023-001,PRJ-2023-001,BDL-0013,VND-0104,LOC-KIL-001,FP-2025-03,STS-006,Direct Purchase,External Hard Drive for PRJ-2023-001,1,Units,166100.0,166100.0,TZS,2025-03-04,2025-04-09,,,,,,,,1,False,,
PRC-2025-0561,GRT-2024-003,PRJ-2024-005,BDL-0180,VND-0033,LOC-ARU-004,FP-2025-09,STS-009,Quotation,Pens and Pencils Box for PRJ-2024-005,69,Pieces,12800.0,883200.0,TZS,2025-09-09,2025-10-03,18-Oct-2025,GRN-2025-0561,INV-VND-2025-0561,2025-10-23,2025-11-22,2025-11-22,EXP-43187,3,False,PC-2025-130,
PRC-2025-0562,GRT-2021-001,PRJ-2023-007,BDL-0205,VND-0137,LOC-ARU-001,FP-2025-05,STS-007,Quotation,Toner Cartridge for PRJ-2023-007,33,Units,49600.0,1636800.0,TZS,2025-05-09,2025-06-06,2025-06-21,GRN-2025-0562,,,,,,3,False,,
PRC-2025-0563,GRT-2023-003,PRJ-2023-013,BDL-0079,VND-0018,LOC-ARU-001,FP-2025-02,STS-008,Tender,Training Handouts Printing for PRJ-2023-013,338,Pieces,35300.0,11931400.0,TZS,2025-02-01,2025-02-25,2025-03-07,GRN-2025-0563,INV-VND-2025-0563,2025-03-11,,,,7,False,PC-2025-028,
PRC-2025-0564,GRT-2022-004,PRJ-2023-005,BDL-0122,VND-0037,LOC-KIL-001,FP-2025-04,STS-009,Quotation,HP Desktop Computer for PRJ-2023-005,1,Litres,1416100.0,1416100.0,TZS,2025-04-19,2025-06-02,2025-06-12,GRN-2025-0564,INV-VND-2025-0564,2025-06-13,2025-07-13,11/07/2025,EXP-49366,5,False,PC-2025-096,
PRC-2025-0565,GRT-2023-004,PRJ-2023-008,BDL-0115,VND-0143,LOC-MAN-002,FP-2025-02,STS-009,Quotation,Participant Bags for PRJ-2023-008,121,Kg,23100.0,2795100.0,TZS,2025-02-20,2025-03-08,2025-03-09,GRN-2025-0565,INV-VND-2025-0565,2025-03-11,2025-04-10,,EXP-72611,4,False,PC-2025-142,
PRC-2025-0566,GRT-2023-005,PRJ-2023-010,BDL-0139,VND-0067,LOC-KIL-001,FP-2025-03,STS-010,Quotation,Pens and Pencils Box for PRJ-2023-010,75,Sets,13600.0,1020000.0,TZS,2025-03-21,2025-04-27,2025-05-10,GRN-2025-0566,INV-VND-2025-0566,2025-05-16,2025-06-15,2025-06-05,EXP-30615,4,False,PC-2025-116,
PRC-2025-0567,GRT-2023-001,PRJ-2023-002,BDL-0012,VND-0038,LOC-KIL-002,FP-2025-06,STS-009,Tender,Vegetable Seed Pack for PRJ-2023-002,590,Pieces,9700.0,5723000.0,TZS,2025-06-21,2025-07-28,2025-08-10,GRN-2025-0567,INV-VND-2025-0567,2025-08-17,2025-09-16,2025-09-07,EXP-83424,5,False,PC-2025-138,
PRC-2025-0568,GRT-2023-003,PRJ-2023-013,BDL-0077,VND-0082,LOC-ARU-001,FP-2025-08,STS-009,Tender,Eucalyptus Seedlings for PRJ-2023-013,6745,Litres,800.0,5396000.0,TZS,2025-08-13,2025-09-06,2025-09-11,GRN-2025-0568,INV-VND-2025-0568,2025-09-17,2025-10-17,2025-10-08,EXP-28255,4,False,PC-2025-086,
PRC-2025-0569,GRT-2023-004,PRJ-2023-008,BDL-0106,VND-0018,LOC-MAN-002,FP-2025-03,STS-009,Tender,Training Handouts Printing for PRJ-2023-008,173,Sets,35700.0,6176100.0,TZS,2025-03-30,2025-04-22,2025-04-21,GRN-2025-0569,INV-VND-2025-0569,2025-04-25,2025-05-25,2025-05-19,EXP-10428,7,False,PC-2025-118,
PRC-2025-0570,GRT-2023-005,PRJ-2023-010,BDL-0149,VND-0014,LOC-KIL-001,FP-2025-03,STS-004,Direct Purchase,External Hard Drive for PRJ-2023-010,2,Litres,176100.0,352200.0,TZS,2025-03-18,2025-04-17,,,,,,,,1,False,,
PRC-2025-0571,GRT-2023-005,PRJ-2023-010,BDL-0142,VND-0097,LOC-KIL-001,FP-2025-05,STS-008,Quotation,Projector Epson for PRJ-2023-010,1,Pieces,1181300.0,1181300.0,TZS,2025-05-13,2025-06-03,2025-06-18,GRN-2025-0571,INV-VND-2025-0571,2025-06-23,,,,5,False,,
PRC-2025-0572,GRT-2023-002,PRJ-2023-012,BDL-0041,VND-0067,LOC-ARU-001,FP-2025-08,STS-006,Direct Purchase,Computer Accessories Set for PRJ-2023-012,1,Boxes,325900.0,325900.0,TZS,2025-08-11,2025-09-01,,,,,,,,1,False,,
PRC-2025-0573,GRT-2024-001,PRJ-2024-001,BDL-0096,VND-0119,LOC-MAN-001,FP-2025-07,STS-009,Quotation,Blood Pressure Monitors for PRJ-2024-001,3,Sets,294600.0,883800.0,TZS,2025-07-30,2025-08-30,2025-08-27,GRN-2025-0573,INV-VND-2025-0573,2025-08-30,2025-09-29,,EXP-74424,5,False,PC-2025-114,
PRC-2025-0574,GRT-2024-002,PRJ-2024-004,BDL-0159,VND-0017,LOC-MAN-004,FP-2025-09,STS-008,Quotation,Medical Gloves Box for PRJ-2024-004,102,Pieces,43600.0,4447200.0,TZS,2025-09-12,2025-09-20,10-05-2025,GRN-2025-0574,INV-VND-2025-0574,2025-10-11,,,,5,False,PC-2025-075,
PRC-2025-0575,GRT-2022-003,PRJ-2023-003,BDL-0055,VND-0147,LOC-KIL-003,FP-2025-10,STS-006,Tender,Medical Gloves Box for PRJ-2023-003,104,Pieces,51700.0,5376800.0,TZS,2025-10-06,2025-11-20,,,,,,,,4,False,PC-2025-044,
PRC-2025-0576,GRT-2023-003,PRJ-2023-006,BDL-0063,VND-0063,LOC-KIL-001,FP-2025-08,STS-007,Tender,Cement Bags for PRJ-2023-006,175,Units,28900.0,5057500.0,TZS,2025-08-26,2025-09-19,2025-09-21,GRN-2025-0576,,,,,,6,False,PC-2025-039,
PRC-2025-0577,GRT-2023-003,PRJ-2023-006,BDL-0070,VND-0049,LOC-KIL-001,FP-2025-03,STS-003,Quotation,Office Chair for PRJ-2023-006,8,Pieces,308500.0,2468000.0,TZS,2025-03-07,2025-03-31,,,,,,,,3,False,PC-2025-155,
PRC-2025-0578,GRT-2023-003,PRJ-2023-006,BDL-0068,VND-0036,LOC-KIL-001,FP-2025-09,STS-005,Quotation,Toyota Hilux Double Cab for PRJ-2023-006,1,Pieces,28965700.0,28965700.0,TZS,2025-09-12,2025-09-28,,,,,,,,6,False,PC-2025-035,
PRC-2025-0579,GRT-2023-002,PRJ-2023-004,BDL-0029,VND-0097,LOC-ARU-002,FP-2025-08,STS-009,Quotation,Projector Epson for PRJ-2023-004,1,Sets,1193200.0,1193200.0,TZS,2025-08-05,2025-09-16,2025-09-30,GRN-2025-0579,INV-VND-2025-0579,2025-10-05,2025-11-04,2025-10-25,EXP-78112,3,False,PC-2025-074,
PRC-2025-0580,GRT-2021-001,PRJ-2023-007,BDL-0192,VND-0005,LOC-ARU-001,FP-2025-09,STS-001,Tender,Improved Maize Seed 5kg for PRJ-2023-007,703,Sets,18100.0,12724300.0,TZS,2025-09-21,2025-10-10,,,,,,,,5,False,PC-2025-096,
PRC-2025-0581,GRT-2022-004,PRJ-2023-005,BDL-0128,VND-0014,LOC-KIL-001,FP-2025-09,STS-008,Tender,Toyota Land Cruiser 4x4 for PRJ-2023-005,1,Units,50666200.0,50666200.0,TZS,2025-09-10,2025-10-10,2025-10-13,GRN-2025-0581,INV-VND-2025-0581,2025-10-17,,,,6,False,PC-2025-125,
PRC-2025-0582,GRT-2023-005,PRJ-2023-010,BDL-0140,VND-0003,LOC-KIL-001,FP-2025-06,STS-007,Tender,Indigenous Tree Seedlings for PRJ-2023-010,10619,Pieces,500.0,5309500.0,TZS,2025-06-22,2025-07-31,2025-08-02,GRN-2025-0582,,,,,,3,False,PC-2025-091,
PRC-2025-0583,GRT-2024-002,PRJ-2024-003,BDL-0154,VND-0141,LOC-ARU-003,FP-2025-03,STS-010,Tender,Indigenous Tree Seedlings for PRJ-2024-003,9523,Sets,600.0,5713800.0,TZS,2025-03-19,2025-04-23,2025-05-05,GRN-2025-0583,INV-VND-2025-0583,2025-05-10,2025-06-09,2025-07-19,EXP-84232,5,False,PC-2025-014,
PRC-2025-0584,GRT-2021-001,PRJ-2023-007,BDL-0192,VND-0017,LOC-ARU-001,FP-2025-08,STS-009,Quotation,Vegetable Seed Pack for PRJ-2023-007,332,Units,7700.0,2556400.0,TZS,2025-08-16,2025-09-01,2025-09-11,GRN-2025-0584,INV-VND-2025-0584,2025-09-14,2025-10-14,2025-10-11,EXP-10074,3,False,,
PRC-2025-0585,GRT-2024-001,PRJ-2024-002,BDL-0094,VND-0142,LOC-KIL-004,FP-2025-10,STS-009,Quotation,UPS Battery for PRJ-2024-002,2,Units,441700.0,883400.0,TZS,2025-10-08,2025-11-01,2025-11-05,GRN-2025-0585,INV-VND-2025-0585,2025-11-06,2025-12-06,2025-12-02,EXP-53011,3,False,PC-2025-171,
PRC-2025-0586,GRT-2023-004,PRJ-2023-008,BDL-0107,VND-0087,LOC-MAN-002,FP-2025-06,STS-009,Direct Purchase,Computer Accessories Set for PRJ-2023-008,1,Sets,350000.0,350000.0,TZS,2025-06-17,2025-06-29,2025-07-03,GRN-2025-0586,INV-VND-2025-0586,07-07-2025,2025-08-06,2025-07-27,EXP-18692,1,False,,
PRC-2025-0587,GRT-2023-001,PRJ-2023-011,BDL-0013,VND-0023,LOC-MAN-001,FP-2025-07,STS-007,Quotation,Office Chair for PRJ-2023-011,9,Sets,294700.0,2652300.0,TZS,2025-07-26,2025-08-07,2025-08-07,GRN-2025-0587,,,,,,3,False,,
PRC-2025-0588,GRT-2022-004,PRJ-2023-005,BDL-0120,VND-0023,LOC-KIL-001,FP-2025-07,STS-009,Tender,Toyota Land Cruiser 4x4 for PRJ-2023-005,1,Boxes,51566600.0,51566600.0,TZS,2025-07-16,2025-08-28,2025-08-27,GRN-2025-0588,INV-VND-2025-0588,2025-08-30,2025-09-29,2025-09-29,EXP-86397,6,False,PC-2025-174,
PRC-2025-0589,GRT-2024-004,PRJ-2024-006,BDL-0212,VND-0045,LOC-MAN-002,FP-2025-10,STS-009,Direct Purchase,External Hard Drive for PRJ-2024-006,2,Litres,173700.0,347400.0,TZS,2025-10-05,2025-10-18,2025-10-30,GRN-2025-0589,INV-VND-2025-0589,2025-11-05,2025-12-05,2025-11-29,EXP-54388,1,False,,
PRC-2025-0590,GRT-2024-001,PRJ-2024-001,BDL-0093,VND-0042,LOC-MAN-001,FP-2025-09,STS-005,Quotation,Markers Set for PRJ-2024-001,46,Pieces,10900.0,501400.0,TZS,2025-09-01,2025-09-16,,,,,,,,3,False,PC-2025-151,
PRC-2025-0591,GRT-2023-005,PRJ-2023-010,BDL-0145,VND-0017,LOC-KIL-001,FP-2025-04,STS-005,Quotation,Timber Planks for PRJ-2023-010,190,Sets,14300.0,2717000.0,TZS,2025-04-23,2025-05-22,,,,,,,,4,False,,
PRC-2025-0592,GRT-2024-002,PRJ-2024-004,BDL-0164,VND-0114,LOC-MAN-004,FP-2025-04,STS-005,Tender,Indigenous Tree Seedlings for PRJ-2024-004,15600,Units,600.0,9360000.0,TZS,2025-04-09,2025-05-02,,,,,,,,7,False,PC-2025-180,
PRC-2025-0593,GRT-2023-003,PRJ-2023-013,BDL-0076,VND-0056,LOC-ARU-001,FP-2025-01,STS-008,Tender,Toyota Hilux Double Cab for PRJ-2023-013,1,Kg,28873800.0,28873800.0,TZS,2025-01-16,2025-01-29,2025-02-10,GRN-2025-0593,INV-VND-2025-0593,2025-02-15,,,,5,False,PC-2025-158,
PRC-2025-0594,GRT-2024-001,PRJ-2024-007,BDL-0089,VND-0114,LOC-ARU-002,FP-2025-06,STS-009,Quotation,Toner Cartridge for PRJ-2024-007,38,Boxes,47100.0,1789800.0,TZS,2025-06-09,2025-07-07,2025-07-04,GRN-2025-0594,INV-VND-2025-0594,2025-07-10,2025-08-09,2025-08-08,EXP-72195,4,False,PC-2025-138,
PRC-2025-0595,GRT-2023-004,PRJ-2023-008,BDL-0118,VND-0077,LOC-MAN-002,FP-2025-02,STS-001,Tender,Improved Maize Seed 5kg for PRJ-2023-008,648,Units,16400.0,10627200.0,TZS,2025-02-08,2025-02-19,,,,,,,,4,False,PC-2025-102,
PRC-2025-0596,GRT-2024-001,PRJ-2024-001,BDL-0084,VND-0068,LOC-MAN-001,FP-2025-07,STS-009,Quotation,Oral Rehydration Salts for PRJ-2024-001,149,Kg,34000.0,5066000.0,TZS,2025-07-02,2025-07-20,2025-08-03,GRN-2025-0596,INV-VND-2025-0596,2025-08-04,2025-09-03,2025-09-02,EXP-53093,4,False,PC-2025-100,
PRC-2025-0597,GRT-2023-003,PRJ-2023-006,BDL-0072,VND-0032,LOC-KIL-001,FP-2025-06,STS-003,Quotation,Improved Maize Seed 5kg for PRJ-2023-006,307,Litres,16900.0,5188300.0,TZS,2025-06-02,2025-06-20,,,,,,,,3,False,PC-2025-062,
PRC-2025-0598,GRT-2023-003,PRJ-2023-013,BDL-0069,VND-0148,LOC-ARU-001,FP-2025-05,STS-009,Direct Purchase,Computer Accessories Set for PRJ-2023-013,1,Pieces,385600.0,385600.0,TZS,2025-05-23,05-31-2025,2025-05-30,GRN-2025-0598,INV-VND-2025-0598,2025-06-01,2025-07-01,2025-07-16,EXP-78430,1,False,,
PRC-2025-0599,GRT-2023-003,PRJ-2023-006,BDL-0067,VND-0097,LOC-KIL-001,FP-2025-08,STS-009,Quotation,Flipchart Paper Pad for PRJ-2023-006,39,Sets,19600.0,764400.0,TZS,2025-08-01,2025-08-28,09-05-2025,GRN-2025-0599,,2025-09-06,2025-10-06,2025-10-23,EXP-10487,5,False,PC-2025-200,
PRC-2025-0600,GRT-2023-002,PRJ-2023-012,BDL-0025,VND-0086,LOC-ARU-001,FP-2025-06,STS-002,Quotation,Participant Bags for PRJ-2023-012,133,Units,25900.0,3444700.0,TZS,26/06/2025,2025-07-18,,,,,,,,4,False,PC-2025-031,
PRC-2025-0601,GRT-2022-004,PRJ-2023-005,BDL-0127,VND-0007,LOC-KIL-001,FP-2025-06,STS-007,Tender,Sunflower Seeds 1kg for PRJ-2023-005,354,Boxes,17200.0,6088800.0,TZS,2025-06-17,2025-07-20,2025-07-17,GRN-2025-0601,,,,,,3,False,PC-2025-128,
PRC-2025-0602,GRT-2024-002,PRJ-2024-003,BDL-0157,VND-0150,LOC-ARU-003,FP-2025-06,STS-006,Quotation,Fruit Tree Seedlings for PRJ-2024-003,3665,Litres,1100.0,4031500.0,TZS,2025-06-05,2025-07-01,,,,,,,,3,False,PC-2025-150,
PRC-2025-0603,GRT-2023-002,PRJ-2023-012,BDL-0031,VND-0002,LOC-ARU-001,FP-2025-02,STS-002,Quotation,Notebooks Pack for PRJ-2023-012,187,Pieces,8500.0,1589500.0,TZS,2025-02-19,2025-03-04,,,,,,,,5,False,,
PRC-2025-0604,GRT-2023-003,PRJ-2023-006,BDL-0079,VND-0112,LOC-KIL-001,FP-2025-03,STS-009,Direct Purchase,Computer Accessories Set for PRJ-2023-006,1,Kg,371700.0,371700.0,TZS,2025-03-09,2025-03-17,2025-03-29,GRN-2025-0604,,2025-04-04,2025-05-04,2025-06-10,EXP-41272,1,False,,
PRC-2025-0605,GRT-2021-001,PRJ-2023-007,BDL-0206,VND-0053,LOC-ARU-001,FP-2025-03,STS-009,Tender,Toyota Hilux Double Cab for PRJ-2023-007,1,Kg,32092300.0,32092300.0,TZS,2025-03-19,2025-04-21,2025-04-26,GRN-2025-0605,INV-VND-2025-0605,2025-04-30,2025-05-30,2025-06-11,EXP-63155,5,False,PC-2025-064,
PRC-2025-0606,GRT-2023-001,PRJ-2023-002,BDL-0003,VND-0057,LOC-KIL-002,FP-2025-03,STS-001,Quotation,Medical Gloves Box for PRJ-2023-002,193,Units,47000.0,9071000.0,TZS,2025-03-10,2025-04-07,,,,,,,,3,False,PC-2025-179,
PRC-2025-0607,GRT-2023-005,PRJ-2023-010,BDL-0145,VND-0077,LOC-KIL-001,FP-2025-05,STS-007,Quotation,Vegetable Seed Pack for PRJ-2023-010,597,Boxes,9500.0,5671500.0,TZS,2025-05-19,2025-06-26,2025-07-08,GRN-2025-0607,,,,,,4,False,PC-2025-100,
PRC-2025-0608,GRT-2024-003,PRJ-2024-005,BDL-0183,VND-0096,LOC-ARU-004,FP-2025-01,STS-008,Direct Purchase,Computer Accessories Set for PRJ-2024-005,1,Pieces,339400.0,339400.0,TZS,2025-01-22,2025-02-28,2025-03-13,GRN-2025-0608,INV-VND-2025-0608,2025-03-17,,,,1,False,,
PRC-2025-0609,GRT-2024-003,PRJ-2024-005,BDL-0178,VND-0072,LOC-ARU-004,FP-2025-07,STS-004,Quotation,Participant Bags for PRJ-2024-005,82,Pieces,28400.0,2328800.0,TZS,2025-07-23,2025-09-01,,,,,,,,5,False,PC-2025-165,
PRC-2025-0610,GRT-2024-001,PRJ-2024-007,BDL-0086,VND-0115,LOC-ARU-002,FP-2025-01,STS-001,Quotation,Bean Seeds 2kg for PRJ-2024-007,490,Units,12800.0,-6272000.0,TZS,2025-01-25,2025-02-21,,,,,,,,6,False,PC-2025-136,
PRC-2025-0611,GRT-2023-005,PRJ-2023-010,BDL-0143,VND-0068,LOC-KIL-001,FP-2025-09,STS-004,Quotation,Printer Canon for PRJ-2023-010,1,Boxes,907300.0,907300.0,TZS,2025-09-13,2025-10-02,,,,,,,,5,False,PC-2025-145,
PRC-2025-0612,GRT-2023-005,PRJ-2023-010,BDL-0147,VND-0061,LOC-KIL-001,FP-2025-02,STS-008,Quotation,Dell Laptop Computer for PRJ-2023-010,1,Pieces,1681600.0,1681600.0,TZS,2025-02-21,06-Mar-2025,2025-03-20,GRN-2025-0612,INV-VND-2025-0612,2025-03-22,,,,4,False,,
PRC-2025-0613,GRT-2024-003,PRJ-2024-005,BDL-0180,VND-0060,LOC-ARU-004,FP-2025-05,STS-010,Quotation,Oral Rehydration Salts for PRJ-2024-005,67,Litres,38500.0,2579500.0,TZS,2025-05-18,2025-05-27,2025-06-08,GRN-2025-0613,INV-VND-2025-0613,2025-06-13,2025-07-13,2025-07-13,EXP-74166,5,False,PC-2025-138,
PRC-2025-0614,GRT-2024-003,PRJ-2024-005,BDL-0179,VND-0037,LOC-ARU-004,FP-2025-04,STS-009,Quotation,Dell Laptop Computer for PRJ-2024-005,1,Pieces,1706600.0,1706600.0,TZS,2025-04-25,2025-05-15,2025-05-18,GRN-2025-0614,INV-VND-2025-0614,2025-05-22,2025-06-21,,EXP-39573,3,False,PC-2025-060,
PRC-2025-0615,GRT-2023-003,PRJ-2023-006,BDL-0076,VND-0145,LOC-KIL-001,FP-2025-05,STS-009,Tender,Toyota Hilux Double Cab for PRJ-2023-006,1,Litres,30200800.0,30200800.0,TZS,2025-05-03,2025-05-14,2025-05-15,GRN-2025-0615,INV-VND-2025-0615,2025-05-19,2025-06-18,2025-06-16,EXP-44883,3,False,PC-2025-022,
PRC-2025-0616,GRT-2023-002,PRJ-2023-012,BDL-0040,VND-0111,LOC-ARU-001,FP-2025-01,STS-006,Quotation,Office Chair for PRJ-2023-012,14,Units,307600.0,4306400.0,TZS,2025-01-25,2025-02-13,,,,,,,,4,False,,
PRC-2025-0617,GRT-2022-004,PRJ-2023-005,BDL-0120,VND-0067,LOC-KIL-001,FP-2025-05,STS-005,Quotation,Cement Bags for PRJ-2023-005,268,Units,28000.0,7504000.0,TZS,2025-05-13,2025-05-28,,,,,,,,3,False,PC-2025-133,
PRC-2025-0618,GRT-2024-001,PRJ-2024-002,BDL-0099,VND-0022,LOC-KIL-004,FP-2025-03,STS-010,Quotation,Sunflower Seeds 1kg for PRJ-2024-002,264,Pieces,16600.0,4382400.0,TZS,2025-03-27,2025-04-17,2025-04-16,GRN-2025-0618,INV-VND-2025-0618,21/04/2025,2025-05-21,2025-05-15,EXP-93080,3,False,PC-2025-110,
PRC-2025-0619,GRT-2023-001,PRJ-2023-001,BDL-0003,VND-0141,LOC-KIL-001,FP-2025-07,STS-009,Quotation,Projector Epson for PRJ-2023-001,1,Units,1137100.0,1137100.0,TZS,2025-07-24,2025-08-03,2025-07-31,GRN-2025-0619,INV-VND-2025-0619,2025-08-03,2025-09-02,2025-08-23,EXP-25093,3,False,PC-2025-113,
PRC-2025-0620,GRT-2022-003,PRJ-2023-003,BDL-0046,VND-0073,LOC-KIL-003,FP-2025-02,STS-002,Tender,Cement Bags for PRJ-2023-003,194,Units,28500.0,5529000.0,TZS,2025-02-09,2025-02-16,,,,,,,,6,False,PC-2025-007,
PRC-2025-0621,GRT-2024-004,PRJ-2024-006,BDL-0214,VND-0047,LOC-MAN-002,FP-2025-02,STS-007,Quotation,Projector Epson for PRJ-2024-006,1,Kg,1124800.0,1124800.0,TZS,2025-02-09,03-11-2025,2025-03-17,GRN-2025-0621,,,,,,4,False,,
PRC-2025-0622,GRT-2023-005,PRJ-2023-010,BDL-0148,VND-0107,LOC-KIL-001,FP-2025-02,STS-003,Quotation,Training Handouts Printing for PRJ-2023-010,335,Litres,31600.0,10586000.0,TZS,2025-02-08,2025-02-22,,,,,,,,4,False,PC-2025-017,
PRC-2025-0623,GRT-2023-004,PRJ-2023-009,BDL-0105,VND-0082,LOC-MAN-003,FP-2025-10,STS-009,Direct Purchase,Markers Set for PRJ-2023-009,38,Kg,11900.0,452200.0,TZS,2025-10-12,2025-10-23,2025-11-01,GRN-2025-0623,INV-VND-2025-0623,2025-11-03,2025-12-03,2025-12-01,EXP-62439,1,False,,
PRC-2025-0624,GRT-2024-002,PRJ-2024-003,BDL-0170,VND-0081,LOC-ARU-003,FP-2025-02,STS-009,Direct Purchase,Computer Accessories Set for PRJ-2024-003,1,Boxes,337000.0,337000.0,TZS,2025-02-04,2025-03-07,2025-03-13,GRN-2025-0624,INV-VND-2025-0624,2025-03-19,2025-04-18,2025-04-13,EXP-58977,1,False,,
PRC-2025-0625,GRT-2023-001,PRJ-2023-001,BDL-0003,VND-0139,LOC-KIL-001,FP-2025-05,STS-004,Quotation,Vegetable Seed Pack for PRJ-2023-001,675,Kg,9500.0,6412500.0,TZS,2025-05-18,2025-06-29,,,,,,,,4,False,PC-2025-188,
PRC-2025-0626,GRT-2023-001,PRJ-2023-002,BDL-0011,VND-0087,LOC-KIL-002,FP-2025-10,STS-006,Quotation,Notebooks Pack for PRJ-2023-002,85,Boxes,9600.0,816000.0,TZS,2025-10-11,2025-11-03,,,,,,,,3,False,PC-2025-196,
PRC-2025-0627,GRT-2023-003,PRJ-2023-013,BDL-0075,VND-0111,LOC-ARU-001,FP-2025-05,STS-006,Quotation,Dell Laptop Computer for PRJ-2023-013,1,Units,1709400.0,1709400.0,TZS,05-05-2025,2025-05-20,,,,,,,,5,False,PC-2025-024,
PRC-2025-0628,GRT-2023-003,PRJ-2023-013,BDL-0077,VND-0029,LOC-ARU-001,FP-2025-01,STS-010,Quotation,Office Desk for PRJ-2023-013,5,Litres,666400.0,3332000.0,TZS,2025-01-19,2025-01-26,28-Jan-2025,GRN-2025-0628,INV-VND-2025-0628,2025-01-29,2025-02-28,2025-02-28,EXP-86820,4,False,PC-2025-200,
PRC-2025-0629,GRT-2024-001,PRJ-2024-001,BDL-0086,VND-0146,LOC-MAN-001,FP-2025-02,STS-003,Quotation,Printer Canon for PRJ-2024-001,1,Pieces,894600.0,894600.0,TZS,2025-02-20,2025-03-06,,,,,,,,4,False,PC-2025-035,
PRC-2025-0630,GRT-2023-001,PRJ-2023-011,BDL-0011,VND-0072,LOC-MAN-001,FP-2025-03,STS-009,Quotation,Toyota Hilux Double Cab for PRJ-2023-011,1,Pieces,35319600.0,35319600.0,TZS,2025-03-31,2025-04-11,2025-04-15,GRN-2025-0630,INV-VND-2025-0630,2025-04-18,2025-05-18,,EXP-22088,4,False,PC-2025-156,
PRC-2025-0631,GRT-2024-001,PRJ-2024-002,BDL-0090,VND-0099,LOC-KIL-004,FP-2025-08,STS-009,Quotation,Conference Table for PRJ-2024-002,1,Units,1303100.0,1303100.0,TZS,2025-08-21,2025-08-29,2025-08-27,GRN-2025-0631,INV-VND-2025-0631,2025-09-03,2025-10-03,2025-09-25,EXP-36631,5,False,,
PRC-2025-0632,GRT-2021-001,PRJ-2023-007,BDL-0198,VND-0032,LOC-ARU-001,FP-2025-08,STS-010,Quotation,Toner Cartridge for PRJ-2023-007,25,Sets,42600.0,1065000.0,TZS,20-Aug-2025,2025-10-01,2025-10-02,GRN-2025-0632,INV-VND-2025-0632,2025-10-07,2025-11-06,2025-11-02,EXP-15287,5,False,PC-2025-028,
PRC-2025-0633,GRT-2024-004,PRJ-2024-006,BDL-0214,VND-0017,LOC-MAN-002,FP-2025-01,STS-008,Quotation,Blood Pressure Monitors for PRJ-2024-006,7,Units,337200.0,2360400.0,TZS,2025-01-24,2025-03-10,2025-03-08,GRN-2025-0633,INV-VND-2025-0633,2025-03-13,,,,3,False,,
PRC-2025-0634,GRT-2024-002,PRJ-2024-004,BDL-0173,VND-0070,LOC-MAN-004,FP-2025-09,STS-009,Quotation,Conference Table for PRJ-2024-004,1,Litres,1277000.0,1277000.0,TZS,2025-09-05,2025-09-17,2025-09-30,GRN-2025-0634,INV-VND-2025-0634,2025-10-05,2025-11-04,2025-10-26,EXP-60344,5,False,PC-2025-165,
PRC-2025-0635,GRT-2023-002,PRJ-2023-004,BDL-0027,VND-0123,LOC-ARU-002,FP-2025-09,STS-009,Quotation,Toyota Hilux Double Cab for PRJ-2023-004,1,Kg,33278800.0,33278800.0,TZS,2025-09-14,2025-09-30,2025-10-09,GRN-2025-0635,INV-VND-2025-0635,2025-10-13,2025-11-12,2025-11-12,EXP-94139,6,False,PC-2025-160,
PRC-2025-0636,GRT-2024-004,PRJ-2024-006,BDL-0214,VND-0098,LOC-MAN-002,FP-2025-08,STS-009,Quotation,Notebooks Pack for PRJ-2024-006,194,Units,9500.0,1843000.0,TZS,2025-08-25,2025-09-22,2025-09-19,GRN-2025-0636,INV-VND-2025-0636,2025-09-26,2025-10-26,2025-10-20,EXP-87399,3,False,PC-2025-037,
PRC-2025-0637,GRT-2023-001,PRJ-2023-001,BDL-0018,VND-0086,LOC-KIL-001,FP-2025-03,STS-010,Quotation,HP Desktop Computer for PRJ-2023-001,1,Units,1542500.0,1542500.0,TZS,2025-03-17,2025-04-09,2025-04-12,GRN-2025-0637,INV-VND-2025-0637,2025-04-16,16-May-2025,2025-05-13,EXP-87019,4,False,,
PRC-2025-0638,GRT-2024-002,PRJ-2024-004,BDL-0166,VND-0078,LOC-MAN-004,FP-2025-07,STS-009,Direct Purchase,External Hard Drive for PRJ-2024-004,2,Kg,165400.0,330800.0,TZS,2025-07-05,2025-07-13,2025-07-11,GRN-2025-0638,INV-VND-2025-0638,2025-07-15,2025-08-14,2025-08-05,EXP-94972,1,False,,
PRC-2025-0639,GRT-2024-003,PRJ-2024-005,BDL-0187,VND-0036,LOC-ARU-004,FP-2025-08,STS-009,Tender,Eucalyptus Seedlings for PRJ-2024-005,7281,Units,800.0,5824800.0,TZS,2025-08-03,2025-08-20,2025-08-18,GRN-2025-0639,INV-VND-2025-0639,2025-08-22,2025-09-21,,EXP-63955,6,False,PC-2025-114,
PRC-2025-0640,GRT-2023-003,PRJ-2023-006,BDL-0079,VND-0024,LOC-KIL-001,FP-2025-09,STS-006,Tender,Improved Maize Seed 5kg for PRJ-2023-006,547,Kg,18600.0,10174200.0,TZS,2025-09-04,2025-09-25,,,,,,,,3,False,PC-2025-050,
PRC-2025-0641,GRT-2024-002,PRJ-2024-004,BDL-0157,VND-0066,LOC-MAN-004,FP-2025-04,STS-010,Direct Purchase,External Hard Drive for PRJ-2024-004,1,Sets,200200.0,200200.0,TZS,2025-04-09,2025-04-22,2025-04-21,GRN-2025-0641,INV-VND-2025-0641,2025-04-22,2025-05-22,,EXP-65299,1,False,,
PRC-2025-0642,GRT-2023-002,PRJ-2023-012,BDL-0031,VND-0066,LOC-ARU-001,FP-2025-06,STS-010,Quotation,Projector Epson for PRJ-2023-012,1,Sets,1130600.0,1130600.0,TZS,2025-06-14,2025-07-23,2025-07-21,GRN-2025-0642,INV-VND-2025-0642,2025-07-22,2025-08-21,2025-08-17,EXP-16933,5,False,,
PRC-2025-0643,GRT-2023-003,PRJ-2023-006,BDL-0066,VND-0144,LOC-KIL-001,FP-2025-04,STS-004,Quotation,Motorcycle Honda for PRJ-2023-006,1,Pieces,4603000.0,4603000.0,TZS,2025-04-24,2025-05-17,,,,,,,,5,False,PC-2025-138,
PRC-2025-0644,GRT-2023-003,PRJ-2023-013,BDL-0075,VND-0117,LOC-ARU-001,FP-2025-08,STS-010,Quotation,Oral Rehydration Salts for PRJ-2023-013,86,Sets,32500.0,2795000.0,TZS,2025-08-12,2025-08-20,2025-08-27,GRN-2025-0644,INV-VND-2025-0644,2025-09-03,2025-10-03,2025-10-03,EXP-74595,5,False,PC-2025-046,
PRC-2025-0645,GRT-2022-004,PRJ-2023-005,BDL-0119,VND-0100,LOC-KIL-001,FP-2025-04,STS-007,Quotation,Office Chair for PRJ-2023-005,6,Units,310800.0,1864800.0,TZS,2025-04-06,2025-04-18,2025-04-27,GRN-2025-0645,,,,,,3,False,PC-2025-058,
PRC-2025-0646,GRT-2022-003,PRJ-2023-003,BDL-0058,VND-0066,LOC-KIL-003,FP-2025-10,STS-002,Quotation,Printer Canon for PRJ-2023-003,1,Litres,849600.0,849600.0,TZS,2025-10-15,2025-11-08,,,,,,,,4,False,PC-2025-194,
PRC-2025-0647,GRT-2022-004,PRJ-2023-005,BDL-0120,VND-0083,LOC-KIL-001,FP-2025-06,STS-006,Quotation,Printer Canon for PRJ-2023-005,1,Litres,880200.0,880200.0,TZS,2025-06-13,2025-06-28,,,,,,,,5,False,PC-2025-154,
PRC-2025-0648,GRT-2022-003,PRJ-2023-003,BDL-0051,VND-0110,LOC-KIL-003,FP-2025-04,STS-004,Quotation,Paint 20L for PRJ-2023-003,38,Kg,92500.0,3515000.0,TZS,2025-04-16,2025-05-08,,,,,,,,3,False,PC-2025-178,
PRC-2025-0649,GRT-2024-003,PRJ-2024-005,BDL-0182,VND-0144,LOC-ARU-004,FP-2025-04,STS-009,Quotation,Projector Epson for PRJ-2024-005,1,Kg,1279100.0,1279100.0,TZS,2025-04-01,2025-05-14,2025-05-24,GRN-2025-0649,INV-VND-2025-0649,30-May-2025,2025-06-29,2025-06-27,EXP-51958,4,False,PC-2025-127,
PRC-2025-0650,GRT-2023-001,PRJ-2023-002,BDL-0009,VND-0078,LOC-KIL-002,FP-2025-03,STS-002,Quotation,Fruit Tree Seedlings for PRJ-2023-002,2142,Pieces,1300.0,2784600.0,TZS,2025-03-19,2025-04-05,,,,,,,,5,False,PC-2025-117,
PRC-2025-0651,GRT-2024-004,PRJ-2024-006,BDL-0222,VND-0075,LOC-MAN-002,FP-2025-03,STS-006,Quotation,Office Chair for PRJ-2024-006,7,Boxes,309900.0,2169300.0,TZS,2025-03-24,2025-05-04,,,,,,,,5,False,,
PRC-2025-0652,GRT-2024-001,PRJ-2024-007,BDL-0086,VND-0061,LOC-ARU-002,FP-2025-09,STS-009,Tender,Toyota Hilux Double Cab for PRJ-2024-007,1,Units,34244200.0,34244200.0,TZS,2025-09-19,2025-10-07,2025-10-14,GRN-2025-0652,INV-VND-2025-0652,2025-10-19,2025-11-18,2025-11-09,EXP-39052,4,False,PC-2025-137,
PRC-2025-0653,GRT-2023-001,PRJ-2023-011,BDL-0017,VND-0021,LOC-MAN-001,FP-2025-05,STS-010,Quotation,Timber Planks for PRJ-2023-011,52,Sets,14700.0,764400.0,TZS,2025-05-09,2025-05-16,2025-05-19,GRN-2025-0653,INV-VND-2025-0653,2025-05-24,2025-06-23,2025-07-30,EXP-85623,4,False,PC-2025-198,
PRC-2025-0654,GRT-2022-003,PRJ-2023-003,BDL-0053,VND-0059,LOC-KIL-003,FP-2025-04,STS-004,Tender,Improved Maize Seed 5kg for PRJ-2023-003,493,Litres,18200.0,8972600.0,TZS,2025-04-13,2025-05-13,,,,,,,,5,False,PC-2025-052,
PRC-2025-0655,GRT-2024-003,PRJ-2024-005,BDL-0184,VND-0146,LOC-ARU-004,FP-2025-02,STS-009,Quotation,UPS Battery for PRJ-2024-005,3,Boxes,421800.0,1265400.0,TZS,2025-02-28,2025-03-09,03-17-2025,GRN-2025-0655,INV-VND-2025-0655,2025-03-21,2025-04-20,2025-04-19,EXP-87559,5,False,,
PRC-2025-0656,GRT-2024-002,PRJ-2024-003,BDL-0166,VND-0137,LOC-ARU-003,FP-2025-10,STS-010,Tender,Indigenous Tree Seedlings for PRJ-2024-003,13709,Kg,700.0,9596300.0,TZS,2025-10-01,2025-11-03,2025-11-14,GRN-2025-0656,INV-VND-2025-0656,2025-11-17,2025-12-17,2025-12-15,EXP-28116,6,False,PC-2025-015,
PRC-2025-0657,GRT-2023-003,PRJ-2023-013,BDL-0070,VND-0011,LOC-ARU-001,FP-2025-01,STS-001,Quotation,Toyota Hilux Double Cab for PRJ-2023-013,1,Litres,36083900.0,36083900.0,TZS,2025-01-18,2025-01-27,,,,,,,,6,False,PC-2025-086,
PRC-2025-0658,GRT-2023-004,PRJ-2023-008,BDL-0104,VND-0105,LOC-MAN-002,FP-2025-08,STS-009,Quotation,Eucalyptus Seedlings for PRJ-2023-008,4062,Boxes,800.0,3249600.0,TZS,2025-08-20,2025-10-01,2025-10-03,GRN-2025-0658,INV-VND-2025-0658,2025-10-06,2025-11-05,2025-10-28,EXP-78785,4,False,PC-2025-009,
PRC-2025-0659,GRT-2024-003,PRJ-2024-005,BDL-0183,VND-0060,LOC-ARU-004,FP-2025-05,STS-007,Quotation,Pens and Pencils Box for PRJ-2024-005,52,Units,12300.0,639600.0,TZS,2025-05-02,2025-05-13,2025-05-26,GRN-2025-0659,,,,,,5,False,,
PRC-2025-0660,GRT-2021-001,PRJ-2023-007,BDL-0209,VND-0148,LOC-ARU-001,FP-2025-08,STS-009,Quotation,Notebooks Pack for PRJ-2023-007,143,Units,7800.0,1115400.0,TZS,2025-08-15,2025-09-07,2025-09-19,GRN-2025-0660,INV-VND-2025-0660,2025-09-25,2025-10-25,2025-10-20,EXP-13175,5,False,PC-2025-003,
PRC-2025-0661,GRT-2024-002,PRJ-2024-003,BDL-0171,VND-0067,LOC-ARU-003,FP-2025-06,STS-010,Direct Purchase,Markers Set for PRJ-2024-003,32,Boxes,13400.0,428800.0,TZS,2025-06-30,2025-07-16,2025-07-15,GRN-2025-0661,INV-VND-2025-0661,2025-07-22,2025-08-21,2025-08-14,EXP-60123,1,False,,
PRC-2025-0662,GRT-2024-003,PRJ-2024-005,BDL-0180,VND-0021,LOC-ARU-004,FP-2025-04,STS-008,Quotation,Eucalyptus Seedlings for PRJ-2024-005,3794,Boxes,800.0,3035200.0,TZS,2025-04-12,2025-04-25,2025-05-05,GRN-2025-0662,INV-VND-2025-0662,2025-05-11,,,,5,False,,
PRC-2025-0663,GRT-2024-001,PRJ-2024-007,BDL-0089,VND-0138,LOC-ARU-002,FP-2025-05,STS-010,Quotation,Sunflower Seeds 1kg for PRJ-2024-007,225,Sets,15300.0,3442500.0,TZS,2025-05-07,2025-05-24,2025-06-02,GRN-2025-0663,INV-VND-2025-0663,2025-06-03,03-Jul-2025,,EXP-43278,5,False,PC-2025-119,
PRC-2025-0664,GRT-2023-001,PRJ-2023-002,BDL-0011,VND-0036,LOC-KIL-002,FP-2025-05,STS-009,Direct Purchase,Network Switch for PRJ-2023-002,1,Units,428500.0,428500.0,TZS,2025-05-04,2025-06-11,2025-06-18,GRN-2025-0664,INV-VND-2025-0664,2025-06-23,2025-07-23,2025-07-15,EXP-41854,1,False,,
PRC-2025-0665,GRT-2023-001,PRJ-2023-002,BDL-0002,VND-0098,LOC-KIL-002,FP-2025-07,STS-006,Quotation,Participant Bags for PRJ-2023-002,127,Units,25700.0,3263900.0,TZS,2025-07-24,2025-09-01,,,,,,,,5,False,,
PRC-2025-0666,GRT-2023-001,PRJ-2023-002,BDL-0007,VND-0025,LOC-KIL-002,FP-2025-04,STS-003,Tender,Bean Seeds 2kg for PRJ-2023-002,565,Kg,12700.0,7175500.0,TZS,2025-04-08,2025-04-28,,,,,,,,3,False,PC-2025-118,
PRC-2025-0667,GRT-2023-001,PRJ-2023-001,BDL-0003,VND-0025,LOC-KIL-001,FP-2025-01,STS-010,Quotation,Training Handouts Printing for PRJ-2023-001,296,Kg,37900.0,11218400.0,TZS,2025-01-17,2025-03-01,2025-03-11,GRN-2025-0667,INV-VND-2025-0667,2025-03-12,2025-04-11,2025-04-02,EXP-75518,3,False,PC-2025-157,
PRC-2025-0668,GRT-2024-003,PRJ-2024-005,BDL-0187,VND-0009,LOC-ARU-004,FP-2025-03,STS-008,Quotation,Toyota Land Cruiser 4x4 for PRJ-2024-005,1,Litres,49178000.0,49178000.0,TZS,2025-03-09,2025-03-24,2025-03-26,GRN-2025-0668,INV-VND-2025-0668,2025-03-31,,,,3,False,PC-2025-029,
PRC-2025-0669,GRT-2021-001,PRJ-2023-007,BDL-0191,VND-0079,LOC-ARU-001,FP-2025-06,STS-009,Quotation,Paracetamol Tablets for PRJ-2023-007,214,Litres,26700.0,5713800.0,TZS,2025-06-18,2025-07-28,2025-07-28,GRN-2025-0669,INV-VND-2025-0669,04-Aug-2025,2025-09-03,2025-09-02,EXP-21809,4,False,PC-2025-117,
PRC-2025-0670,GRT-2024-002,PRJ-2024-004,BDL-0158,VND-0005,LOC-MAN-004,FP-2025-01,STS-009,Tender,Medical Gloves Box for PRJ-2024-004,199,Boxes,44400.0,8835600.0,TZS,2025-01-15,2025-02-04,2025-02-19,GRN-2025-0670,INV-VND-2025-0670,2025-02-21,2025-03-23,2025-03-14,EXP-75084,3,False,PC-2025-190,
PRC-2025-0671,GRT-2022-004,PRJ-2023-005,BDL-0125,VND-0123,LOC-KIL-001,FP-2025-09,STS-009,Quotation,HP Desktop Computer for PRJ-2023-005,1,Litres,1606500.0,1606500.0,TZS,2025-09-17,08/10/2025,2025-10-22,GRN-2025-0671,INV-VND-2025-0671,2025-10-23,2025-11-22,2025-11-13,EXP-18063,3,False,,
PRC-2025-0672,GRT-2024-001,PRJ-2024-002,BDL-0091,VND-0138,LOC-KIL-004,FP-2025-07,STS-001,Quotation,Pens and Pencils Box for PRJ-2024-002,77,Sets,13400.0,1031800.0,TZS,2025-07-19,2025-08-20,,,,,,,,3,False,,
PRC-2025-0673,GRT-2022-003,PRJ-2023-003,BDL-0053,VND-0119,LOC-KIL-003,FP-2025-05,STS-004,Quotation,Fruit Tree Seedlings for PRJ-2023-003,1855,Litres,1300.0,2411500.0,TZS,2025-05-23,2025-06-28,,,,,,,,3,False,PC-2025-065,
PRC-2025-0674,GRT-2023-005,PRJ-2023-010,BDL-0147,VND-0026,LOC-KIL-001,FP-2025-01,STS-002,Quotation,Participant Bags for PRJ-2023-010,91,Boxes,28400.0,2584400.0,TZS,2025-01-21,2025-03-02,,,,,,,,4,False,PC-2025-042,
PRC-2025-0675,GRT-2023-002,PRJ-2023-004,BDL-0032,VND-0099,LOC-ARU-002,FP-2025-05,STS-009,Direct Purchase,Flipchart Paper Pad for PRJ-2023-004,15,Boxes,16400.0,246000.0,TZS,2025-05-21,2025-05-31,2025-06-11,GRN-2025-0675,INV-VND-2025-0675,2025-06-14,14-Jul-2025,2025-07-22,EXP-47712,1,False,,
PRC-2025-0676,GRT-2024-004,PRJ-2024-006,BDL-0221,VND-0119,LOC-MAN-002,FP-2025-04,STS-010,Quotation,Filing Cabinet for PRJ-2024-006,3,Pieces,361400.0,1084200.0,TZS,2025-04-27,2025-06-11,2025-06-20,GRN-2025-0676,INV-VND-2025-0676,2025-06-27,2025-07-27,,EXP-43321,5,False,,
PRC-2025-0677,GRT-2023-004,PRJ-2023-009,BDL-0112,VND-0013,LOC-MAN-003,FP-2025-02,STS-001,Direct Purchase,Computer Accessories Set for PRJ-2023-009,1,Pieces,369800.0,369800.0,TZS,2025-02-18,04-Mar-2025,,,,,,,,1,False,,
PRC-2025-0678,GRT-2024-001,PRJ-2024-007,BDL-0090,VND-0083,LOC-ARU-002,FP-2025-02,STS-009,Direct Purchase,Computer Accessories Set for PRJ-2024-007,1,Sets,342600.0,342600.0,TZS,2025-02-17,2025-03-16,2025-03-18,GRN-2025-0678,INV-VND-2025-0678,2025-03-23,2025-04-22,2025-04-22,EXP-87286,1,False,,
PRC-2025-0679,GRT-2024-003,PRJ-2024-005,BDL-0177,VND-0075,LOC-ARU-004,FP-2025-02,STS-007,Quotation,UPS Battery for PRJ-2024-005,1,Sets,507200.0,507200.0,TZS,2025-02-09,2025-03-19,2025-03-31,GRN-2025-0679,,,,,,3,False,,
PRC-2025-0680,GRT-2024-001,PRJ-2024-007,BDL-0092,VND-0014,LOC-ARU-002,FP-2025-05,STS-010,Direct Purchase,External Hard Drive for PRJ-2024-007,3,Boxes,165000.0,495000.0,TZS,2025-05-30,2025-06-16,2025-06-26,GRN-2025-0680,INV-VND-2025-0680,2025-07-02,2025-08-01,2025-08-19,EXP-71245,1,False,,
PRC-2025-0681,GRT-2023-004,PRJ-2023-009,BDL-0103,VND-0149,LOC-MAN-003,FP-2025-08,STS-003,Tender,Medical Gloves Box for PRJ-2023-009,152,Kg,48900.0,7432800.0,TZS,2025-08-30,2025-09-07,,,,,,,,4,False,PC-2025-029,
PRC-2025-0682,GRT-2022-003,PRJ-2023-003,BDL-0059,VND-0073,LOC-KIL-003,FP-2025-08,STS-010,Quotation,Bean Seeds 2kg for PRJ-2023-003,222,Kg,11200.0,2486400.0,TZS,2025-08-28,2025-10-06,2025-10-14,GRN-2025-0682,INV-VND-2025-0682,2025-10-15,2025-11-14,2025-11-14,EXP-13367,4,False,PC-2025-134,
PRC-2025-0683,GRT-2022-003,PRJ-2023-003,BDL-0044,VND-0133,LOC-KIL-003,FP-2025-08,STS-005,Tender,Training Handouts Printing for PRJ-2023-003,337,Pieces,36700.0,12367900.0,TZS,2025-08-03,2025-09-16,,,,,,,,7,False,PC-2025-130,
PRC-2025-0684,GRT-2022-003,PRJ-2023-003,BDL-0060,VND-0097,LOC-KIL-003,FP-2025-05,STS-007,Quotation,Fruit Tree Seedlings for PRJ-2023-003,1132,Kg,1300.0,1471600.0,TZS,2025-05-09,2025-06-06,2025-06-15,GRN-2025-0684,,,,,,5,False,,
PRC-2025-0685,GRT-2023-001,PRJ-2023-002,BDL-0020,VND-0042,LOC-KIL-002,FP-2025-10,STS-006,Quotation,Vegetable Seed Pack for PRJ-2023-002,430,Units,8200.0,3526000.0,TZS,2025-10-03,2025-10-29,,,,,,,,4,False,PC-2025-157,
PRC-2025-0686,GRT-2024-002,PRJ-2024-003,BDL-0172,VND-0038,LOC-ARU-003,FP-2025-05,STS-009,Quotation,Filing Cabinet for PRJ-2024-003,3,Litres,353900.0,1061700.0,TZS,2025-05-31,2025-07-11,2025-07-20,GRN-2025-0686,INV-VND-2025-0686,2025-07-25,2025-08-24,2025-08-24,EXP-67135,5,False,PC-2025-147,
PRC-2025-0687,GRT-2021-001,PRJ-2023-007,BDL-0193,VND-0094,LOC-ARU-001,FP-2025-05,STS-008,Quotation,Medical Gloves Box for PRJ-2023-007,149,Pieces,51600.0,7688400.0,TZS,2025-05-14,2025-06-03,2025-06-15,GRN-2025-0687,INV-VND-2025-0687,2025-06-16,,,,4,False,PC-2025-183,
PRC-2025-0688,GRT-2023-001,PRJ-2023-001,BDL-0006,VND-0077,LOC-KIL-001,FP-2025-04,STS-002,Quotation,Vegetable Seed Pack for PRJ-2023-001,286,Units,7900.0,2259400.0,TZS,2025-04-23,2025-05-18,,,,,,,,3,False,,
PRC-2025-0689,GRT-2022-003,PRJ-2023-003,BDL-0058,VND-0090,LOC-KIL-003,FP-2025-03,STS-010,Quotation,Improved Maize Seed 5kg for PRJ-2023-003,660,Pieces,20500.0,13530000.0,TZS,2025-03-30,2025-04-12,2025-04-17,GRN-2025-0689,INV-VND-2025-0689,2025-04-20,2025-05-20,2025-05-19,EXP-39684,6,False,PC-2025-119,
PRC-2025-0690,GRT-2024-002,PRJ-2024-004,BDL-0173,VND-0030,LOC-MAN-004,FP-2025-06,STS-006,Quotation,Vegetable Seed Pack for PRJ-2024-004,540,Boxes,9100.0,4914000.0,TZS,2025-06-24,2025-07-04,,,,,,,,3,False,,
PRC-2025-0691,GRT-2023-001,PRJ-2023-011,BDL-0012,VND-0115,LOC-MAN-001,FP-2025-08,STS-003,Quotation,Office Desk for PRJ-2023-011,5,Boxes,596400.0,2982000.0,TZS,2025-08-05,2025-08-25,,,,,,,,3,False,PC-2025-109,
PRC-2025-0692,GRT-2024-001,PRJ-2024-002,BDL-0094,VND-0103,LOC-KIL-004,FP-2025-06,STS-009,Direct Purchase,Flipchart Paper Pad for PRJ-2024-002,11,Kg,18900.0,207900.0,TZS,2025-06-18,2025-07-03,2025-07-09,GRN-2025-0692,INV-VND-2025-0692,2025-07-14,2025-08-13,2025-08-13,EXP-48445,1,False,,
PRC-2025-0693,GRT-2023-003,PRJ-2023-006,BDL-0061,VND-0036,LOC-KIL-001,FP-2025-06,STS-009,Quotation,Filing Cabinet for PRJ-2023-006,3,Sets,384100.0,1152300.0,TZS,2025-06-21,2025-07-18,2025-07-22,GRN-2025-0693,INV-VND-2025-0693,2025-07-27,2025-08-26,2025-08-26,EXP-65725,5,False,PC-2025-008,
PRC-2025-0694,GRT-2023-001,PRJ-2023-002,BDL-0004,VND-0133,LOC-KIL-002,FP-2025-08,STS-010,Quotation,Indigenous Tree Seedlings for PRJ-2023-002,11298,Pieces,600.0,6778800.0,TZS,2025-08-20,2025-09-06,2025-09-08,GRN-2025-0694,INV-VND-2025-0694,2025-09-10,2025-10-10,2025-10-03,EXP-66122,3,False,PC-2025-178,
PRC-2025-0695,GRT-2024-002,PRJ-2024-003,BDL-0170,VND-0098,LOC-ARU-003,FP-2025-08,STS-009,Quotation,Paint 20L for PRJ-2024-003,39,Sets,76600.0,2987400.0,TZS,08-05-2025,2025-09-11,2025-09-23,GRN-2025-0695,INV-VND-2025-0695,2025-09-25,2025-10-25,2025-10-24,EXP-32660,5,False,,
PRC-2025-0696,GRT-2022-004,PRJ-2023-005,BDL-0122,VND-0128,LOC-KIL-001,FP-2025-07,STS-007,Quotation,Oral Rehydration Salts for PRJ-2023-005,87,Pieces,37900.0,3297300.0,TZS,2025-07-31,2025-09-10,2025-09-08,GRN-2025-0696,,,,,,4,False,,
PRC-2025-0697,GRT-2022-004,PRJ-2023-005,BDL-0122,VND-0021,LOC-KIL-001,FP-2025-05,STS-010,Quotation,Oral Rehydration Salts for PRJ-2023-005,98,Kg,33700.0,3302600.0,TZS,2025-05-25,2025-06-20,2025-06-28,GRN-2025-0697,INV-VND-2025-0697,2025-07-02,2025-08-01,2025-07-30,EXP-35796,4,False,,
PRC-2025-0698,GRT-2023-003,PRJ-2023-013,BDL-0063,VND-0097,LOC-ARU-001,FP-2025-01,STS-009,Quotation,Office Chair for PRJ-2023-013,8,Units,272500.0,2180000.0,TZS,2025-01-30,2025-02-18,2025-03-04,GRN-2025-0698,INV-VND-2025-0698,2025-03-10,2025-04-09,2025-04-08,EXP-72224,5,False,PC-2025-174,
PRC-2025-0699,GRT-2023-001,PRJ-2023-002,BDL-0013,VND-0018,LOC-KIL-002,FP-2025-03,STS-001,Quotation,Iron Sheets for PRJ-2023-002,45,Pieces,50600.0,2277000.0,TZS,2025-03-09,2025-04-17,,,,,,,,4,False,PC-2025-059,
PRC-2025-0700,GRT-2023-005,PRJ-2023-010,BDL-0144,VND-0148,LOC-KIL-001,FP-2025-10,STS-002,Tender,Sunflower Seeds 1kg for PRJ-2023-010,375,Litres,17100.0,6412500.0,TZS,2025-10-14,2025-11-03,,,,,,,,5,False,PC-2025-110,
PRC-2025-0701,GRT-2023-002,PRJ-2023-012,BDL-0025,VND-0016,LOC-ARU-001,FP-2025-07,STS-009,Tender,Eucalyptus Seedlings for PRJ-2023-012,7327,Kg,700.0,5128900.0,TZS,2025-07-31,2025-09-12,2025-09-27,GRN-2025-0701,INV-VND-2025-0701,2025-10-02,2025-11-01,2025-10-30,EXP-88492,7,False,PC-2025-132,
PRC-2025-0702,GRT-2023-001,PRJ-2023-002,BDL-0003,VND-0042,LOC-KIL-002,FP-2025-10,STS-008,Quotation,Bean Seeds 2kg for PRJ-2023-002,270,Sets,13500.0,3645000.0,TZS,2025-10-08,30/10/2025,2025-11-03,GRN-2025-0702,INV-VND-2025-0702,2025-11-04,,,,5,False,,
PRC-2025-0703,GRT-2024-004,PRJ-2024-006,BDL-0226,VND-0017,LOC-MAN-002,FP-2025-01,STS-005,Quotation,Printer Canon for PRJ-2024-006,1,Units,790700.0,790700.0,TZS,2025-01-16,2025-01-24,,,,,,,,3,False,,
PRC-2025-0704,GRT-2023-003,PRJ-2023-013,BDL-0082,VND-0023,LOC-ARU-001,FP-2025-06,STS-009,Quotation,Participant Bags for PRJ-2023-013,68,Pieces,25900.0,1761200.0,TZS,2025-06-11,2025-06-21,2025-06-25,GRN-2025-0704,INV-VND-2025-0704,2025-06-28,2025-07-28,2025-07-18,EXP-41977,4,False,,
PRC-2025-0705,GRT-2024-001,PRJ-2024-007,BDL-0093,VND-0091,LOC-ARU-002,FP-2025-04,STS-008,Quotation,Reams of A4 Paper for PRJ-2024-007,159,Units,5500.0,874500.0,TZS,2025-04-18,2025-04-25,2025-05-03,GRN-2025-0705,INV-VND-2025-0705,2025-05-06,,,,3,False,PC-2025-118,
PRC-2025-0706,GRT-2024-002,PRJ-2024-004,BDL-0167,VND-0075,LOC-MAN-004,FP-2025-05,STS-009,Quotation,Dell Laptop Computer for PRJ-2024-004,1,Units,1796800.0,1796800.0,TZS,2025-05-10,2025-06-04,2025-06-01,GRN-2025-0706,INV-VND-2025-0706,2025-06-06,2025-07-06,2025-06-30,EXP-90493,4,False,PC-2025-077,
PRC-2025-0707,GRT-2024-002,PRJ-2024-004,BDL-0171,VND-0033,LOC-MAN-004,FP-2025-10,STS-009,Direct Purchase,Network Switch for PRJ-2024-004,1,Sets,399700.0,399700.0,TZS,2025-10-12,2025-11-02,2025-11-16,GRN-2025-0707,INV-VND-2025-0707,21-Nov-2025,2025-12-21,2025-12-11,EXP-84154,1,False,,
PRC-2025-0708,GRT-2024-001,PRJ-2024-007,BDL-0097,VND-0084,LOC-ARU-002,FP-2025-07,STS-009,Quotation,Printer Canon for PRJ-2024-007,1,Pieces,965400.0,965400.0,TZS,17-Jul-2025,2025-08-22,2025-09-04,GRN-2025-0708,INV-VND-2025-0708,2025-09-11,2025-10-11,2025-10-05,EXP-11925,3,False,PC-2025-111,
PRC-2025-0709,GRT-2023-002,PRJ-2023-004,BDL-0036,VND-0150,LOC-ARU-002,FP-2025-02,STS-005,Tender,Improved Maize Seed 5kg for PRJ-2023-004,753,Pieces,16800.0,12650400.0,TZS,2025-02-22,2025-03-07,,,,,,,,6,False,PC-2025-155,
PRC-2025-0710,GRT-2024-002,PRJ-2024-004,BDL-0158,VND-0095,LOC-MAN-004,FP-2025-09,STS-009,Tender,Toyota Land Cruiser 4x4 for PRJ-2024-004,1,Units,51109000.0,51109000.0,TZS,2025-09-02,2025-09-12,2025-09-17,GRN-2025-0710,INV-VND-2025-0710,2025-09-20,2025-10-20,2025-10-18,EXP-23793,6,False,PC-2025-132,
PRC-2025-0711,GRT-2024-002,PRJ-2024-003,BDL-0169,VND-0130,LOC-ARU-003,FP-2025-07,STS-009,Quotation,Projector Epson for PRJ-2024-003,1,Litres,1094900.0,1094900.0,TZS,2025-07-09,2025-08-11,2025-08-16,GRN-2025-0711,INV-VND-2025-0711,2025-08-20,19/09/2025,2025-09-17,EXP-46496,5,False,,
PRC-2025-0712,GRT-2024-004,PRJ-2024-006,BDL-0215,VND-0016,LOC-MAN-002,FP-2025-07,STS-010,Quotation,Vegetable Seed Pack for PRJ-2024-006,344,Litres,7900.0,2717600.0,TZS,2025-07-25,2025-08-01,2025-08-13,GRN-2025-0712,INV-VND-2025-0712,2025-08-20,2025-09-19,2025-09-11,EXP-94080,4,False,,
PRC-2025-0713,GRT-2023-005,PRJ-2023-010,BDL-0140,VND-0128,LOC-KIL-001,FP-2025-02,STS-004,Tender,Eucalyptus Seedlings for PRJ-2023-010,9602,Units,900.0,8641800.0,TZS,2025-02-06,02-15-2025,,,,,,,,3,False,PC-2025-146,
PRC-2025-0714,GRT-2022-003,PRJ-2023-003,BDL-0058,VND-0072,LOC-KIL-003,FP-2025-08,STS-009,Quotation,Timber Planks for PRJ-2023-003,154,Kg,14400.0,2217600.0,TZS,2025-08-14,2025-09-27,2025-10-11,GRN-2025-0714,INV-VND-2025-0714,2025-10-18,2025-11-17,2025-11-12,EXP-27236,5,False,PC-2025-037,
PRC-2025-0715,GRT-2024-001,PRJ-2024-001,BDL-0085,VND-0072,LOC-MAN-001,FP-2025-05,STS-009,Quotation,Dell Laptop Computer for PRJ-2024-001,1,Boxes,1640400.0,1640400.0,TZS,2025-05-08,2025-05-26,2025-05-25,GRN-2025-0715,INV-VND-2025-0715,2025-05-28,2025-06-27,2025-06-22,EXP-67389,4,False,PC-2025-199,
PRC-2025-0716,GRT-2024-003,PRJ-2024-005,BDL-0180,VND-0124,LOC-ARU-004,FP-2025-07,STS-010,Tender,Sunflower Seeds 1kg for PRJ-2024-005,379,Sets,15400.0,5836600.0,TZS,2025-07-29,2025-08-24,2025-09-02,GRN-2025-0716,INV-VND-2025-0716,2025-09-07,2025-10-07,2025-11-02,EXP-16956,4,False,PC-2025-082,
PRC-2025-0717,GRT-2023-003,PRJ-2023-006,BDL-0061,VND-0064,LOC-KIL-001,FP-2025-01,STS-007,Quotation,Timber Planks for PRJ-2023-006,185,Litres,14700.0,2719500.0,TZS,2025-01-29,2025-03-15,2025-03-15,GRN-2025-0717,,,,,,3,False,PC-2025-127,
PRC-2025-0718,GRT-2023-001,PRJ-2023-001,BDL-0005,VND-0049,LOC-KIL-001,FP-2025-07,STS-009,Quotation,Participant Bags for PRJ-2023-001,58,Boxes,26900.0,1560200.0,TZS,2025-07-23,2025-08-13,2025-08-20,GRN-2025-0718,INV-VND-2025-0718,2025-08-23,2025-09-22,,EXP-99468,3,False,,
PRC-2025-0719,GRT-2023-003,PRJ-2023-006,BDL-0074,VND-0123,LOC-KIL-001,FP-2025-05,STS-009,Quotation,Eucalyptus Seedlings for PRJ-2023-006,5029,Litres,900.0,4526100.0,TZS,2025-05-27,2025-07-01,2025-07-08,GRN-2025-0719,,2025-07-11,2025-08-10,2025-09-15,EXP-23093,3,False,PC-2025-089,
PRC-2025-0720,GRT-2022-003,PRJ-2023-003,BDL-0043,VND-0141,LOC-KIL-003,FP-2025-03,STS-010,Quotation,Bean Seeds 2kg for PRJ-2023-003,586,Units,13100.0,7676600.0,TZS,2025-03-16,2025-03-23,2025-03-28,GRN-2025-0720,INV-VND-2025-0720,2025-03-29,2025-04-28,2025-04-22,EXP-15977,4,False,PC-2025-177,
PRC-2025-0721,GRT-2023-003,PRJ-2023-013,BDL-0080,VND-0020,LOC-ARU-001,FP-2025-07,STS-005,Quotation,Fruit Tree Seedlings for PRJ-2023-013,3279,Litres,1200.0,3934800.0,TZS,2025-07-19,19/08/2025,,,,,,,,4,False,PC-2025-176,
PRC-2025-0722,GRT-2023-005,PRJ-2023-010,BDL-0153,VND-0075,LOC-KIL-001,FP-2025-09,STS-006,Quotation,External Hard Drive for PRJ-2023-010,3,Boxes,183500.0,550500.0,TZS,2025-09-17,2025-10-26,,,,,,,,3,False,PC-2025-200,
PRC-2025-0723,GRT-2024-001,PRJ-2024-001,BDL-0092,VND-0020,LOC-MAN-001,FP-2025-07,STS-006,Quotation,Reams of A4 Paper for PRJ-2024-001,217,Boxes,5100.0,1106700.0,TZS,2025-07-12,2025-07-19,,,,,,,,3,False,,
PRC-2025-0724,GRT-2023-002,PRJ-2023-004,BDL-0036,VND-0091,LOC-ARU-002,FP-2025-05,STS-006,Quotation,Motorcycle Honda for PRJ-2023-004,1,Units,4260100.0,4260100.0,TZS,2025-05-08,2025-06-03,,,,,,,,5,False,PC-2025-180,
PRC-2025-0725,GRT-2023-005,PRJ-2023-010,BDL-0152,VND-0061,LOC-KIL-001,FP-2025-05,STS-009,Quotation,Eucalyptus Seedlings for PRJ-2023-010,2542,Pieces,900.0,2287800.0,TZS,19-May-2025,2025-05-26,2025-05-27,GRN-2025-0725,INV-VND-2025-0725,2025-05-28,2025-06-27,2025-07-27,EXP-68205,5,False,PC-2025-143,
PRC-2025-0726,GRT-2023-002,PRJ-2023-012,BDL-0036,VND-0003,LOC-ARU-001,FP-2025-05,STS-008,Tender,Toyota Land Cruiser 4x4 for PRJ-2023-012,1,Litres,48790600.0,48790600.0,TZS,2025-05-13,2025-06-04,2025-06-14,GRN-2025-0726,INV-VND-2025-0726,2025-06-16,,,,5,False,PC-2025-043,
PRC-2025-0727,GRT-2023-003,PRJ-2023-013,BDL-0065,VND-0047,LOC-ARU-001,FP-2025-04,STS-001,Quotation,Dell Laptop Computer for PRJ-2023-013,1,Boxes,1998800.0,1998800.0,TZS,2025-04-21,2025-05-25,,,,,,,,3,False,PC-2025-183,
PRC-2025-0728,GRT-2024-004,PRJ-2024-006,BDL-0213,VND-0130,LOC-MAN-002,FP-2025-07,STS-009,Quotation,Notebooks Pack for PRJ-2024-006,134,Litres,8600.0,1152400.0,TZS,2025-07-04,2025-08-15,2025-08-29,GRN-2025-0728,INV-VND-2025-0728,2025-09-03,2025-10-03,2025-09-24,EXP-70784,3,False,PC-2025-129,
PRC-2025-0729,GRT-2023-003,PRJ-2023-013,BDL-0067,VND-0001,LOC-ARU-001,FP-2025-06,STS-010,Quotation,Office Chair for PRJ-2023-013,12,Litres,292700.0,3512400.0,TZS,2025-06-23,2025-07-03,2025-07-03,GRN-2025-0729,INV-VND-2025-0729,2025-07-05,2025-08-04,,EXP-31300,3,False,,
PRC-2025-0730,GRT-2022-003,PRJ-2023-003,BDL-0050,VND-0035,LOC-KIL-003,FP-2025-07,STS-010,Quotation,Bean Seeds 2kg for PRJ-2023-003,479,Kg,13600.0,6514400.0,TZS,2025-07-18,2025-08-30,2025-09-02,GRN-2025-0730,INV-VND-2025-0730,2025-09-08,2025-10-08,2025-11-22,EXP-11709,3,False,PC-2025-108,
PRC-2025-0731,GRT-2022-004,PRJ-2023-005,BDL-0122,VND-0064,LOC-KIL-001,FP-2025-08,STS-010,Quotation,Malaria Rapid Test Kits Box for PRJ-2023-005,92,Sets,305200.0,28078400.0,TZS,2025-08-11,2025-09-03,2025-09-12,GRN-2025-0731,INV-VND-2025-0731,2025-09-18,2025-10-18,,EXP-55145,6,False,PC-2025-086,
PRC-2025-0732,GRT-2023-003,PRJ-2023-006,BDL-0080,VND-0147,LOC-KIL-001,FP-2025-04,STS-002,Direct Purchase,External Hard Drive for PRJ-2023-006,1,Kg,200900.0,200900.0,TZS,06/04/2025,2025-05-20,,,,,,,,1,False,,
PRC-2025-0733,GRT-2023-003,PRJ-2023-013,BDL-0073,VND-0111,LOC-ARU-001,FP-2025-02,STS-001,Quotation,Motorcycle Honda for PRJ-2023-013,1,Sets,5027200.0,5027200.0,TZS,2025-02-12,2025-03-14,,,,,,,,6,False,PC-2025-125,
PRC-2025-0734,GRT-2023-001,PRJ-2023-002,BDL-0013,VND-0010,LOC-KIL-002,FP-2025-06,STS-007,Quotation,Office Chair for PRJ-2023-002,6,Kg,287900.0,1727400.0,TZS,2025-06-10,2025-07-03,2025-07-09,GRN-2025-0734,,,,,,4,False,,
PRC-2025-0735,GRT-2024-001,PRJ-2024-007,BDL-0096,VND-0038,LOC-ARU-002,FP-2025-03,STS-010,Quotation,Vegetable Seed Pack for PRJ-2024-007,300,Litres,8100.0,2430000.0,TZS,2025-03-16,2025-03-28,2025-04-03,GRN-2025-0735,INV-VND-2025-0735,2025-04-06,2025-05-06,2025-04-30,EXP-97223,3,False,,
PRC-2025-0736,GRT-2023-001,PRJ-2023-002,BDL-0018,VND-0104,LOC-KIL-002,FP-2025-02,STS-007,Quotation,Projector Epson for PRJ-2023-002,1,Boxes,1359100.0,1359100.0,TZS,2025-02-27,2025-04-13,2025-04-28,GRN-2025-0736,,,,,,3,False,,
PRC-2025-0737,GRT-2024-001,PRJ-2024-001,BDL-0097,VND-0022,LOC-MAN-001,FP-2025-05,STS-002,Quotation,Notebooks Pack for PRJ-2024-001,129,Sets,8100.0,1044900.0,TZS,2025-05-18,2025-05-29,,,,,,,,4,False,PC-2025-052,
PRC-2025-0738,GRT-2023-004,PRJ-2023-009,BDL-0111,VND-0076,LOC-MAN-003,FP-2025-06,STS-009,Quotation,Filing Cabinet for PRJ-2023-009,3,Litres,417600.0,1252800.0,TZS,2025-06-01,2025-06-29,2025-07-02,GRN-2025-0738,INV-VND-2025-0738,2025-07-04,2025-08-03,2025-07-25,EXP-71890,4,False,PC-2025-151,
PRC-2025-0739,GRT-2024-001,PRJ-2024-001,BDL-0094,VND-0124,LOC-MAN-001,FP-2025-04,STS-010,Quotation,Manila Files Box for PRJ-2024-001,49,Sets,16600.0,813400.0,TZS,2025-04-19,2025-05-21,2025-05-22,GRN-2025-0739,INV-VND-2025-0739,2025-05-25,2025-06-24,2025-06-18,EXP-49595,5,False,PC-2025-079,
PRC-2025-0740,GRT-2023-003,PRJ-2023-006,BDL-0073,VND-0061,LOC-KIL-001,FP-2025-06,STS-010,Quotation,Notebooks Pack for PRJ-2023-006,147,Kg,8900.0,1308300.0,TZS,2025-06-18,2025-07-15,21-Jul-2025,GRN-2025-0740,INV-VND-2025-0740,2025-07-28,2025-08-27,2025-10-07,EXP-64086,3,False,PC-2025-041,
PRC-2025-0741,GRT-2023-003,PRJ-2023-006,BDL-0065,VND-0118,LOC-KIL-001,FP-2025-06,STS-006,Tender,Indigenous Tree Seedlings for PRJ-2023-006,10587,Pieces,600.0,6352200.0,TZS,2025-06-07,2025-06-25,,,,,,,,5,False,PC-2025-041,
PRC-2025-0742,GRT-2023-001,PRJ-2023-011,BDL-0002,VND-0125,LOC-MAN-001,FP-2025-07,STS-008,Quotation,Blood Pressure Monitors for PRJ-2023-011,9,Sets,362700.0,3264300.0,TZS,2025-07-08,2025-07-24,2025-07-28,GRN-2025-0742,INV-VND-2025-0742,2025-08-01,,,,5,False,PC-2025-007,
PRC-2025-0743,GRT-2023-001,PRJ-2023-002,BDL-0021,VND-0007,LOC-KIL-002,FP-2025-10,STS-007,Direct Purchase,Flipchart Paper Pad for PRJ-2023-002,10,Kg,20400.0,204000.0,TZS,2025-10-07,2025-10-16,2025-10-14,GRN-2025-0743,,,,,,1,False,,
PRC-2025-0744,GRT-2021-001,PRJ-2023-007,BDL-0193,VND-0055,LOC-ARU-001,FP-2025-05,STS-009,Direct Purchase,UPS Battery for PRJ-2023-007,1,Kg,469500.0,469500.0,TZS,2025-05-06,2025-06-07,2025-06-20,GRN-2025-0744,INV-VND-2025-0744,2025-06-26,2025-07-26,2025-08-10,EXP-14598,1,False,,
PRC-2025-0745,GRT-2023-001,PRJ-2023-011,BDL-0008,VND-0053,LOC-MAN-001,FP-2025-08,STS-005,Quotation,Indigenous Tree Seedlings for PRJ-2023-011,8226,Pieces,700.0,5758200.0,TZS,2025-08-29,2025-09-19,,,,,,,,4,False,PC-2025-038,
PRC-2025-0746,GRT-2023-004,PRJ-2023-008,BDL-0111,VND-0127,LOC-MAN-002,FP-2025-02,STS-004,Quotation,Paracetamol Tablets for PRJ-2023-008,228,Units,28800.0,6566400.0,TZS,2025-02-09,2025-03-23,,,,,,,,6,False,PC-2025-102,
PRC-2025-0747,GRT-2021-001,PRJ-2023-007,BDL-0202,VND-0119,LOC-ARU-001,FP-2025-05,STS-010,Quotation,Toner Cartridge for PRJ-2023-007,13,Pieces,45000.0,585000.0,TZS,2025-05-08,2025-06-19,2025-07-03,GRN-2025-0747,INV-VND-2025-0747,2025-07-05,2025-08-04,2025-07-28,EXP-97322,4,False,PC-2025-166,
PRC-2025-0748,GRT-2021-001,PRJ-2023-007,BDL-0194,VND-0097,LOC-ARU-001,FP-2025-04,STS-007,Tender,Cement Bags for PRJ-2023-007,290,Litres,30500.0,8845000.0,TZS,2025-04-03,2025-04-21,2025-04-23,GRN-2025-0748,,,,,,5,False,PC-2025-040,
PRC-2025-0749,GRT-2023-001,PRJ-2023-002,BDL-0013,VND-0087,LOC-KIL-002,FP-2025-06,STS-009,Direct Purchase,Markers Set for PRJ-2023-002,18,Units,12700.0,228600.0,TZS,2025-06-03,2025-07-05,2025-07-17,GRN-2025-0749,INV-VND-2025-0749,24-Jul-2025,2025-08-23,2025-08-16,EXP-97687,1,False,,
PRC-2025-0750,GRT-2023-001,PRJ-2023-002,BDL-0017,VND-0099,LOC-KIL-002,FP-2025-06,STS-007,Quotation,Office Chair for PRJ-2023-002,13,Kg,302400.0,3931200.0,TZS,2025-06-05,2025-07-12,2025-07-10,GRN-2025-0750,,,,,,5,False,,
PRC-2025-0751,GRT-2023-004,PRJ-2023-009,BDL-0102,VND-0098,LOC-MAN-003,FP-2025-05,STS-008,Quotation,Fruit Tree Seedlings for PRJ-2023-009,2284,Boxes,1100.0,2512400.0,TZS,2025-05-03,16/06/2025,2025-06-23,GRN-2025-0751,INV-VND-2025-0751,2025-06-27,,,,5,False,PC-2025-024,
PRC-2025-0752,GRT-2023-003,PRJ-2023-013,BDL-0081,VND-0145,LOC-ARU-001,FP-2025-08,STS-009,Quotation,Motorcycle Honda for PRJ-2023-013,1,Sets,4218400.0,4218400.0,TZS,2025-08-23,2025-09-24,2025-10-05,GRN-2025-0752,INV-VND-2025-0752,2025-10-11,2025-11-10,2025-11-10,EXP-84238,3,False,PC-2025-052,
PRC-2025-0753,GRT-2023-001,PRJ-2023-001,BDL-0015,VND-0086,LOC-KIL-001,FP-2025-05,STS-006,Direct Purchase,Network Switch for PRJ-2023-001,1,Sets,381900.0,381900.0,TZS,2025-05-01,2025-06-13,,,,,,,,1,False,,
PRC-2025-0754,GRT-2024-004,PRJ-2024-006,BDL-0228,VND-0002,LOC-MAN-002,FP-2025-09,STS-009,Quotation,Malaria Rapid Test Kits Box for PRJ-2024-006,35,Litres,263100.0,-9208500.0,TZS,2025-09-20,2025-10-21,2025-10-26,GRN-2025-0754,INV-VND-2025-0754,2025-10-31,2025-11-30,2025-11-26,EXP-72906,5,False,PC-2025-007,
PRC-2025-0755,GRT-2024-003,PRJ-2024-005,BDL-0188,VND-0097,LOC-ARU-004,FP-2025-01,STS-007,Quotation,Office Chair for PRJ-2024-005,10,Litres,276300.0,2763000.0,TZS,2025-01-26,2025-02-28,2025-03-04,GRN-2025-0755,,,,,,5,False,,
PRC-2025-0756,GRT-2023-003,PRJ-2023-013,BDL-0066,VND-0129,LOC-ARU-001,FP-2025-06,STS-008,Quotation,Dell Laptop Computer for PRJ-2023-013,1,Boxes,1874400.0,1874400.0,TZS,2025-06-28,2025-07-18,2025-07-16,GRN-2025-0756,INV-VND-2025-0756,2025-07-21,,,,4,False,PC-2025-036,
PRC-2025-0757,GRT-2023-004,PRJ-2023-008,BDL-0102,VND-0081,LOC-MAN-002,FP-2025-07,STS-006,Quotation,Sunflower Seeds 1kg for PRJ-2023-008,283,Units,14800.0,4188400.0,TZS,2025-07-03,2025-07-26,,,,,,,,4,False,PC-2025-106,
PRC-2025-0758,GRT-2023-002,PRJ-2023-004,BDL-0034,VND-0040,LOC-ARU-002,FP-2025-05,STS-009,Quotation,Printer Canon for PRJ-2023-004,1,Boxes,816500.0,816500.0,TZS,2025-05-10,2025-06-22,2025-06-27,GRN-2025-0758,INV-VND-2025-0758,2025-06-30,2025-07-30,2025-09-08,EXP-32457,5,False,,
PRC-2025-0759,GRT-2024-004,PRJ-2024-006,BDL-0228,VND-0054,LOC-MAN-002,FP-2025-03,STS-009,Quotation,Blood Pressure Monitors for PRJ-2024-006,3,Pieces,288600.0,865800.0,TZS,2025-03-14,2025-04-20,2025-04-18,GRN-2025-0759,INV-VND-2025-0759,2025-04-21,2025-05-21,,EXP-55579,5,False,,
PRC-2025-0760,GRT-2023-004,PRJ-2023-009,BDL-0118,VND-0037,LOC-MAN-003,FP-2025-07,STS-005,Quotation,Office Desk for PRJ-2023-009,3,Pieces,684300.0,2052900.0,TZS,2025-07-16,2025-07-29,,,,,,,,5,False,PC-2025-014,
PRC-2025-0761,GRT-2024-004,PRJ-2024-006,BDL-0229,VND-0099,LOC-MAN-002,FP-2025-02,STS-008,Quotation,Indigenous Tree Seedlings for PRJ-2024-006,8048,Sets,600.0,4828800.0,TZS,2025-02-24,2025-04-08,2025-04-11,GRN-2025-0761,INV-VND-2025-0761,2025-04-14,,,,4,False,PC-2025-001,
PRC-2025-0762,GRT-2024-002,PRJ-2024-003,BDL-0155,VND-0050,LOC-ARU-003,FP-2025-09,STS-006,Quotation,Toyota Land Cruiser 4x4 for PRJ-2024-003,1,Pieces,42272700.0,42272700.0,TZS,2025-09-06,2025-10-01,,,,,,,,3,False,PC-2025-064,
PRC-2025-0763,GRT-2024-001,PRJ-2024-007,BDL-0096,VND-0135,LOC-ARU-002,FP-2025-06,STS-010,Quotation,Office Desk for PRJ-2024-007,2,Boxes,713600.0,1427200.0,TZS,2025-06-07,2025-07-08,2025-07-23,GRN-2025-0763,INV-VND-2025-0763,2025-07-25,2025-08-24,2025-08-14,EXP-21753,5,False,PC-2025-081,
PRC-2025-0764,GRT-2024-002,PRJ-2024-003,BDL-0155,VND-0037,LOC-ARU-003,FP-2025-04,STS-010,Quotation,Timber Planks for PRJ-2024-003,113,Boxes,14800.0,1672400.0,TZS,2025-04-06,2025-04-25,28/04/2025,GRN-2025-0764,INV-VND-2025-0735,2025-04-30,2025-05-30,,EXP-11221,4,False,,
PRC-2025-0765,GRT-2023-002,PRJ-2023-004,BDL-0035,VND-0048,LOC-ARU-002,FP-2025-06,STS-009,Quotation,Toner Cartridge for PRJ-2023-004,35,Pieces,42100.0,1473500.0,TZS,2025-06-25,2025-07-17,2025-07-15,GRN-2025-0765,INV-VND-2025-0765,07-21-2025,2025-08-20,2025-08-20,EXP-20255,4,False,PC-2025-157,
PRC-2025-0766,GRT-2022-004,PRJ-2023-005,BDL-0136,VND-0113,LOC-KIL-001,FP-2025-07,STS-007,Quotation,Dell Laptop Computer for PRJ-2023-005,1,Sets,1943000.0,1943000.0,TZS,2025-07-25,2025-08-04,2025-08-15,GRN-2025-0766,,,,,,3,False,PC-2025-170,
PRC-2025-0767,GRT-2023-001,PRJ-2023-011,BDL-0021,VND-0063,LOC-MAN-001,FP-2025-07,STS-002,Quotation,Vegetable Seed Pack for PRJ-2023-011,263,Kg,9300.0,2445900.0,TZS,2025-07-18,2025-08-28,,,,,,,,5,False,PC-2025-047,
PRC-2025-0768,GRT-2024-004,PRJ-2024-006,BDL-0212,VND-0053,LOC-MAN-002,FP-2025-06,STS-009,Quotation,Indigenous Tree Seedlings for PRJ-2024-006,4481,Boxes,700.0,3136700.0,TZS,2025-06-08,2025-07-01,2025-07-14,GRN-2025-0768,INV-VND-2025-0768,2025-07-16,2025-08-15,2025-08-08,EXP-42650,5,False,,
PRC-2025-0769,GRT-2023-004,PRJ-2023-008,BDL-0111,VND-0071,LOC-MAN-002,FP-2025-09,STS-010,Quotation,Projector Epson for PRJ-2023-008,1,Units,1347300.0,1347300.0,TZS,2025-09-20,2025-10-15,2025-10-13,GRN-2025-0769,INV-VND-2025-0769,2025-10-15,2025-11-14,2025-11-09,EXP-23574,3,False,PC-2025-117,
PRC-2025-0770,GRT-2023-004,PRJ-2023-008,BDL-0117,VND-0104,LOC-MAN-002,FP-2025-06,STS-005,Quotation,Toyota Land Cruiser 4x4 for PRJ-2023-008,1,Kg,43754200.0,43754200.0,TZS,2025-06-28,21-Jul-2025,,,,,,,,3,False,PC-2025-097,
PRC-2025-0771,GRT-2021-001,PRJ-2023-007,BDL-0199,VND-0103,LOC-ARU-001,FP-2025-07,STS-009,Direct Purchase,Flipchart Paper Pad for PRJ-2023-007,19,Pieces,20000.0,380000.0,TZS,2025-07-03,2025-07-10,2025-07-15,GRN-2025-0771,INV-VND-2025-0771,2025-07-22,2025-08-21,2025-08-16,EXP-90458,1,False,,
PRC-2025-0772,GRT-2021-001,PRJ-2023-007,BDL-0195,VND-0043,LOC-ARU-001,FP-2025-07,STS-005,Quotation,Fruit Tree Seedlings for PRJ-2023-007,1699,Units,1100.0,1868900.0,TZS,2025-07-17,2025-08-29,,,,,,,,4,False,,
PRC-2025-0773,GRT-2023-001,PRJ-2023-001,BDL-0021,VND-0110,LOC-KIL-001,FP-2025-06,STS-002,Tender,Toyota Land Cruiser 4x4 for PRJ-2023-001,1,Boxes,41816500.0,41816500.0,TZS,2025-06-26,2025-07-23,,,,,,,,6,False,PC-2025-056,
PRC-2025-0774,GRT-2023-003,PRJ-2023-013,BDL-0070,VND-0012,LOC-ARU-001,FP-2025-07,STS-009,Quotation,Conference Table for PRJ-2023-013,1,Kg,1279000.0,1279000.0,TZS,2025-07-07,2025-07-20,2025-07-23,GRN-2025-0774,INV-VND-2025-0774,2025-07-24,2025-08-23,2025-08-15,EXP-15301,5,False,,
PRC-2025-0775,GRT-2023-003,PRJ-2023-006,BDL-0063,VND-0149,LOC-KIL-001,FP-2025-08,STS-009,Tender,Improved Maize Seed 5kg for PRJ-2023-006,783,Boxes,18600.0,14563800.0,TZS,2025-08-08,2025-09-03,2025-08-31,GRN-2025-0775,INV-VND-2025-0775,2025-09-05,2025-10-05,2025-10-30,EXP-44359,7,False,PC-2025-107,
PRC-2025-0776,GRT-2023-001,PRJ-2023-011,BDL-0015,VND-0050,LOC-MAN-001,FP-2025-08,STS-010,Tender,Indigenous Tree Seedlings for PRJ-2023-011,7927,Boxes,700.0,5548900.0,TZS,2025-08-07,2025-09-02,2025-09-02,GRN-2025-0776,INV-VND-2025-0776,08-Sep-2025,2025-10-08,2025-10-31,EXP-96311,6,False,PC-2025-073,
PRC-2025-0777,GRT-2023-002,PRJ-2023-012,BDL-0028,VND-0026,LOC-ARU-001,FP-2025-08,STS-008,Direct Purchase,Flipchart Paper Pad for PRJ-2023-012,12,Kg,20100.0,241200.0,TZS,2025-08-11,2025-09-24,2025-09-29,GRN-2025-0777,INV-VND-2025-0777,2025-10-04,,,,1,False,,
PRC-2025-0778,GRT-2023-001,PRJ-2023-001,BDL-0006,VND-0049,LOC-KIL-001,FP-2025-03,STS-008,Quotation,Notebooks Pack for PRJ-2023-001,190,Litres,9200.0,1748000.0,TZS,2025-03-05,2025-03-12,2025-03-19,GRN-2025-0778,INV-VND-2025-0778,2025-03-22,,,,5,False,,
PRC-2025-0779,GRT-2023-005,PRJ-2023-010,BDL-0152,VND-0105,LOC-KIL-001,FP-2025-08,STS-009,Quotation,Projector Epson for PRJ-2023-010,1,Sets,1199400.0,1199400.0,TZS,2025-08-26,2025-09-17,2025-09-21,GRN-2025-0779,INV-VND-2025-0779,2025-09-26,2025-10-26,2025-10-23,EXP-75745,5,False,,
PRC-2025-0780,GRT-2024-002,PRJ-2024-004,BDL-0159,VND-0056,LOC-MAN-004,FP-2025-09,STS-005,Quotation,HP Desktop Computer for PRJ-2024-004,1,Kg,1366600.0,1366600.0,TZS,2025-09-30,2025-10-17,,,,,,,,3,False,PC-2025-001,
PRC-2025-0781,GRT-2023-004,PRJ-2023-008,BDL-0111,VND-0046,LOC-MAN-002,FP-2025-09,STS-010,Quotation,Projector Epson for PRJ-2023-008,1,Pieces,1177600.0,1177600.0,TZS,2025-09-18,2025-10-26,2025-11-04,GRN-2025-0781,INV-VND-2025-0765,2025-11-05,2025-12-05,2025-11-25,EXP-58527,5,False,,
PRC-2025-0782,GRT-2024-004,PRJ-2024-006,BDL-0213,VND-0097,LOC-MAN-002,FP-2025-04,STS-009,Quotation,Office Chair for PRJ-2024-006,13,Boxes,272900.0,3547700.0,TZS,2025-04-02,2025-05-04,2025-05-13,GRN-2025-0782,INV-VND-2025-0782,2025-05-20,2025-06-19,2025-06-13,EXP-32389,5,False,,
PRC-2025-0783,GRT-2023-004,PRJ-2023-009,BDL-0113,VND-0113,LOC-MAN-003,FP-2025-09,STS-006,Quotation,Toner Cartridge for PRJ-2023-009,32,Sets,50500.0,1616000.0,TZS,2025-09-15,2025-10-01,,,,,,,,5,False,,
PRC-2025-0784,GRT-2023-001,PRJ-2023-001,BDL-0018,VND-0079,LOC-KIL-001,FP-2025-07,STS-006,Direct Purchase,Network Switch for PRJ-2023-001,1,Litres,406600.0,406600.0,TZS,2025-07-14,2025-08-26,,,,,,,,1,False,,
PRC-2025-0785,GRT-2023-002,PRJ-2023-004,BDL-0035,VND-0087,LOC-ARU-002,FP-2025-10,STS-009,Quotation,Vegetable Seed Pack for PRJ-2023-004,511,Sets,9000.0,4599000.0,TZS,2025-10-15,2025-10-28,2025-11-06,GRN-2025-0785,,2025-11-11,2025-12-11,2025-12-07,EXP-48012,3,False,PC-2025-103,
PRC-2025-0786,GRT-2022-004,PRJ-2023-005,BDL-0133,VND-0053,LOC-KIL-001,FP-2025-05,STS-009,Quotation,Filing Cabinet for PRJ-2023-005,3,Pieces,427700.0,1283100.0,TZS,2025-05-24,2025-06-22,2025-07-05,GRN-2025-0786,INV-VND-2025-0786,2025-07-07,2025-08-06,2025-09-14,EXP-85121,3,False,,
PRC-2025-0787,GRT-2023-002,PRJ-2023-004,BDL-0039,VND-0106,LOC-ARU-002,FP-2025-02,STS-001,Tender,Malaria Rapid Test Kits Box for PRJ-2023-004,36,Litres,319200.0,11491200.0,TZS,2025-02-07,2025-03-08,,,,,,,,3,False,PC-2025-013,
PRC-2025-0788,GRT-2024-002,PRJ-2024-003,BDL-0166,VND-0033,LOC-ARU-003,FP-2025-06,STS-010,Quotation,Timber Planks for PRJ-2024-003,165,Units,14200.0,2343000.0,TZS,2025-06-14,18-Jul-2025,2025-07-29,GRN-2025-0788,INV-VND-2025-0788,2025-08-03,2025-09-02,2025-09-02,EXP-95672,4,False,PC-2025-139,
PRC-2025-0789,GRT-2024-001,PRJ-2024-001,BDL-0092,VND-0089,LOC-MAN-001,FP-2025-07,STS-010,Quotation,Projector Epson for PRJ-2024-001,1,Sets,1162300.0,1162300.0,TZS,2025-07-25,2025-08-11,2025-08-17,GRN-2025-0789,INV-VND-2025-0789,2025-08-21,2025-09-20,2025-10-03,EXP-25313,4,False,PC-2025-109,
PRC-2025-0790,GRT-2023-001,PRJ-2023-001,BDL-0011,VND-0062,LOC-KIL-001,FP-2025-06,STS-007,Tender,Vegetable Seed Pack for PRJ-2023-001,675,Boxes,8200.0,5535000.0,TZS,2025-06-11,2025-07-08,2025-07-16,GRN-2025-0790,,,,,,6,False,PC-2025-100,
PRC-2025-0791,GRT-2022-003,PRJ-2023-003,BDL-0046,VND-0025,LOC-KIL-003,FP-2025-03,STS-006,Quotation,Eucalyptus Seedlings for PRJ-2023-003,3262,Sets,900.0,2935800.0,TZS,2025-03-21,2025-04-08,,,,,,,,5,False,,
PRC-2025-0792,GRT-2022-004,PRJ-2023-005,BDL-0133,VND-0047,LOC-KIL-001,FP-2025-06,STS-007,Quotation,Filing Cabinet for PRJ-2023-005,3,Pieces,393800.0,1181400.0,TZS,2025-06-28,2025-08-09,2025-08-16,GRN-2025-0792,,,,,,3,False,,
PRC-2025-0793,GRT-2023-002,PRJ-2023-004,BDL-0038,VND-0100,LOC-ARU-002,FP-2025-07,STS-009,Quotation,Indigenous Tree Seedlings for PRJ-2023-004,5008,Sets,500.0,2504000.0,TZS,2025-07-19,2025-08-14,2025-08-13,GRN-2025-0793,INV-VND-2025-0793,2025-08-17,2025-09-16,2025-09-09,EXP-40188,4,False,PC-2025-014,
PRC-2025-0794,GRT-2023-002,PRJ-2023-004,BDL-0033,VND-0034,LOC-ARU-002,FP-2025-04,STS-010,Direct Purchase,Network Switch for PRJ-2023-004,1,Units,369500.0,369500.0,TZS,2025-04-29,2025-05-08,2025-05-15,GRN-2025-0794,INV-VND-2025-0794,2025-05-20,2025-06-19,2025-06-16,EXP-35589,1,False,,
PRC-2025-0795,GRT-2023-001,PRJ-2023-002,BDL-0017,VND-0034,LOC-KIL-002,FP-2025-01,STS-009,Quotation,Iron Sheets for PRJ-2023-002,85,Kg,46800.0,3978000.0,TZS,2025-01-19,2025-02-13,2025-02-27,GRN-2025-0795,INV-VND-2025-0795,2025-03-02,2025-04-01,,EXP-33794,4,False,PC-2025-045,
PRC-2025-0796,GRT-2024-004,PRJ-2024-006,BDL-0228,VND-0058,LOC-MAN-002,FP-2025-07,STS-009,Quotation,Conference Table for PRJ-2024-006,1,Pieces,1163800.0,1163800.0,TZS,2025-07-27,2025-08-13,2025-08-28,GRN-2025-0796,INV-VND-2025-0796,2025-09-02,2025-10-02,2025-09-28,EXP-39423,4,False,,
PRC-2025-0797,GRT-2024-001,PRJ-2024-007,BDL-0083,VND-0145,LOC-ARU-002,FP-2025-05,STS-009,Quotation,Dell Laptop Computer for PRJ-2024-007,1,Sets,1869300.0,1869300.0,TZS,2025-05-14,2025-06-11,2025-06-13,GRN-2025-0797,INV-VND-2025-0797,2025-06-14,2025-07-14,2025-07-08,EXP-96975,4,False,PC-2025-059,
PRC-2025-0798,GRT-2023-003,PRJ-2023-013,BDL-0075,VND-0020,LOC-ARU-001,FP-2025-10,STS-009,Quotation,Markers Set for PRJ-2023-013,40,Litres,13400.0,536000.0,TZS,2025-10-08,2025-10-23,2025-11-05,GRN-2025-0798,INV-VND-2025-0798,2025-11-12,2025-12-12,2025-12-10,EXP-28803,4,False,PC-2025-085,
PRC-2025-0799,GRT-2021-001,PRJ-2023-007,BDL-0209,VND-0075,LOC-ARU-001,FP-2025-07,STS-006,Quotation,Flipchart Paper Pad for PRJ-2023-007,37,Boxes,19600.0,725200.0,TZS,2025-07-02,2025-07-15,,,,,,,,5,False,PC-2025-077,
PRC-2025-0800,GRT-2024-004,PRJ-2024-006,BDL-0213,VND-0046,LOC-MAN-002,FP-2025-05,STS-009,Tender,Malaria Rapid Test Kits Box for PRJ-2024-006,40,Pieces,287200.0,11488000.0,TZS,2025-05-20,2025-06-27,2025-07-11,GRN-2025-0800,INV-VND-2025-0800,2025-07-14,2025-08-13,2025-08-13,EXP-90897,7,False,PC-2025-030,
PRC-2025-0801,GRT-2024-002,PRJ-2024-003,BDL-0156,VND-0067,LOC-ARU-003,FP-2025-06,STS-010,Tender,Indigenous Tree Seedlings for PRJ-2024-003,10055,Litres,700.0,7038500.0,TZS,2025-06-27,2025-07-16,2025-07-17,GRN-2025-0801,INV-VND-2025-0801,2025-07-18,2025-08-17,2025-08-16,EXP-25972,3,False,PC-2025-197,
PRC-2025-0802,GRT-2023-004,PRJ-2023-008,BDL-0113,VND-0037,LOC-MAN-002,FP-2025-07,STS-002,Quotation,Manila Files Box for PRJ-2023-008,49,Units,15500.0,759500.0,TZS,2025-07-01,2025-07-11,,,,,,,,3,False,PC-2025-129,
PRC-2025-0803,GRT-2024-004,PRJ-2024-006,BDL-0225,VND-0092,LOC-MAN-002,FP-2025-05,STS-009,Quotation,Office Chair for PRJ-2024-006,18,Sets,257500.0,4635000.0,TZS,2025-05-20,2025-06-09,2025-06-17,GRN-2025-0803,INV-VND-2025-0803,2025-06-22,2025-07-22,2025-07-27,EXP-92133,5,False,PC-2025-090,
PRC-2025-0804,GRT-2024-002,PRJ-2024-004,BDL-0166,VND-0070,LOC-MAN-004,FP-2025-07,STS-004,Direct Purchase,Markers Set for PRJ-2024-004,31,Boxes,13200.0,409200.0,TZS,2025-07-28,2025-08-22,,,,,,,,1,False,,
PRC-2025-0805,GRT-2023-001,PRJ-2023-011,BDL-0016,VND-0145,LOC-MAN-001,FP-2025-05,STS-007,Quotation,Pens and Pencils Box for PRJ-2023-011,65,Kg,12100.0,786500.0,TZS,2025-05-22,2025-06-16,2025-06-18,GRN-2025-0805,,,,,,5,False,PC-2025-097,
PRC-2025-0806,GRT-2023-003,PRJ-2023-013,BDL-0075,VND-0010,LOC-ARU-001,FP-2025-07,STS-002,Tender,Medical Gloves Box for PRJ-2023-013,130,Boxes,49700.0,6461000.0,TZS,07-25-2025,08/08/2025,,,,,,,,6,False,PC-2025-068,
PRC-2025-0807,GRT-2021-001,PRJ-2023-007,BDL-0203,VND-0113,LOC-ARU-001,FP-2025-10,STS-009,Direct Purchase,Computer Accessories Set for PRJ-2023-007,1,Pieces,374200.0,374200.0,TZS,2025-10-12,2025-11-25,2025-11-29,GRN-2025-0807,INV-VND-2025-0807,2025-12-06,2026-01-05,2026-01-05,EXP-85411,1,False,,
PRC-2025-0808,GRT-2024-001,PRJ-2024-007,BDL-0088,VND-0126,LOC-ARU-002,FP-2025-05,STS-007,Quotation,Timber Planks for PRJ-2024-007,190,Boxes,15400.0,2926000.0,TZS,2025-05-16,06-13-2025,2025-06-27,GRN-2025-0808,,,,,,4,False,PC-2025-082,
PRC-2025-0809,GRT-2023-002,PRJ-2023-004,BDL-0025,VND-0130,LOC-ARU-002,FP-2025-09,STS-003,Quotation,Pens and Pencils Box for PRJ-2023-004,47,Boxes,11400.0,535800.0,TZS,2025-09-24,2025-10-14,,,,,,,,5,False,PC-2025-195,
PRC-2025-0810,GRT-2024-001,PRJ-2024-001,BDL-0098,VND-0035,LOC-MAN-001,FP-2025-07,STS-010,Quotation,Improved Maize Seed 5kg for PRJ-2024-001,424,Units,16200.0,6868800.0,TZS,2025-07-12,2025-07-31,2025-08-13,GRN-2025-0810,INV-VND-2025-0810,2025-08-20,2025-09-19,2025-09-19,EXP-34417,7,False,PC-2025-029,
PRC-2025-0811,GRT-2023-001,PRJ-2023-002,BDL-0021,VND-0076,LOC-KIL-002,FP-2025-02,STS-003,Direct Purchase,Markers Set for PRJ-2023-002,15,Boxes,13100.0,196500.0,TZS,2025-02-12,2025-03-22,,,,,,,,1,False,,
PRC-2025-0812,GRT-2023-001,PRJ-2023-002,BDL-0020,VND-0129,LOC-KIL-002,FP-2025-06,STS-005,Direct Purchase,UPS Battery for PRJ-2023-002,1,Boxes,476400.0,476400.0,TZS,2025-06-05,2025-07-16,,,,,,,,1,False,,
PRC-2025-0813,GRT-2024-001,PRJ-2024-007,BDL-0096,VND-0115,LOC-ARU-002,FP-2025-05,STS-007,Tender,Toyota Hilux Double Cab for PRJ-2024-007,1,Units,32768100.0,32768100.0,TZS,2025-05-30,2025-06-19,2025-06-21,GRN-2025-0813,,,,,,4,False,PC-2025-048,
PRC-2025-0814,GRT-2024-002,PRJ-2024-004,BDL-0160,VND-0018,LOC-MAN-004,FP-2025-02,STS-010,Quotation,Pens and Pencils Box for PRJ-2024-004,65,Litres,12100.0,786500.0,TZS,2025-02-01,02-10-2025,2025-02-17,GRN-2025-0814,INV-VND-2025-0814,2025-02-19,21/03/2025,2025-03-15,EXP-27765,5,False,,
PRC-2025-0815,GRT-2024-001,PRJ-2024-007,BDL-0083,VND-0150,LOC-ARU-002,FP-2025-03,STS-005,Quotation,Oral Rehydration Salts for PRJ-2024-007,119,Sets,33200.0,3950800.0,TZS,2025-03-11,2025-03-31,,,,,,,,3,False,PC-2025-168,
PRC-2025-0816,GRT-2023-001,PRJ-2023-011,BDL-0005,VND-0046,LOC-MAN-001,FP-2025-09,STS-004,Quotation,Notebooks Pack for PRJ-2023-011,97,Units,9600.0,931200.0,TZS,2025-09-25,2025-10-09,,,,,,,,4,False,PC-2025-191,
PRC-2025-0817,GRT-2023-005,PRJ-2023-010,BDL-0139,VND-0039,LOC-KIL-001,FP-2025-08,STS-005,Quotation,Sunflower Seeds 1kg for PRJ-2023-010,357,Units,17000.0,6069000.0,TZS,2025-08-06,2025-08-13,,,,,,,,4,False,PC-2025-093,
PRC-2025-0818,GRT-2023-001,PRJ-2023-001,BDL-0019,VND-0130,LOC-KIL-001,FP-2025-07,STS-008,Quotation,Participant Bags for PRJ-2023-001,182,Pieces,24800.0,4513600.0,TZS,2025-07-14,2025-08-10,10-Aug-2025,GRN-2025-0818,INV-VND-2025-0818,2025-08-12,,,,3,False,PC-2025-054,
PRC-2025-0819,GRT-2024-002,PRJ-2024-003,BDL-0172,VND-0111,LOC-ARU-003,FP-2025-03,STS-009,Direct Purchase,External Hard Drive for PRJ-2024-003,1,Litres,166800.0,166800.0,TZS,2025-03-12,2025-04-08,2025-04-22,GRN-2025-0819,INV-VND-2025-0819,2025-04-29,2025-05-29,2025-06-30,EXP-80843,1,False,,
PRC-2025-0820,GRT-2023-005,PRJ-2023-010,BDL-0141,VND-0122,LOC-KIL-001,FP-2025-10,STS-006,Tender,Office Desk for PRJ-2023-010,9,Litres,666300.0,5996700.0,TZS,2025-10-03,2025-10-24,,,,,,,,5,False,PC-2025-117,
PRC-2025-0821,GRT-2024-001,PRJ-2024-001,BDL-0087,VND-0076,LOC-MAN-001,FP-2025-03,STS-010,Quotation,Improved Maize Seed 5kg for PRJ-2024-001,287,Units,18800.0,5395600.0,TZS,2025-03-21,2025-04-09,2025-04-16,GRN-2025-0821,INV-VND-2025-0821,2025-04-19,2025-05-19,2025-05-11,EXP-67284,6,False,PC-2025-156,
PRC-2025-0822,GRT-2023-001,PRJ-2023-001,BDL-0006,VND-0001,LOC-KIL-001,FP-2025-05,STS-001,Quotation,Paracetamol Tablets for PRJ-2023-001,305,Boxes,30400.0,9272000.0,TZS,2025-05-01,2025-05-21,,,,,,,,5,False,PC-2025-085,
PRC-2025-0823,GRT-2024-002,PRJ-2024-004,BDL-0168,VND-0025,LOC-MAN-004,FP-2025-01,STS-004,Quotation,Dell Laptop Computer for PRJ-2024-004,1,Boxes,1854500.0,1854500.0,TZS,2025-01-16,2025-01-24,,,,,,,,5,False,,
PRC-2025-0824,GRT-2024-003,PRJ-2024-005,BDL-0188,VND-0143,LOC-ARU-004,FP-2025-08,STS-010,Quotation,Manila Files Box for PRJ-2024-005,84,Units,14800.0,1243200.0,TZS,2025-08-20,2025-09-26,2025-10-01,GRN-2025-0824,INV-VND-2025-0824,2025-10-02,2025-11-01,2025-12-14,EXP-87265,5,False,PC-2025-022,
PRC-2025-0825,GRT-2022-003,PRJ-2023-003,BDL-0059,VND-0018,LOC-KIL-003,FP-2025-05,STS-005,Quotation,Sunflower Seeds 1kg for PRJ-2023-003,250,Sets,16300.0,4075000.0,TZS,2025-05-28,2025-06-04,,,,,,,,4,False,PC-2025-039,
PRC-2025-0826,GRT-2024-002,PRJ-2024-004,BDL-0172,VND-0025,LOC-MAN-004,FP-2025-03,STS-009,Quotation,Sunflower Seeds 1kg for PRJ-2024-004,274,Boxes,16100.0,4411400.0,TZS,2025-03-04,2025-03-14,2025-03-28,GRN-2025-0826,INV-VND-2025-0826,2025-04-03,2025-05-03,2025-05-01,EXP-80657,4,False,PC-2025-111,
PRC-2025-0827,GRT-2022-004,PRJ-2023-005,BDL-0120,VND-0003,LOC-KIL-001,FP-2025-07,STS-009,Quotation,Cement Bags for PRJ-2023-005,249,Litres,30000.0,7470000.0,TZS,2025-07-17,2025-08-05,2025-08-15,GRN-2025-0827,INV-VND-2025-0827,2025-08-17,2025-09-16,2025-09-09,EXP-12280,6,False,PC-2025-059,
PRC-2025-0828,GRT-2023-003,PRJ-2023-006,BDL-0081,VND-0015,LOC-KIL-001,FP-2025-04,STS-003,Quotation,Projector Epson for PRJ-2023-006,1,Boxes,1339900.0,1339900.0,TZS,2025-04-13,2025-05-04,,,,,,,,4,False,PC-2025-030,
PRC-2025-0829,GRT-2024-003,PRJ-2024-005,BDL-0176,VND-0148,LOC-ARU-004,FP-2025-01,STS-003,Tender,Toyota Land Cruiser 4x4 for PRJ-2024-005,1,Sets,41930500.0,41930500.0,TZS,2025-01-30,2025-02-22,,,,,,,,3,False,PC-2025-090,
PRC-2025-0830,GRT-2023-004,PRJ-2023-009,BDL-0109,VND-0138,LOC-MAN-003,FP-2025-06,STS-010,Quotation,Notebooks Pack for PRJ-2023-009,148,Kg,9500.0,1406000.0,TZS,2025-06-17,2025-07-18,2025-07-15,GRN-2025-0830,INV-VND-2025-0830,2025-07-16,2025-08-15,2025-08-15,EXP-57965,4,False,PC-2025-108,
PRC-2025-0831,GRT-2023-005,PRJ-2023-010,BDL-0147,VND-0043,LOC-KIL-001,FP-2025-01,STS-009,Tender,Eucalyptus Seedlings for PRJ-2023-010,8120,Litres,700.0,5684000.0,TZS,2025-01-16,2025-02-24,2025-03-05,GRN-2025-0831,INV-VND-2025-0831,2025-03-11,2025-04-10,2025-04-05,EXP-62453,4,False,PC-2025-101,
PRC-2025-0832,GRT-2023-003,PRJ-2023-013,BDL-0070,VND-0066,LOC-ARU-001,FP-2025-03,STS-010,Quotation,HP Desktop Computer for PRJ-2023-013,1,Units,1483700.0,1483700.0,TZS,2025-03-11,2025-04-19,2025-04-25,GRN-2025-0832,INV-VND-2025-0832,2025-04-29,2025-05-29,2025-05-27,EXP-26456,4,False,,
PRC-2025-0833,GRT-2022-003,PRJ-2023-003,BDL-0052,VND-0137,LOC-KIL-003,FP-2025-01,STS-009,Direct Purchase,UPS Battery for PRJ-2023-003,1,Boxes,433900.0,433900.0,TZS,2025-01-23,2025-02-24,01-Mar-2025,GRN-2025-0833,INV-VND-2025-0833,2025-03-07,2025-04-06,2025-04-05,EXP-23248,1,False,,
PRC-2025-0834,GRT-2024-001,PRJ-2024-001,BDL-0099,VND-0073,LOC-MAN-001,FP-2025-08,STS-001,Direct Purchase,Computer Accessories Set for PRJ-2024-001,1,Units,351700.0,351700.0,TZS,2025-08-10,2025-09-11,,,,,,,,1,False,,
PRC-2025-0835,GRT-2023-003,PRJ-2023-006,BDL-0072,VND-0138,LOC-KIL-001,FP-2025-06,STS-008,Quotation,Improved Maize Seed 5kg for PRJ-2023-006,851,Litres,17000.0,14467000.0,TZS,2025-06-23,2025-08-02,2025-08-12,GRN-2025-0835,,2025-08-14,,,,3,False,PC-2025-182,
PRC-2025-0836,GRT-2021-001,PRJ-2023-007,BDL-0193,VND-0129,LOC-ARU-001,FP-2025-09,STS-010,Quotation,Cement Bags for PRJ-2023-007,124,Kg,30900.0,3831600.0,TZS,2025-09-15,2025-09-29,2025-10-03,GRN-2025-0836,INV-VND-2025-0836,2025-10-09,2025-11-08,2025-11-07,EXP-87292,3,False,,
PRC-2025-0837,GRT-2023-003,PRJ-2023-013,BDL-0062,VND-0062,LOC-ARU-001,FP-2025-07,STS-010,Direct Purchase,Computer Accessories Set for PRJ-2023-013,1,Sets,370700.0,370700.0,TZS,2025-07-02,2025-08-01,2025-07-29,GRN-2025-0837,INV-VND-2025-0837,2025-07-30,2025-08-29,,EXP-54659,1,False,,
PRC-2025-0838,GRT-2022-004,PRJ-2023-005,BDL-0133,VND-0105,LOC-KIL-001,FP-2025-09,STS-009,Quotation,Paracetamol Tablets for PRJ-2023-005,133,Boxes,28100.0,3737300.0,TZS,2025-09-12,2025-09-28,2025-09-29,GRN-2025-0838,INV-VND-2025-0838,2025-10-05,2025-11-04,2025-10-26,EXP-93065,4,False,PC-2025-008,
PRC-2025-0839,GRT-2023-001,PRJ-2023-001,BDL-0006,VND-0107,LOC-KIL-001,FP-2025-06,STS-009,Quotation,Manila Files Box for PRJ-2023-001,52,Kg,14800.0,769600.0,TZS,2025-06-14,2025-07-03,2025-07-04,GRN-2025-0839,INV-VND-2025-0839,2025-07-08,2025-08-07,,EXP-25930,5,False,,
PRC-2025-0840,GRT-2024-003,PRJ-2024-005,BDL-0185,VND-0106,LOC-ARU-004,FP-2025-03,STS-010,Quotation,Projector Epson for PRJ-2024-005,1,Pieces,1334900.0,1334900.0,TZS,28/03/2025,2025-04-09,2025-04-16,GRN-2025-0840,INV-VND-2025-0840,2025-04-17,2025-05-17,2025-05-13,EXP-29030,4,False,PC-2025-179,
PRC-2025-0841,GRT-2024-001,PRJ-2024-001,BDL-0089,VND-0116,LOC-MAN-001,FP-2025-06,STS-001,Quotation,Iron Sheets for PRJ-2024-001,68,Pieces,43700.0,2971600.0,TZS,2025-06-18,2025-07-01,,,,,,,,4,False,,
PRC-2025-0842,GRT-2023-002,PRJ-2023-004,BDL-0033,VND-0005,LOC-ARU-002,FP-2025-05,STS-009,Tender,Training Handouts Printing for PRJ-2023-004,329,Sets,37800.0,12436200.0,TZS,2025-05-20,2025-06-10,2025-06-17,GRN-2025-0842,INV-VND-2025-0842,2025-06-22,2025-07-22,2025-07-27,EXP-52710,5,False,PC-2025-104,
PRC-2025-0843,GRT-2023-002,PRJ-2023-004,BDL-0032,VND-0091,LOC-ARU-002,FP-2025-09,STS-003,Quotation,Timber Planks for PRJ-2023-004,98,Litres,16400.0,1607200.0,TZS,2025-09-01,2025-10-09,,,,,,,,3,False,PC-2025-036,
PRC-2025-0844,GRT-2024-002,PRJ-2024-003,BDL-0162,VND-0017,LOC-ARU-003,FP-2025-08,STS-009,Quotation,Manila Files Box for PRJ-2024-003,59,Litres,14400.0,849600.0,TZS,2025-08-25,2025-09-24,2025-09-29,GRN-2025-0844,INV-VND-2025-0844,2025-10-03,2025-11-02,2025-11-02,EXP-56937,4,False,,
PRC-2025-0845,GRT-2023-004,PRJ-2023-008,BDL-0115,VND-0050,LOC-MAN-002,FP-2025-04,STS-009,Direct Purchase,External Hard Drive for PRJ-2023-008,1,Pieces,206000.0,206000.0,TZS,2025-04-20,2025-05-25,2025-05-31,GRN-2025-0845,INV-VND-2025-0845,2025-06-07,2025-07-07,2025-07-02,EXP-70164,1,False,,
PRC-2025-0846,GRT-2024-004,PRJ-2024-006,BDL-0219,VND-0093,LOC-MAN-002,FP-2025-02,STS-005,Quotation,Conference Table for PRJ-2024-006,1,Sets,1083100.0,1083100.0,TZS,2025-02-18,2025-03-10,,,,,,,,5,False,PC-2025-097,
PRC-2025-0847,GRT-2023-003,PRJ-2023-013,BDL-0065,VND-0064,LOC-ARU-001,FP-2025-10,STS-006,Quotation,Conference Table for PRJ-2023-013,1,Boxes,1201900.0,1201900.0,TZS,2025-10-09,2025-11-10,,,,,,,,5,False,,
PRC-2025-0848,GRT-2023-001,PRJ-2023-001,BDL-0017,VND-0089,LOC-KIL-001,FP-2025-05,STS-008,Quotation,Markers Set for PRJ-2023-001,40,Litres,13000.0,520000.0,TZS,2025-05-26,2025-06-02,2025-06-09,GRN-2025-0848,INV-VND-2025-0848,2025-06-15,,,,4,False,PC-2025-153,
PRC-2025-0849,GRT-2023-005,PRJ-2023-010,BDL-0152,VND-0134,LOC-KIL-001,FP-2025-03,STS-010,Quotation,Pens and Pencils Box for PRJ-2023-010,87,Pieces,12400.0,1078800.0,TZS,2025-03-22,2025-04-27,2025-04-30,GRN-2025-0849,INV-VND-2025-0849,2025-05-06,2025-06-05,2025-05-26,EXP-29297,3,False,PC-2025-047,
PRC-2025-0850,GRT-2024-001,PRJ-2024-001,BDL-0088,VND-0003,LOC-MAN-001,FP-2025-03,STS-005,Quotation,Sunflower Seeds 1kg for PRJ-2024-001,351,Units,15000.0,5265000.0,TZS,2025-03-09,2025-04-12,,,,,,,,3,False,PC-2025-096,
PRC-2025-0851,GRT-2024-001,PRJ-2024-007,BDL-0083,VND-0128,LOC-ARU-002,FP-2025-02,STS-001,Quotation,Motorcycle Honda for PRJ-2024-007,1,Units,4607400.0,4607400.0,TZS,2025-02-20,2025-03-27,,,,,,,,3,False,PC-2025-016,
PRC-2025-0852,GRT-2023-001,PRJ-2023-002,BDL-0011,VND-0044,LOC-KIL-002,FP-2025-05,STS-007,Quotation,Bean Seeds 2kg for PRJ-2023-002,243,Boxes,12000.0,2916000.0,TZS,2025-05-09,2025-05-23,03/06/2025,GRN-2025-0852,,,,,,4,False,,
PRC-2025-0853,GRT-2023-001,PRJ-2023-002,BDL-0013,VND-0150,LOC-KIL-002,FP-2025-05,STS-009,Quotation,Pens and Pencils Box for PRJ-2023-002,91,Sets,12600.0,1146600.0,TZS,2025-05-07,2025-06-21,2025-06-25,GRN-2025-0853,INV-VND-2025-0853,2025-07-01,2025-07-31,,EXP-33616,5,False,,
PRC-2025-0854,GRT-2023-005,PRJ-2023-010,BDL-0150,VND-0074,LOC-KIL-001,FP-2025-04,STS-007,Quotation,Filing Cabinet for PRJ-2023-010,5,Sets,385100.0,1925500.0,TZS,2025-04-30,2025-06-13,2025-06-25,GRN-2025-0854,,,,,,3,False,PC-2025-142,
PRC-2025-0855,GRT-2024-001,PRJ-2024-001,BDL-0083,VND-0083,LOC-MAN-001,FP-2025-03,STS-009,Quotation,Training Handouts Printing for PRJ-2024-001,326,Litres,38900.0,12681400.0,TZS,03-08-2025,2025-04-20,22/04/2025,GRN-2025-0855,INV-VND-2025-0855,2025-04-24,2025-05-24,2025-05-23,EXP-58680,4,False,PC-2025-012,
PRC-2025-0856,GRT-2023-003,PRJ-2023-006,BDL-0061,VND-0111,LOC-KIL-001,FP-2025-03,STS-010,Quotation,Eucalyptus Seedlings for PRJ-2023-006,2805,Pieces,900.0,2524500.0,TZS,2025-03-14,2025-04-04,2025-04-11,GRN-2025-0856,INV-VND-2025-0856,2025-04-18,2025-05-18,2025-05-18,EXP-39627,5,False,,
PRC-2025-0857,GRT-2023-004,PRJ-2023-008,BDL-0112,VND-0045,LOC-MAN-002,FP-2025-05,STS-009,Quotation,Office Chair for PRJ-2023-008,5,Litres,289600.0,1448000.0,TZS,2025-05-13,2025-05-27,2025-05-28,GRN-2025-0857,INV-VND-2025-0857,2025-06-04,2025-07-04,2025-06-30,EXP-21857,4,False,PC-2025-145,
PRC-2025-0858,GRT-2023-004,PRJ-2023-008,BDL-0115,VND-0050,LOC-MAN-002,FP-2025-02,STS-007,Direct Purchase,External Hard Drive for PRJ-2023-008,2,Litres,188500.0,377000.0,TZS,2025-02-17,2025-02-24,2025-03-05,GRN-2025-0858,,,,,,1,False,,
PRC-2025-0859,GRT-2023-002,PRJ-2023-004,BDL-0040,VND-0142,LOC-ARU-002,FP-2025-08,STS-008,Quotation,Conference Table for PRJ-2023-004,1,Boxes,1148700.0,1148700.0,TZS,2025-08-19,2025-09-12,2025-09-24,GRN-2025-0859,INV-VND-2025-0859,2025-09-30,,,,4,False,,
PRC-2025-0860,GRT-2023-004,PRJ-2023-008,BDL-0100,VND-0017,LOC-MAN-002,FP-2025-04,STS-007,Quotation,Printer Canon for PRJ-2023-008,1,Units,951900.0,951900.0,TZS,2025-04-22,2025-05-09,2025-05-09,GRN-2025-0860,,,,,,4,False,PC-2025-081,
PRC-2025-0861,GRT-2022-004,PRJ-2023-005,BDL-0122,VND-0102,LOC-KIL-001,FP-2025-08,STS-009,Direct Purchase,Computer Accessories Set for PRJ-2023-005,1,Units,388600.0,388600.0,TZS,2025-08-29,2025-10-06,2025-10-21,GRN-2025-0861,INV-VND-2025-0861,2025-10-23,2025-11-22,2025-11-13,EXP-26626,1,False,,
PRC-2025-0862,GRT-2023-002,PRJ-2023-012,BDL-0025,VND-0118,LOC-ARU-001,FP-2025-04,STS-008,Quotation,Notebooks Pack for PRJ-2023-012,165,Units,8700.0,1435500.0,TZS,2025-04-26,2025-05-16,2025-05-20,GRN-2025-0862,INV-VND-2025-0862,2025-05-25,,,,3,False,PC-2025-111,
PRC-2025-0863,GRT-2023-005,PRJ-2023-010,BDL-0143,VND-0109,LOC-KIL-001,FP-2025-06,STS-010,Quotation,Indigenous Tree Seedlings for PRJ-2023-010,10041,Pieces,700.0,7028700.0,TZS,2025-06-28,2025-08-01,2025-08-13,GRN-2025-0863,INV-VND-2025-0863,2025-08-20,2025-09-19,2025-09-11,EXP-44881,7,False,PC-2025-044,
PRC-2025-0864,GRT-2024-001,PRJ-2024-007,BDL-0095,VND-0124,LOC-ARU-002,FP-2025-08,STS-007,Quotation,Toyota Land Cruiser 4x4 for PRJ-2024-007,1,Pieces,44441600.0,44441600.0,TZS,2025-08-10,2025-08-27,2025-09-02,GRN-2025-0864,,,,,,7,False,PC-2025-047,
PRC-2025-0865,GRT-2023-003,PRJ-2023-006,BDL-0066,VND-0114,LOC-KIL-001,FP-2025-01,STS-001,Direct Purchase,Computer Accessories Set for PRJ-2023-006,1,Boxes,330300.0,330300.0,TZS,2025-01-21,2025-03-07,,,,,,,,1,False,,
PRC-2025-0866,GRT-2024-001,PRJ-2024-002,BDL-0084,VND-0023,LOC-KIL-004,FP-2025-02,STS-006,Quotation,Blood Pressure Monitors for PRJ-2024-002,3,Litres,354900.0,1064700.0,TZS,2025-02-22,2025-03-04,,,,,,,,5,False,,
PRC-2025-0867,GRT-2024-001,PRJ-2024-001,BDL-0097,VND-0115,LOC-MAN-001,FP-2025-03,STS-010,Quotation,Printer Canon for PRJ-2024-001,1,Boxes,766200.0,766200.0,TZS,2025-03-29,2025-05-04,2025-05-16,GRN-2025-0867,INV-VND-2025-0867,2025-05-19,2025-06-18,12-Jun-2025,EXP-24535,3,False,PC-2025-108,
PRC-2025-0868,GRT-2024-003,PRJ-2024-005,BDL-0179,VND-0032,LOC-ARU-004,FP-2025-04,STS-006,Quotation,Office Desk for PRJ-2024-005,5,Sets,654200.0,3271000.0,TZS,2025-04-26,2025-05-29,,,INV-VND-2025-0857,,,,,3,False,PC-2025-058,
PRC-2025-0869,GRT-2023-002,PRJ-2023-004,BDL-0034,VND-0058,LOC-ARU-002,FP-2025-08,STS-009,Quotation,Improved Maize Seed 5kg for PRJ-2023-004,936,Units,17100.0,16005600.0,TZS,2025-08-01,2025-09-10,2025-09-18,GRN-2025-0869,INV-VND-2025-0869,2025-09-22,2025-10-22,2025-10-22,EXP-65311,6,False,PC-2025-121,
PRC-2025-0870,GRT-2023-002,PRJ-2023-012,BDL-0036,VND-0061,LOC-ARU-001,FP-2025-04,STS-002,Direct Purchase,Markers Set for PRJ-2023-012,22,Sets,12900.0,283800.0,TZS,2025-04-11,2025-05-06,,,,,,,,1,False,,
PRC-2025-0871,GRT-2023-005,PRJ-2023-010,BDL-0151,VND-0038,LOC-KIL-001,FP-2025-07,STS-007,Quotation,Paint 20L for PRJ-2023-010,27,Sets,86000.0,2322000.0,TZS,2025-07-23,2025-08-13,2025-08-22,GRN-2025-0871,,,,,,3,False,,
PRC-2025-0872,GRT-2023-004,PRJ-2023-009,BDL-0102,VND-0005,LOC-MAN-003,FP-2025-06,STS-009,Quotation,Manila Files Box for PRJ-2023-009,50,Sets,15400.0,770000.0,TZS,2025-06-01,2025-06-19,2025-06-18,GRN-2025-0872,INV-VND-2025-0872,2025-06-21,2025-07-21,2025-07-12,EXP-89089,4,False,PC-2025-161,
PRC-2025-0873,GRT-2023-002,PRJ-2023-004,BDL-0031,VND-0106,LOC-ARU-002,FP-2025-09,STS-009,Quotation,Timber Planks for PRJ-2023-004,91,Units,15200.0,1383200.0,TZS,2025-09-03,2025-10-02,2025-10-12,GRN-2025-0873,INV-VND-2025-0873,2025-10-16,2025-11-15,2025-11-13,EXP-99055,4,False,,
PRC-2025-0874,GRT-2024-001,PRJ-2024-007,BDL-0084,VND-0105,LOC-ARU-002,FP-2025-02,STS-007,Quotation,Participant Bags for PRJ-2024-007,188,Sets,23500.0,4418000.0,TZS,2025-02-04,12/03/2025,2025-03-26,GRN-2025-0874,,,,,,3,False,PC-2025-003,
PRC-2025-0875,GRT-2023-004,PRJ-2023-009,BDL-0113,VND-0132,LOC-MAN-003,FP-2025-09,STS-010,Quotation,Blood Pressure Monitors for PRJ-2023-009,2,Litres,326600.0,653200.0,TZS,2025-09-13,27-Sep-2025,2025-10-11,GRN-2025-0875,INV-VND-2025-0875,2025-10-13,2025-11-12,2025-11-06,EXP-63780,4,False,,
PRC-2025-0876,GRT-2023-003,PRJ-2023-013,BDL-0062,VND-0006,LOC-ARU-001,FP-2025-09,STS-009,Quotation,Oral Rehydration Salts for PRJ-2023-013,112,Boxes,34200.0,3830400.0,TZS,2025-09-29,2025-11-05,2025-11-14,GRN-2025-0876,,2025-11-21,2025-12-21,2025-12-11,EXP-52290,3,False,PC-2025-179,
PRC-2025-0877,GRT-2022-003,PRJ-2023-003,BDL-0059,VND-0054,LOC-KIL-003,FP-2025-02,STS-010,Direct Purchase,Flipchart Paper Pad for PRJ-2023-003,22,Litres,17100.0,376200.0,TZS,2025-02-19,2025-03-23,2025-03-25,GRN-2025-0877,INV-VND-2025-0877,2025-03-31,2025-04-30,2025-04-30,EXP-72202,1,False,,
PRC-2025-0878,GRT-2023-002,PRJ-2023-012,BDL-0026,VND-0081,LOC-ARU-001,FP-2025-01,STS-010,Quotation,Eucalyptus Seedlings for PRJ-2023-012,8294,Litres,800.0,6635200.0,TZS,2025-01-18,2025-02-28,2025-03-10,GRN-2025-0878,INV-VND-2025-0878,2025-03-13,2025-04-12,2025-04-10,EXP-63113,6,False,PC-2025-189,
PRC-2025-0879,GRT-2024-001,PRJ-2024-001,BDL-0083,VND-0122,LOC-MAN-001,FP-2025-07,STS-005,Quotation,Indigenous Tree Seedlings for PRJ-2024-001,11325,Litres,600.0,6795000.0,TZS,2025-07-08,2025-08-18,,,,,,,,6,False,PC-2025-154,
PRC-2025-0880,GRT-2023-004,PRJ-2023-008,BDL-0117,VND-0076,LOC-MAN-002,FP-2025-08,STS-009,Quotation,Malaria Rapid Test Kits Box for PRJ-2023-008,77,Kg,306800.0,23623600.0,TZS,2025-08-15,2025-09-21,2025-10-04,GRN-2025-0880,INV-VND-2025-0880,2025-10-05,2025-11-04,2025-10-29,EXP-94003,6,False,PC-2025-186,
PRC-2025-0881,GRT-2023-004,PRJ-2023-009,BDL-0118,VND-0043,LOC-MAN-003,FP-2025-02,STS-004,Quotation,Motorcycle Honda for PRJ-2023-009,1,Units,4419600.0,4419600.0,TZS,2025-02-11,2025-03-28,,,,,,,,3,False,PC-2025-115,
PRC-2025-0882,GRT-2023-002,PRJ-2023-012,BDL-0023,VND-0048,LOC-ARU-001,FP-2025-08,STS-005,Direct Purchase,External Hard Drive for PRJ-2023-012,1,Litres,168800.0,168800.0,TZS,2025-08-15,2025-09-26,,,,,,,,1,False,,
PRC-2025-0883,GRT-2023-001,PRJ-2023-001,BDL-0015,VND-0001,LOC-KIL-001,FP-2025-08,STS-003,Quotation,Timber Planks for PRJ-2023-001,192,Litres,14200.0,2726400.0,TZS,2025-08-17,2025-09-27,,,,,,,,5,False,PC-2025-120,
PRC-2025-0884,GRT-2023-002,PRJ-2023-004,BDL-0027,VND-0115,LOC-ARU-002,FP-2025-02,STS-004,Quotation,Office Chair for PRJ-2023-004,5,Pieces,254300.0,1271500.0,TZS,2025-02-13,2025-03-03,,,,,,,,3,False,,
PRC-2025-0885,GRT-2024-002,PRJ-2024-004,BDL-0159,VND-0025,LOC-MAN-004,FP-2025-03,STS-010,Quotation,Paint 20L for PRJ-2024-004,36,Pieces,78200.0,2815200.0,TZS,2025-03-29,2025-04-24,2025-04-26,GRN-2025-0885,INV-VND-2025-0885,2025-04-29,2025-05-29,2025-05-20,EXP-12433,3,False,PC-2025-189,
PRC-2025-0886,GRT-2023-001,PRJ-2023-002,BDL-0008,VND-0085,LOC-KIL-002,FP-2025-06,STS-006,Direct Purchase,Flipchart Paper Pad for PRJ-2023-002,13,Sets,19600.0,254800.0,TZS,2025-06-26,2025-07-11,,,,,,,,1,False,,
PRC-2025-0887,GRT-2023-002,PRJ-2023-012,BDL-0036,VND-0070,LOC-ARU-001,FP-2025-09,STS-004,Quotation,Pens and Pencils Box for PRJ-2023-012,90,Sets,13300.0,1197000.0,TZS,2025-09-03,2025-10-11,,,,,,,,4,False,PC-2025-131,
PRC-2025-0888,GRT-2022-004,PRJ-2023-005,BDL-0126,VND-0037,LOC-KIL-001,FP-2025-03,STS-009,Quotation,Conference Table for PRJ-2023-005,1,Litres,1261300.0,1261300.0,TZS,2025-03-22,2025-04-21,2025-05-06,GRN-2025-0888,INV-VND-2025-0888,2025-05-13,2025-06-12,06-02-2025,EXP-32830,5,False,PC-2025-136,
PRC-2025-0889,GRT-2024-003,PRJ-2024-005,BDL-0187,VND-0143,LOC-ARU-004,FP-2025-05,STS-009,Quotation,Fruit Tree Seedlings for PRJ-2024-005,2830,Pieces,1300.0,3679000.0,TZS,2025-05-21,2025-06-10,2025-06-17,GRN-2025-0889,INV-VND-2025-0889,2025-06-23,2025-07-23,,EXP-82873,5,False,PC-2025-169,
PRC-2025-0890,GRT-2023-004,PRJ-2023-009,BDL-0107,VND-0002,LOC-MAN-003,FP-2025-01,STS-004,Quotation,Oral Rehydration Salts for PRJ-2023-009,129,Kg,33200.0,4282800.0,TZS,2025-01-20,2025-01-28,,,,,,,,5,False,,
PRC-2025-0891,GRT-2022-004,PRJ-2023-005,BDL-0138,VND-0137,LOC-KIL-001,FP-2025-06,STS-010,Direct Purchase,Computer Accessories Set for PRJ-2023-005,1,Sets,372900.0,372900.0,TZS,2025-06-09,2025-07-22,2025-07-21,GRN-2025-0891,INV-VND-2025-0891,2025-07-22,2025-08-21,2025-09-28,EXP-85354,1,False,,
PRC-2025-0892,GRT-2023-003,PRJ-2023-006,BDL-0082,VND-0135,LOC-KIL-001,FP-2025-05,STS-006,Quotation,Notebooks Pack for PRJ-2023-006,143,Units,9200.0,1315600.0,TZS,2025-05-13,2025-05-21,,,,,,,,3,False,PC-2025-015,
PRC-2025-0893,GRT-2023-003,PRJ-2023-013,BDL-0073,VND-0027,LOC-ARU-001,FP-2025-02,STS-010,Tender,Cement Bags for PRJ-2023-013,294,Sets,31200.0,9172800.0,TZS,2025-02-27,2025-04-05,2025-04-13,GRN-2025-0893,INV-VND-2025-0893,2025-04-14,2025-05-14,2025-05-08,EXP-63613,7,False,PC-2025-034,
PRC-2025-0894,GRT-2023-001,PRJ-2023-001,BDL-0010,VND-0047,LOC-KIL-001,FP-2025-06,STS-009,Quotation,Training Handouts Printing for PRJ-2023-001,136,Boxes,32900.0,4474400.0,TZS,2025-06-25,2025-07-27,2025-07-27,GRN-2025-0894,,2025-07-31,2025-08-30,2025-08-27,EXP-94195,3,False,PC-2025-019,
PRC-2025-0895,GRT-2023-003,PRJ-2023-013,BDL-0079,VND-0137,LOC-ARU-001,FP-2025-06,STS-009,Quotation,HP Desktop Computer for PRJ-2023-013,1,Sets,1327700.0,1327700.0,TZS,2025-06-14,2025-07-10,2025-07-15,GRN-2025-0895,INV-VND-2025-0895,2025-07-18,2025-08-17,,EXP-45511,4,False,,
PRC-2025-0896,GRT-2023-001,PRJ-2023-011,BDL-0014,VND-0022,LOC-MAN-001,FP-2025-03,STS-010,Quotation,Projector Epson for PRJ-2023-011,1,Units,1269000.0,1269000.0,TZS,2025-03-01,2025-04-07,2025-04-11,GRN-2025-0896,INV-VND-2025-0896,2025-04-13,2025-05-13,2025-05-04,EXP-55496,5,False,PC-2025-143,
PRC-2025-0897,GRT-2022-003,PRJ-2023-003,BDL-0045,VND-0068,LOC-KIL-003,FP-2025-08,STS-009,Quotation,Sunflower Seeds 1kg for PRJ-2023-003,315,Pieces,15800.0,4977000.0,TZS,2025-08-06,2025-08-16,2025-08-28,GRN-2025-0897,INV-VND-2025-0897,2025-08-29,28/09/2025,2025-10-03,EXP-87048,5,False,,
PRC-2025-0898,GRT-2023-002,PRJ-2023-012,BDL-0026,VND-0078,LOC-ARU-001,FP-2025-02,STS-010,Tender,Cement Bags for PRJ-2023-012,304,Litres,29300.0,8907200.0,TZS,02-04-2025,2025-02-26,2025-03-11,GRN-2025-0898,INV-VND-2025-0898,2025-03-18,2025-04-17,2025-04-11,EXP-99717,4,False,PC-2025-197,
PRC-2025-0899,GRT-2024-002,PRJ-2024-004,BDL-0163,VND-0129,LOC-MAN-004,FP-2025-04,STS-006,Quotation,Printer Canon for PRJ-2024-004,1,Litres,918500.0,918500.0,TZS,2025-04-22,2025-06-06,,,,,,,,4,False,PC-2025-185,
PRC-2025-0900,GRT-2023-005,PRJ-2023-010,BDL-0146,VND-0025,LOC-KIL-001,FP-2025-03,STS-005,Direct Purchase,Network Switch for PRJ-2023-010,1,Pieces,346000.0,346000.0,TZS,2025-03-16,2025-04-30,,,,,,,,1,False,,
PRC-2025-0901,GRT-2021-001,PRJ-2023-007,BDL-0194,VND-0051,LOC-ARU-001,FP-2025-08,STS-005,Quotation,Dell Laptop Computer for PRJ-2023-007,1,Units,1744100.0,1744100.0,TZS,2025-08-07,2025-08-29,,,,,,,,4,False,,
PRC-2025-0902,GRT-2023-003,PRJ-2023-006,BDL-0065,VND-0015,LOC-KIL-001,FP-2025-06,STS-007,Tender,Oral Rehydration Salts for PRJ-2023-006,185,Boxes,37400.0,6919000.0,TZS,2025-06-06,2025-07-01,2025-07-13,GRN-2025-0902,,,,,,6,False,PC-2025-070,
PRC-2025-0903,GRT-2022-003,PRJ-2023-003,BDL-0051,VND-0050,LOC-KIL-003,FP-2025-09,STS-008,Direct Purchase,Computer Accessories Set for PRJ-2023-003,1,Units,365500.0,365500.0,TZS,2025-09-20,2025-10-21,2025-10-31,GRN-2025-0903,INV-VND-2025-0903,2025-11-04,,,,1,False,,
PRC-2025-0904,GRT-2023-002,PRJ-2023-012,BDL-0031,VND-0003,LOC-ARU-001,FP-2025-02,STS-009,Quotation,Fruit Tree Seedlings for PRJ-2023-012,3438,Kg,1400.0,4813200.0,TZS,2025-02-08,2025-03-08,2025-03-06,GRN-2025-0904,INV-VND-2025-0904,2025-03-07,06-Apr-2025,,EXP-66881,3,False,PC-2025-056,
PRC-2025-0905,GRT-2021-001,PRJ-2023-007,BDL-0208,VND-0044,LOC-ARU-001,FP-2025-05,STS-004,Quotation,HP Desktop Computer for PRJ-2023-007,1,Pieces,1519300.0,1519300.0,TZS,2025-05-29,2025-06-26,,,,,,,,5,False,,
PRC-2025-0906,GRT-2024-002,PRJ-2024-003,BDL-0161,VND-0038,LOC-ARU-003,FP-2025-09,STS-010,Tender,Toyota Hilux Double Cab for PRJ-2024-003,1,Litres,33786200.0,33786200.0,TZS,2025-09-09,2025-10-08,2025-10-20,GRN-2025-0906,INV-VND-2025-0906,2025-10-26,2025-11-25,,EXP-92596,3,False,PC-2025-035,
PRC-2025-0907,GRT-2023-002,PRJ-2023-012,BDL-0025,VND-0101,LOC-ARU-001,FP-2025-08,STS-008,Quotation,Filing Cabinet for PRJ-2023-012,4,Pieces,392300.0,1569200.0,TZS,2025-08-10,2025-08-27,2025-08-29,GRN-2025-0907,INV-VND-2025-0907,2025-09-04,,,,4,False,PC-2025-073,
PRC-2025-0908,GRT-2023-002,PRJ-2023-004,BDL-0035,VND-0017,LOC-ARU-002,FP-2025-08,STS-008,Quotation,Paint 20L for PRJ-2023-004,10,Boxes,76700.0,767000.0,TZS,2025-08-10,2025-08-18,2025-08-19,GRN-2025-0908,INV-VND-2025-0908,2025-08-26,,,,4,False,,
PRC-2025-0909,GRT-2022-003,PRJ-2023-003,BDL-0055,VND-0058,LOC-KIL-003,FP-2025-06,STS-005,Quotation,Fruit Tree Seedlings for PRJ-2023-003,1161,Pieces,1200.0,1393200.0,TZS,2025-06-18,2025-06-29,,,,,,,,5,False,,
PRC-2025-0910,GRT-2023-004,PRJ-2023-009,BDL-0111,VND-0059,LOC-MAN-003,FP-2025-02,STS-009,Quotation,Indigenous Tree Seedlings for PRJ-2023-009,15267,Boxes,700.0,10686900.0,TZS,2025-02-24,2025-04-05,2025-04-20,GRN-2025-0910,INV-VND-2025-0910,2025-04-24,2025-05-24,2025-05-20,EXP-63033,5,False,PC-2025-186,
PRC-2025-0911,GRT-2023-002,PRJ-2023-012,BDL-0022,VND-0051,LOC-ARU-001,FP-2025-03,STS-009,Quotation,Flipchart Paper Pad for PRJ-2023-012,33,Boxes,20600.0,679800.0,TZS,2025-03-01,2025-04-11,2025-04-16,GRN-2025-0911,INV-VND-2025-0911,2025-04-17,2025-05-17,2025-05-16,EXP-83880,5,False,PC-2025-178,
PRC-2025-0912,GRT-2022-004,PRJ-2023-005,BDL-0125,VND-0103,LOC-KIL-001,FP-2025-08,STS-005,Quotation,Sunflower Seeds 1kg for PRJ-2023-005,111,Boxes,16800.0,1864800.0,TZS,2025-08-05,2025-09-10,,,,,,,,3,False,,
PRC-2025-0913,GRT-2023-003,PRJ-2023-013,BDL-0066,VND-0078,LOC-ARU-001,FP-2025-05,STS-009,Quotation,Timber Planks for PRJ-2023-013,147,Kg,13700.0,2013900.0,TZS,2025-05-23,2025-05-30,2025-05-29,GRN-2025-0913,INV-VND-2025-0913,2025-05-31,2025-06-30,2025-06-28,EXP-77667,3,False,,
PRC-2025-0914,GRT-2024-001,PRJ-2024-002,BDL-0085,VND-0068,LOC-KIL-004,FP-2025-02,STS-009,Tender,Eucalyptus Seedlings for PRJ-2024-002,9225,Sets,700.0,6457500.0,TZS,2025-02-19,2025-03-10,2025-03-24,GRN-2025-0914,INV-VND-2025-0914,2025-03-25,2025-04-24,2025-05-24,EXP-47269,5,False,PC-2025-112,
PRC-2025-0915,GRT-2021-001,PRJ-2023-007,BDL-0192,VND-0087,LOC-ARU-001,FP-2025-08,STS-010,Tender,Cement Bags for PRJ-2023-007,386,Kg,28000.0,10808000.0,TZS,2025-08-29,2025-09-05,2025-09-08,GRN-2025-0915,INV-VND-2025-0915,09-09-2025,2025-10-09,,EXP-53916,6,False,PC-2025-008,
PRC-2025-0916,GRT-2023-001,PRJ-2023-011,BDL-0009,VND-0044,LOC-MAN-001,FP-2025-01,STS-004,Quotation,Conference Table for PRJ-2023-011,1,Litres,1190000.0,1190000.0,TZS,2025-01-16,2025-02-19,,,INV-VND-2025-0857,,,,,3,False,PC-2025-110,
PRC-2025-0917,GRT-2024-002,PRJ-2024-004,BDL-0162,VND-0135,LOC-MAN-004,FP-2025-05,STS-009,Direct Purchase,Computer Accessories Set for PRJ-2024-004,1,Litres,338400.0,338400.0,TZS,2025-05-01,2025-05-14,2025-05-27,GRN-2025-0917,INV-VND-2025-0917,2025-06-01,2025-07-01,22-Jun-2025,EXP-99049,1,False,,
PRC-2025-0918,GRT-2024-001,PRJ-2024-002,BDL-0093,VND-0072,LOC-KIL-004,FP-2025-05,STS-004,Quotation,Printer Canon for PRJ-2024-002,1,Kg,853600.0,853600.0,TZS,2025-05-08,2025-06-21,,,,,,,,4,False,,
PRC-2025-0919,GRT-2023-002,PRJ-2023-012,BDL-0024,VND-0045,LOC-ARU-001,FP-2025-09,STS-003,Quotation,UPS Battery for PRJ-2023-012,2,Litres,443200.0,886400.0,TZS,2025-09-02,2025-10-06,,,,,,,,4,False,,
PRC-2025-0920,GRT-2023-001,PRJ-2023-011,BDL-0010,VND-0015,LOC-MAN-001,FP-2025-10,STS-009,Tender,Toyota Hilux Double Cab for PRJ-2023-011,1,Units,32488800.0,32488800.0,TZS,2025-10-11,2025-10-27,2025-10-28,GRN-2025-0920,INV-VND-2025-0920,2025-11-02,2025-12-02,2025-11-22,EXP-73318,3,False,PC-2025-132,
PRC-2025-0921,GRT-2024-001,PRJ-2024-007,BDL-0094,VND-0123,LOC-ARU-002,FP-2025-06,STS-009,Tender,Training Handouts Printing for PRJ-2024-007,217,Litres,38100.0,8267700.0,TZS,2025-06-01,2025-07-14,2025-07-23,GRN-2025-0921,INV-VND-2025-0921,2025-07-29,2025-08-28,2025-08-28,EXP-91382,7,False,PC-2025-110,
PRC-2025-0922,GRT-2024-001,PRJ-2024-002,BDL-0094,VND-0027,LOC-KIL-004,FP-2025-07,STS-007,Quotation,Participant Bags for PRJ-2024-002,192,Pieces,24600.0,4723200.0,TZS,2025-07-17,24/08/2025,2025-09-01,GRN-2025-0922,,,,,,5,False,PC-2025-134,
PRC-2025-0923,GRT-2024-004,PRJ-2024-006,BDL-0223,VND-0073,LOC-MAN-002,FP-2025-05,STS-005,Quotation,Notebooks Pack for PRJ-2024-006,60,Pieces,8500.0,510000.0,TZS,2025-05-26,21/06/2025,,,,,,,,4,False,,
PRC-2025-0924,GRT-2023-005,PRJ-2023-010,BDL-0153,VND-0059,LOC-KIL-001,FP-2025-05,STS-009,Quotation,Manila Files Box for PRJ-2023-010,83,Kg,16600.0,1377800.0,TZS,2025-05-20,2025-06-22,2025-06-25,GRN-2025-0924,INV-VND-2025-0924,2025-06-30,2025-07-30,26-Jul-2025,EXP-30169,4,False,PC-2025-011,
PRC-2025-0925,GRT-2023-004,PRJ-2023-009,BDL-0102,VND-0099,LOC-MAN-003,FP-2025-09,STS-009,Quotation,Projector Epson for PRJ-2023-009,1,Units,1210000.0,1210000.0,TZS,09-21-2025,2025-10-06,2025-10-11,GRN-2025-0925,INV-VND-2025-0925,2025-10-13,2025-11-12,2025-11-11,EXP-37491,3,False,PC-2025-156,
PRC-2025-0926,GRT-2023-001,PRJ-2023-001,BDL-0019,VND-0012,LOC-KIL-001,FP-2025-02,STS-009,Quotation,Oral Rehydration Salts for PRJ-2023-001,87,Litres,31700.0,2757900.0,TZS,2025-02-07,2025-02-22,2025-03-04,GRN-2025-0926,,2025-03-10,2025-04-09,,EXP-29285,4,False,PC-2025-150,
PRC-2025-0927,GRT-2021-001,PRJ-2023-007,BDL-0199,VND-0116,LOC-ARU-001,FP-2025-09,STS-009,Tender,Malaria Rapid Test Kits Box for PRJ-2023-007,67,Kg,282800.0,18947600.0,TZS,2025-09-07,2025-10-07,15-Oct-2025,GRN-2025-0927,INV-VND-2025-0927,2025-10-16,2025-11-15,2025-11-14,EXP-77303,6,False,PC-2025-074,
PRC-2025-0928,GRT-2024-004,PRJ-2024-006,BDL-0222,VND-0099,LOC-MAN-002,FP-2025-08,STS-006,Direct Purchase,Network Switch for PRJ-2024-006,1,Pieces,403400.0,403400.0,TZS,2025-08-22,2025-08-30,,,,,,,,1,False,,
PRC-2025-0929,GRT-2023-001,PRJ-2023-011,BDL-0010,VND-0150,LOC-MAN-001,FP-2025-02,STS-010,Quotation,Markers Set for PRJ-2023-011,46,Sets,12000.0,552000.0,TZS,2025-02-28,2025-03-30,2025-03-29,GRN-2025-0929,INV-VND-2025-0929,2025-04-03,2025-05-03,2025-05-02,EXP-71438,3,False,,
PRC-2025-0930,GRT-2023-005,PRJ-2023-010,BDL-0153,VND-0117,LOC-KIL-001,FP-2025-01,STS-009,Tender,Toyota Hilux Double Cab for PRJ-2023-010,1,Litres,30560500.0,30560500.0,TZS,2025-01-28,2025-02-13,2025-02-15,GRN-2025-0930,INV-VND-2025-0930,2025-02-21,2025-03-23,2025-03-23,EXP-14707,3,False,PC-2025-116,
PRC-2025-0931,GRT-2024-001,PRJ-2024-007,BDL-0093,VND-0150,LOC-ARU-002,FP-2025-10,STS-006,Direct Purchase,External Hard Drive for PRJ-2024-007,2,Boxes,176100.0,352200.0,TZS,2025-10-10,2025-10-21,,,,,,,,1,False,,
PRC-2025-0932,GRT-2024-001,PRJ-2024-007,BDL-0085,VND-0057,LOC-ARU-002,FP-2025-04,STS-009,Quotation,Projector Epson for PRJ-2024-007,1,Kg,1170700.0,1170700.0,TZS,2025-04-10,2025-05-12,2025-05-26,GRN-2025-0932,INV-VND-2025-0932,2025-05-29,2025-06-28,2025-06-21,EXP-63873,5,False,PC-2025-156,
PRC-2025-0933,GRT-2023-003,PRJ-2023-013,BDL-0061,VND-0110,LOC-ARU-001,FP-2025-03,STS-010,Quotation,Dell Laptop Computer for PRJ-2023-013,1,Units,1875200.0,1875200.0,TZS,2025-03-06,2025-04-14,2025-04-15,GRN-2025-0933,INV-VND-2025-0933,2025-04-16,2025-05-16,2025-05-09,EXP-10923,5,False,PC-2025-134,
PRC-2025-0934,GRT-2022-004,PRJ-2023-005,BDL-0131,VND-0142,LOC-KIL-001,FP-2025-09,STS-009,Quotation,Blood Pressure Monitors for PRJ-2023-005,4,Boxes,344500.0,1378000.0,TZS,2025-09-04,2025-09-13,2025-09-17,GRN-2025-0934,INV-VND-2025-0934,2025-09-18,2025-10-18,2025-10-13,EXP-70324,5,False,PC-2025-112,
PRC-2025-0935,GRT-2023-002,PRJ-2023-004,BDL-0027,VND-0061,LOC-ARU-002,FP-2025-06,STS-009,Direct Purchase,Computer Accessories Set for PRJ-2023-004,1,Units,370300.0,370300.0,TZS,2025-06-26,2025-07-31,2025-07-29,GRN-2025-0935,INV-VND-2025-0935,2025-08-04,2025-09-03,,EXP-90985,1,False,,
PRC-2025-0936,GRT-2023-001,PRJ-2023-011,BDL-0002,VND-0124,LOC-MAN-001,FP-2025-08,STS-009,Tender,Medical Gloves Box for PRJ-2023-011,177,Kg,42700.0,7557900.0,TZS,2025-08-04,2025-09-14,2025-09-13,GRN-2025-0936,INV-VND-2025-0936,2025-09-18,2025-10-18,2025-10-11,EXP-90990,3,False,PC-2025-084,
PRC-2025-0937,GRT-2023-001,PRJ-2023-011,BDL-0019,VND-0141,LOC-MAN-001,FP-2025-03,STS-008,Tender,Paracetamol Tablets for PRJ-2023-011,317,Sets,28200.0,8939400.0,TZS,2025-03-24,2025-04-20,2025-05-02,GRN-2025-0937,INV-VND-2025-0937,2025-05-06,,,,3,False,PC-2025-017,
PRC-2025-0938,GRT-2022-004,PRJ-2023-005,BDL-0133,VND-0063,LOC-KIL-001,FP-2025-03,STS-009,Quotation,Paint 20L for PRJ-2023-005,38,Kg,92900.0,3530200.0,TZS,2025-03-01,2025-03-29,2025-04-12,GRN-2025-0938,INV-VND-2025-0938,2025-04-18,2025-05-18,2025-05-08,EXP-31453,3,False,,
PRC-2025-0939,GRT-2024-002,PRJ-2024-004,BDL-0154,VND-0075,LOC-MAN-004,FP-2025-07,STS-009,Tender,Sunflower Seeds 1kg for PRJ-2024-004,338,Sets,16700.0,5644600.0,TZS,2025-07-10,2025-08-22,30/08/2025,GRN-2025-0939,INV-VND-2025-0939,2025-09-05,2025-10-05,2025-11-19,EXP-73839,6,False,PC-2025-046,
PRC-2025-0940,GRT-2024-002,PRJ-2024-004,BDL-0172,VND-0007,LOC-MAN-004,FP-2025-02,STS-009,Tender,Improved Maize Seed 5kg for PRJ-2024-004,420,Boxes,19600.0,8232000.0,TZS,2025-02-13,2025-03-29,2025-04-03,GRN-2025-0940,INV-VND-2025-0940,2025-04-05,2025-05-05,2025-04-28,EXP-47722,6,False,PC-2025-099,
PRC-2025-0941,GRT-2022-004,PRJ-2023-005,BDL-0132,VND-0119,LOC-KIL-001,FP-2025-08,STS-010,Quotation,Manila Files Box for PRJ-2023-005,79,Kg,15700.0,-1240300.0,TZS,2025-08-15,2025-09-15,2025-09-26,GRN-2025-0941,INV-VND-2025-0941,2025-10-01,2025-10-31,25/10/2025,EXP-64245,5,False,,
PRC-2025-0942,GRT-2023-004,PRJ-2023-008,BDL-0108,VND-0084,LOC-MAN-002,FP-2025-01,STS-009,Tender,Paracetamol Tablets for PRJ-2023-008,391,Units,29100.0,11378100.0,TZS,2025-01-23,2025-02-05,2025-02-17,GRN-2025-0942,INV-VND-2025-0942,2025-02-22,2025-03-24,2025-04-07,EXP-93317,6,False,PC-2025-092,
PRC-2025-0943,GRT-2024-002,PRJ-2024-003,BDL-0167,VND-0092,LOC-ARU-003,FP-2025-07,STS-006,Quotation,Office Desk for PRJ-2024-003,3,Sets,647400.0,1942200.0,TZS,2025-07-16,2025-08-16,,,,,,,,4,False,,
PRC-2025-0944,GRT-2023-004,PRJ-2023-009,BDL-0102,VND-0017,LOC-MAN-003,FP-2025-07,STS-005,Quotation,Reams of A4 Paper for PRJ-2023-009,164,Pieces,5600.0,918400.0,TZS,2025-07-05,2025-08-02,,,,,,,,5,False,,
PRC-2025-0945,GRT-2023-004,PRJ-2023-009,BDL-0117,VND-0134,LOC-MAN-003,FP-2025-05,STS-009,Quotation,Toyota Land Cruiser 4x4 for PRJ-2023-009,1,Units,46529400.0,46529400.0,TZS,2025-05-14,2025-05-25,2025-05-30,GRN-2025-0945,INV-VND-2025-0945,2025-06-02,2025-07-02,2025-07-01,EXP-58993,5,False,PC-2025-121,
PRC-2025-0946,GRT-2021-001,PRJ-2023-007,BDL-0192,VND-0116,LOC-ARU-001,FP-2025-09,STS-006,Direct Purchase,Notebooks Pack for PRJ-2023-007,52,Pieces,8300.0,431600.0,TZS,2025-09-25,2025-10-29,,,,,,,,1,False,,
PRC-2025-0947,GRT-2023-002,PRJ-2023-012,BDL-0037,VND-0126,LOC-ARU-001,FP-2025-08,STS-009,Quotation,Bean Seeds 2kg for PRJ-2023-012,412,Litres,11800.0,4861600.0,TZS,2025-08-14,2025-08-31,2025-08-31,GRN-2025-0947,INV-VND-2025-0947,2025-09-01,2025-10-01,2025-09-23,EXP-20173,3,False,,
PRC-2025-0948,GRT-2023-001,PRJ-2023-001,BDL-0005,VND-0092,LOC-KIL-001,FP-2025-01,STS-009,Quotation,Blood Pressure Monitors for PRJ-2023-001,9,Kg,345700.0,3111300.0,TZS,2025-01-21,02-22-2025,2025-02-20,GRN-2025-0948,INV-VND-2025-0948,2025-02-22,2025-03-24,2025-04-30,EXP-66588,4,False,,
PRC-2025-0949,GRT-2022-004,PRJ-2023-005,BDL-0119,VND-0110,LOC-KIL-001,FP-2025-03,STS-007,Direct Purchase,Flipchart Paper Pad for PRJ-2023-005,13,Litres,16500.0,214500.0,TZS,2025-03-28,2025-04-05,2025-04-05,GRN-2025-0949,,,,,,1,False,,
PRC-2025-0950,GRT-2023-001,PRJ-2023-002,BDL-0002,VND-0032,LOC-KIL-002,FP-2025-02,STS-001,Quotation,Printer Canon for PRJ-2023-002,1,Boxes,802400.0,802400.0,TZS,2025-02-07,2025-02-18,,,,,,,,4,False,,
PRC-2025-0951,GRT-2023-003,PRJ-2023-006,BDL-0072,VND-0083,LOC-KIL-001,FP-2025-08,STS-010,Quotation,Office Desk for PRJ-2023-006,8,Litres,610700.0,4885600.0,TZS,08-13-2025,2025-09-07,2025-09-14,GRN-2025-0951,INV-VND-2025-0951,2025-09-17,2025-10-17,2025-10-11,EXP-49112,5,False,,
PRC-2025-0952,GRT-2024-002,PRJ-2024-003,BDL-0161,VND-0049,LOC-ARU-003,FP-2025-07,STS-009,Direct Purchase,Markers Set for PRJ-2024-003,27,Pieces,12500.0,337500.0,TZS,2025-07-18,2025-08-05,2025-08-17,GRN-2025-0952,INV-VND-2025-0952,2025-08-20,2025-09-19,2025-09-18,EXP-53857,1,False,,
PRC-2025-0953,GRT-2023-004,PRJ-2023-008,BDL-0116,VND-0119,LOC-MAN-002,FP-2025-07,STS-010,Quotation,Conference Table for PRJ-2023-008,1,Litres,1160000.0,1160000.0,TZS,2025-07-23,2025-08-09,2025-08-15,GRN-2025-0953,INV-VND-2025-0953,2025-08-22,2025-09-21,2025-09-17,EXP-61617,4,False,,
PRC-2025-0954,GRT-2023-002,PRJ-2023-012,BDL-0032,VND-0132,LOC-ARU-001,FP-2025-03,STS-005,Tender,Bean Seeds 2kg for PRJ-2023-012,544,Kg,12900.0,7017600.0,TZS,2025-03-08,2025-04-05,,,,,,,,6,False,PC-2025-152,
PRC-2025-0955,GRT-2023-002,PRJ-2023-012,BDL-0029,VND-0066,LOC-ARU-001,FP-2025-08,STS-009,Quotation,Medical Gloves Box for PRJ-2023-012,111,Kg,44200.0,4906200.0,TZS,2025-08-14,2025-08-27,2025-09-05,GRN-2025-0955,INV-VND-2025-0955,2025-09-07,2025-10-07,2025-09-30,EXP-87363,5,False,,
PRC-2025-0956,GRT-2024-004,PRJ-2024-006,BDL-0216,VND-0077,LOC-MAN-002,FP-2025-07,STS-009,Direct Purchase,Pens and Pencils Box for PRJ-2024-006,26,Litres,13200.0,343200.0,TZS,2025-07-28,2025-08-07,19/08/2025,GRN-2025-0956,INV-VND-2025-0956,2025-08-26,2025-09-25,2025-09-25,EXP-22506,1,False,,
PRC-2025-0957,GRT-2023-002,PRJ-2023-004,BDL-0031,VND-0029,LOC-ARU-002,FP-2025-04,STS-010,Quotation,UPS Battery for PRJ-2023-004,3,Litres,454700.0,1364100.0,TZS,2025-04-09,2025-05-10,2025-05-16,GRN-2025-0957,INV-VND-2025-0957,2025-05-20,2025-06-19,2025-06-16,EXP-88361,3,False,PC-2025-083,
PRC-2025-0958,GRT-2022-003,PRJ-2023-003,BDL-0045,VND-0028,LOC-KIL-003,FP-2025-01,STS-010,Quotation,Conference Table for PRJ-2023-003,1,Litres,1250100.0,1250100.0,TZS,2025-01-28,03-02-2025,2025-03-16,GRN-2025-0958,INV-VND-2025-0958,2025-03-19,2025-04-18,,EXP-14307,3,False,PC-2025-159,
PRC-2025-0959,GRT-2022-003,PRJ-2023-003,BDL-0048,VND-0027,LOC-KIL-003,FP-2025-06,STS-006,Quotation,Sunflower Seeds 1kg for PRJ-2023-003,164,Kg,16900.0,2771600.0,TZS,2025-06-04,2025-07-15,,,,,,,,4,False,PC-2025-124,
PRC-2025-0960,GRT-2022-003,PRJ-2023-003,BDL-0055,VND-0023,LOC-KIL-003,FP-2025-06,STS-001,Quotation,Malaria Rapid Test Kits Box for PRJ-2023-003,30,Boxes,269600.0,8088000.0,TZS,2025-06-08,2025-07-22,,,,,,,,3,False,PC-2025-103,
PRC-2025-0961,GRT-2024-004,PRJ-2024-006,BDL-0227,VND-0091,LOC-MAN-002,FP-2025-05,STS-009,Quotation,External Hard Drive for PRJ-2024-006,3,Units,207000.0,621000.0,TZS,2025-05-21,2025-06-15,2025-06-16,GRN-2025-0961,INV-VND-2025-0961,2025-06-23,2025-07-23,2025-07-19,EXP-75790,5,False,PC-2025-019,
PRC-2025-0962,GRT-2023-001,PRJ-2023-011,BDL-0019,VND-0086,LOC-MAN-001,FP-2025-09,STS-010,Quotation,Paint 20L for PRJ-2023-011,11,Pieces,83400.0,917400.0,TZS,2025-09-25,2025-10-09,2025-10-12,GRN-2025-0962,INV-VND-2025-0962,19-Oct-2025,2025-11-18,2025-11-09,EXP-99370,4,False,PC-2025-026,
PRC-2025-0963,GRT-2023-002,PRJ-2023-004,BDL-0026,VND-0020,LOC-ARU-002,FP-2025-08,STS-009,Quotation,Sunflower Seeds 1kg for PRJ-2023-004,141,Kg,15300.0,2157300.0,TZS,2025-08-26,2025-10-02,2025-10-15,GRN-2025-0963,INV-VND-2025-0963,2025-10-19,2025-11-18,2025-11-12,EXP-34578,5,False,PC-2025-020,
PRC-2025-0964,GRT-2024-001,PRJ-2024-001,BDL-0088,VND-0091,LOC-MAN-001,FP-2025-07,STS-006,Tender,Toyota Land Cruiser 4x4 for PRJ-2024-001,1,Kg,50366000.0,50366000.0,TZS,2025-07-05,2025-07-25,,,,,,,,4,False,PC-2025-182,
PRC-2025-0965,GRT-2023-002,PRJ-2023-012,BDL-0030,VND-0135,LOC-ARU-001,FP-2025-07,STS-004,Tender,Toyota Hilux Double Cab for PRJ-2023-012,1,Litres,34047900.0,34047900.0,TZS,2025-07-20,2025-08-14,,,,,,,,3,False,PC-2025-001,
PRC-2025-0966,GRT-2023-004,PRJ-2023-009,BDL-0116,VND-0094,LOC-MAN-003,FP-2025-03,STS-002,Quotation,Conference Table for PRJ-2023-009,1,Sets,1232000.0,1232000.0,TZS,2025-03-10,2025-04-23,,,,,,,,5,False,PC-2025-057,
PRC-2025-0967,GRT-2024-004,PRJ-2024-006,BDL-0219,VND-0100,LOC-MAN-002,FP-2025-07,STS-004,Direct Purchase,Flipchart Paper Pad for PRJ-2024-006,23,Kg,18000.0,414000.0,TZS,19/07/2025,2025-08-20,,,,,,,,1,False,,
PRC-2025-0968,GRT-2023-004,PRJ-2023-009,BDL-0103,VND-0135,LOC-MAN-003,FP-2025-01,STS-010,Quotation,Conference Table for PRJ-2023-009,1,Boxes,1158200.0,1158200.0,TZS,2025-01-17,2025-01-24,2025-02-03,GRN-2025-0968,INV-VND-2025-0968,2025-02-08,2025-03-10,2025-04-01,EXP-23145,5,False,PC-2025-132,
PRC-2025-0969,GRT-2022-004,PRJ-2023-005,BDL-0136,VND-0083,LOC-KIL-001,FP-2025-04,STS-005,Quotation,Motorcycle Honda for PRJ-2023-005,1,Pieces,4064800.0,4064800.0,TZS,23-Apr-2025,2025-05-22,,,,,,,,4,False,,
PRC-2025-0970,GRT-2023-004,PRJ-2023-008,BDL-0111,VND-0081,LOC-MAN-002,FP-2025-08,STS-009,Quotation,HP Desktop Computer for PRJ-2023-008,1,Sets,1270400.0,1270400.0,TZS,2025-08-29,2025-09-14,2025-09-16,GRN-2025-0970,INV-VND-2025-0970,2025-09-21,2025-10-21,,EXP-67236,4,False,,
PRC-2025-0971,GRT-2022-003,PRJ-2023-003,BDL-0042,VND-0126,LOC-KIL-003,FP-2025-03,STS-009,Quotation,UPS Battery for PRJ-2023-003,3,Units,485100.0,1455300.0,TZS,2025-03-20,2025-04-28,2025-04-28,GRN-2025-0971,INV-VND-2025-0971,2025-05-01,2025-05-31,2025-05-23,EXP-63738,4,False,,
PRC-2025-0972,GRT-2024-002,PRJ-2024-003,BDL-0169,VND-0067,LOC-ARU-003,FP-2025-08,STS-006,Quotation,Pens and Pencils Box for PRJ-2024-003,59,Pieces,12600.0,743400.0,TZS,2025-08-30,2025-09-22,,,,,,,,3,False,,
PRC-2025-0973,GRT-2024-002,PRJ-2024-003,BDL-0169,VND-0145,LOC-ARU-003,FP-2025-08,STS-009,Quotation,UPS Battery for PRJ-2024-003,3,Kg,407300.0,1221900.0,TZS,17/08/2025,2025-10-01,2025-10-11,GRN-2025-0973,INV-VND-2025-0973,2025-10-12,2025-11-11,2025-11-06,EXP-30083,4,False,PC-2025-048,
PRC-2025-0974,GRT-2023-001,PRJ-2023-002,BDL-0003,VND-0061,LOC-KIL-002,FP-2025-02,STS-007,Tender,Toyota Hilux Double Cab for PRJ-2023-002,1,Kg,36211500.0,36211500.0,TZS,2025-02-13,2025-02-28,2025-03-08,GRN-2025-0974,,,,,,7,False,PC-2025-018,
PRC-2025-0975,GRT-2024-002,PRJ-2024-004,BDL-0163,VND-0048,LOC-MAN-004,FP-2025-03,STS-005,Quotation,Participant Bags for PRJ-2024-004,178,Pieces,23600.0,4200800.0,TZS,2025-03-28,2025-04-20,,,,,,,,3,False,,
PRC-2025-0976,GRT-2024-001,PRJ-2024-001,BDL-0086,VND-0138,LOC-MAN-001,FP-2025-01,STS-007,Tender,Paracetamol Tablets for PRJ-2024-001,280,Boxes,27500.0,7700000.0,TZS,2025-01-29,2025-03-01,2025-03-03,GRN-2025-0976,,,,,,5,False,PC-2025-118,
PRC-2025-0977,GRT-2021-001,PRJ-2023-007,BDL-0197,VND-0119,LOC-ARU-001,FP-2025-03,STS-009,Quotation,Indigenous Tree Seedlings for PRJ-2023-007,11197,Litres,600.0,6718200.0,TZS,2025-03-27,2025-05-06,2025-05-15,GRN-2025-0977,INV-VND-2025-0977,2025-05-18,2025-06-17,2025-06-30,EXP-89311,3,False,PC-2025-083,
PRC-2025-0978,GRT-2023-001,PRJ-2023-001,BDL-0010,VND-0097,LOC-KIL-001,FP-2025-05,STS-008,Quotation,Markers Set for PRJ-2023-001,55,Boxes,11900.0,654500.0,TZS,2025-05-02,2025-06-08,2025-06-05,GRN-2025-0978,INV-VND-2025-0978,2025-06-07,,,,3,False,,
PRC-2025-0979,GRT-2024-002,PRJ-2024-003,BDL-0154,VND-0136,LOC-ARU-003,FP-2025-07,STS-006,Quotation,Toner Cartridge for PRJ-2024-003,12,Units,47100.0,565200.0,TZS,2025-07-25,2025-08-15,,,,,,,,3,False,,
PRC-2025-0980,GRT-2024-001,PRJ-2024-007,BDL-0093,VND-0039,LOC-ARU-002,FP-2025-02,STS-009,Quotation,Office Chair for PRJ-2024-007,7,Kg,275800.0,1930600.0,TZS,2025-02-16,2025-03-27,2025-04-04,GRN-2025-0980,INV-VND-2025-0980,2025-04-09,2025-05-09,2025-05-02,EXP-85938,5,False,PC-2025-184,
PRC-2025-0981,GRT-2024-003,PRJ-2024-005,BDL-0176,VND-0125,LOC-ARU-004,FP-2025-06,STS-009,Quotation,Filing Cabinet for PRJ-2024-005,3,Sets,369400.0,1108200.0,TZS,2025-06-15,2025-07-14,2025-07-17,GRN-2025-0981,INV-VND-2025-0981,2025-07-23,2025-08-22,,EXP-97828,3,False,,
PRC-2025-0982,GRT-2023-001,PRJ-2023-001,BDL-0019,VND-0123,LOC-KIL-001,FP-2025-02,STS-009,Direct Purchase,Computer Accessories Set for PRJ-2023-001,1,Sets,319800.0,319800.0,TZS,2025-02-14,2025-03-02,2025-03-03,GRN-2025-0982,INV-VND-2025-0982,2025-03-09,2025-04-08,2025-05-13,EXP-92059,1,False,,
PRC-2025-0983,GRT-2022-004,PRJ-2023-005,BDL-0121,VND-0054,LOC-KIL-001,FP-2025-04,STS-007,Quotation,Timber Planks for PRJ-2023-005,147,Sets,14900.0,2190300.0,TZS,2025-04-02,2025-05-17,2025-05-23,GRN-2025-0983,,,,,,3,False,,
PRC-2025-0984,GRT-2023-002,PRJ-2023-012,BDL-0040,VND-0136,LOC-ARU-001,FP-2025-07,STS-010,Quotation,HP Desktop Computer for PRJ-2023-012,1,Sets,1413100.0,1413100.0,TZS,2025-07-28,2025-08-17,2025-08-18,GRN-2025-0984,INV-VND-2025-0984,2025-08-25,2025-09-24,2025-09-20,EXP-23537,5,False,PC-2025-169,
PRC-2025-0985,GRT-2023-002,PRJ-2023-004,BDL-0025,VND-0050,LOC-ARU-002,FP-2025-05,STS-008,Quotation,Toner Cartridge for PRJ-2023-004,34,Boxes,42300.0,1438200.0,TZS,2025-05-07,2025-06-06,2025-06-05,GRN-2025-0985,INV-VND-2025-0985,2025-06-09,,,,4,False,,
PRC-2025-0986,GRT-2024-002,PRJ-2024-004,BDL-0173,VND-0113,LOC-MAN-004,FP-2025-06,STS-010,Quotation,Vegetable Seed Pack for PRJ-2024-004,506,Sets,8900.0,4503400.0,TZS,2025-06-11,2025-07-11,2025-07-11,GRN-2025-0986,,2025-07-15,2025-08-14,2025-08-09,EXP-10761,3,False,,
PRC-2025-0987,GRT-2022-004,PRJ-2023-005,BDL-0133,VND-0060,LOC-KIL-001,FP-2025-01,STS-007,Direct Purchase,Markers Set for PRJ-2023-005,41,Units,11500.0,471500.0,TZS,2025-01-26,2025-03-02,2025-03-17,GRN-2025-0987,,,,,,1,False,,
PRC-2025-0988,GRT-2024-002,PRJ-2024-003,BDL-0154,VND-0127,LOC-ARU-003,FP-2025-09,STS-010,Quotation,Medical Gloves Box for PRJ-2024-003,183,Boxes,45700.0,8363100.0,TZS,2025-09-09,2025-09-24,2025-10-02,GRN-2025-0988,INV-VND-2025-0988,2025-10-07,2025-11-06,2025-10-27,EXP-16807,5,False,PC-2025-089,
PRC-2025-0989,GRT-2023-004,PRJ-2023-008,BDL-0106,VND-0061,LOC-MAN-002,FP-2025-08,STS-009,Quotation,Motorcycle Honda for PRJ-2023-008,1,Litres,4688300.0,4688300.0,TZS,2025-08-05,2025-09-12,21/09/2025,GRN-2025-0989,INV-VND-2025-0989,2025-09-25,2025-10-25,,EXP-63345,5,False,,
PRC-2025-0990,GRT-2023-001,PRJ-2023-002,BDL-0017,VND-0111,LOC-KIL-002,FP-2025-08,STS-009,Quotation,Bean Seeds 2kg for PRJ-2023-002,324,Boxes,11600.0,3758400.0,TZS,2025-08-19,2025-09-23,2025-10-08,GRN-2025-0990,INV-VND-2025-0990,2025-10-15,2025-11-14,2025-11-06,EXP-89331,5,False,,
PRC-2025-0991,GRT-2023-003,PRJ-2023-013,BDL-0065,VND-0060,LOC-ARU-001,FP-2025-07,STS-005,Quotation,Fruit Tree Seedlings for PRJ-2023-013,1839,Units,1300.0,2390700.0,TZS,2025-07-23,2025-08-04,,,,,,,,3,False,PC-2025-030,
PRC-2025-0992,GRT-2024-001,PRJ-2024-001,BDL-0095,VND-0010,LOC-MAN-001,FP-2025-10,STS-006,Quotation,Indigenous Tree Seedlings for PRJ-2024-001,12584,Units,700.0,8808800.0,TZS,2025-10-10,2025-11-18,,,,,,,,7,False,PC-2025-013,
PRC-2025-0993,GRT-2024-002,PRJ-2024-004,BDL-0166,VND-0004,LOC-MAN-004,FP-2025-05,STS-009,Quotation,HP Desktop Computer for PRJ-2024-004,1,Sets,1326800.0,1326800.0,TZS,2025-05-06,2025-06-12,2025-06-18,GRN-2025-0993,INV-VND-2025-0993,2025-06-21,2025-07-21,2025-07-18,EXP-15513,5,False,,
PRC-2025-0994,GRT-2023-003,PRJ-2023-013,BDL-0062,VND-0116,LOC-ARU-001,FP-2025-03,STS-009,Quotation,External Hard Drive for PRJ-2023-013,3,Sets,185700.0,557100.0,TZS,2025-03-08,2025-04-11,2025-04-10,GRN-2025-0994,INV-VND-2025-0994,2025-04-15,2025-05-15,2025-05-09,EXP-77811,5,False,PC-2025-166,
PRC-2025-0995,GRT-2023-001,PRJ-2023-011,BDL-0002,VND-0070,LOC-MAN-001,FP-2025-08,STS-009,Quotation,Indigenous Tree Seedlings for PRJ-2023-011,6488,Boxes,600.0,3892800.0,TZS,2025-08-19,2025-09-15,2025-09-26,GRN-2025-0995,INV-VND-2025-0995,2025-10-01,2025-10-31,2025-10-26,EXP-41380,4,False,PC-2025-165,
PRC-2025-0996,GRT-2024-001,PRJ-2024-002,BDL-0084,VND-0128,LOC-KIL-004,FP-2025-05,STS-009,Tender,Indigenous Tree Seedlings for PRJ-2024-002,13772,Litres,700.0,9640400.0,TZS,2025-05-01,2025-05-08,2025-05-11,GRN-2025-0996,,2025-05-18,2025-06-17,2025-06-14,EXP-30655,7,False,PC-2025-125,
PRC-2025-0997,GRT-2023-003,PRJ-2023-006,BDL-0071,VND-0130,LOC-KIL-001,FP-2025-01,STS-006,Quotation,Fruit Tree Seedlings for PRJ-2023-006,2279,Boxes,1400.0,3190600.0,TZS,01-18-2025,2025-02-28,,,,,,,,3,False,PC-2025-140,
PRC-2025-0998,GRT-2023-003,PRJ-2023-006,BDL-0076,VND-0141,LOC-KIL-001,FP-2025-06,STS-007,Direct Purchase,Flipchart Paper Pad for PRJ-2023-006,13,Units,19600.0,254800.0,TZS,2025-06-27,12/07/2025,2025-07-24,GRN-2025-0998,,,,,,1,False,,
PRC-2025-0999,GRT-2022-004,PRJ-2023-005,BDL-0127,VND-0132,LOC-KIL-001,FP-2025-08,STS-009,Quotation,Sunflower Seeds 1kg for PRJ-2023-005,246,Pieces,16800.0,4132800.0,TZS,2025-08-31,2025-10-07,2025-10-07,GRN-2025-0999,INV-VND-2025-0999,2025-10-14,2025-11-13,2025-11-07,EXP-25769,3,False,PC-2025-090,
PRC-2025-1000,GRT-2024-002,PRJ-2024-004,BDL-0170,VND-0056,LOC-MAN-004,FP-2025-06,STS-010,Quotation,Sunflower Seeds 1kg for PRJ-2024-004,104,Litres,15800.0,1643200.0,TZS,2025-06-08,2025-06-23,2025-07-02,GRN-2025-1000,INV-VND-2025-1000,2025-07-05,2025-08-04,2025-07-28,EXP-91807,4,False,,
PRC-2025-1001,GRT-2024-001,PRJ-2024-001,BDL-0098,VND-0003,LOC-MAN-001,FP-2025-02,STS-010,Quotation,Reams of A4 Paper for PRJ-2024-001,200,Litres,5500.0,1100000.0,TZS,2025-02-03,2025-02-16,2025-02-14,GRN-2025-1001,INV-VND-2025-1001,2025-02-20,2025-03-22,2025-03-20,EXP-64926,5,False,,
PRC-2025-1002,GRT-2023-002,PRJ-2023-012,BDL-0028,VND-0106,LOC-ARU-001,FP-2025-09,STS-009,Quotation,Bean Seeds 2kg for PRJ-2023-012,311,Boxes,13500.0,4198500.0,TZS,2025-09-13,26/10/2025,2025-10-25,GRN-2025-1002,INV-VND-2025-1002,2025-10-29,2025-11-28,2025-11-20,EXP-64154,5,False,,
PRC-2025-1003,GRT-2023-005,PRJ-2023-010,BDL-0144,VND-0009,LOC-KIL-001,FP-2025-01,STS-004,Quotation,Toyota Hilux Double Cab for PRJ-2023-010,1,Units,31464600.0,31464600.0,TZS,2025-01-16,2025-01-25,,,,,,,,6,False,PC-2025-172,
PRC-2025-1004,GRT-2022-003,PRJ-2023-003,BDL-0051,VND-0066,LOC-KIL-003,FP-2025-09,STS-010,Tender,Eucalyptus Seedlings for PRJ-2023-003,6919,Boxes,800.0,5535200.0,TZS,2025-09-25,2025-10-09,2025-10-18,GRN-2025-1004,INV-VND-2025-1004,2025-10-20,2025-11-19,,EXP-35971,5,False,PC-2025-054,
PRC-2025-1005,GRT-2023-001,PRJ-2023-002,BDL-0019,VND-0092,LOC-KIL-002,FP-2025-10,STS-010,Quotation,Printer Canon for PRJ-2023-002,1,Litres,859200.0,859200.0,TZS,2025-10-14,2025-10-23,2025-10-25,GRN-2025-1005,INV-VND-2025-1005,2025-10-27,2025-11-26,2025-11-22,EXP-18450,3,False,,
PRC-2025-1006,GRT-2023-005,PRJ-2023-010,BDL-0145,VND-0145,LOC-KIL-001,FP-2025-03,STS-003,Quotation,Conference Table for PRJ-2023-010,1,Litres,1354900.0,1354900.0,TZS,2025-03-26,2025-04-29,,,,,,,,3,False,PC-2025-132,
PRC-2025-1007,GRT-2023-004,PRJ-2023-009,BDL-0114,VND-0124,LOC-MAN-003,FP-2025-05,STS-009,Quotation,Malaria Rapid Test Kits Box for PRJ-2023-009,99,Litres,312400.0,30927600.0,TZS,2025-05-03,2025-05-25,2025-05-22,GRN-2025-1007,INV-VND-2025-1007,2025-05-26,2025-06-25,2025-06-22,EXP-89254,3,False,PC-2025-090,
PRC-2025-1008,GRT-2023-005,PRJ-2023-010,BDL-0150,VND-0066,LOC-KIL-001,FP-2025-09,STS-009,Quotation,Reams of A4 Paper for PRJ-2023-010,221,Pieces,5100.0,1127100.0,TZS,2025-09-17,19-Oct-2025,2025-10-20,GRN-2025-1008,INV-VND-2025-1008,2025-10-25,2025-11-24,2025-11-21,EXP-63630,4,False,PC-2025-177,
PRC-2025-1009,GRT-2023-003,PRJ-2023-006,BDL-0079,VND-0051,LOC-KIL-001,FP-2025-04,STS-009,Quotation,Conference Table for PRJ-2023-006,1,Kg,1234400.0,1234400.0,TZS,2025-04-24,2025-05-29,2025-06-07,GRN-2025-1009,INV-VND-2025-1009,2025-06-11,2025-07-11,2025-07-06,EXP-32152,5,False,,
PRC-2025-1010,GRT-2023-002,PRJ-2023-012,BDL-0025,VND-0007,LOC-ARU-001,FP-2025-07,STS-010,Tender,Indigenous Tree Seedlings for PRJ-2023-012,9719,Pieces,600.0,5831400.0,TZS,2025-07-28,2025-08-22,2025-08-19,GRN-2025-1010,INV-VND-2025-1010,2025-08-21,2025-09-20,2025-09-15,EXP-79756,5,False,PC-2025-155,
PRC-2025-1011,GRT-2021-001,PRJ-2023-007,BDL-0208,VND-0146,LOC-ARU-001,FP-2025-03,STS-003,Quotation,UPS Battery for PRJ-2023-007,3,Units,444500.0,1333500.0,TZS,2025-03-14,09-Apr-2025,,,,,,,,3,False,PC-2025-137,
PRC-2025-1012,GRT-2023-004,PRJ-2023-009,BDL-0105,VND-0055,LOC-MAN-003,FP-2025-03,STS-001,Quotation,Paint 20L for PRJ-2023-009,20,Kg,86300.0,1726000.0,TZS,2025-03-28,11-May-2025,,,INV-VND-2025-0968,,,,,3,False,,
PRC-2025-1013,GRT-2023-001,PRJ-2023-002,BDL-0016,VND-0058,LOC-KIL-002,FP-2025-04,STS-005,Quotation,Projector Epson for PRJ-2023-002,1,Units,1272900.0,1272900.0,TZS,21/04/2025,05-24-2025,,,,,,,,4,False,PC-2025-039,
PRC-2025-1014,GRT-2023-001,PRJ-2023-001,BDL-0005,VND-0085,LOC-KIL-001,FP-2025-06,STS-009,Quotation,Conference Table for PRJ-2023-001,1,Sets,1290500.0,1290500.0,TZS,2025-06-11,2025-06-19,2025-06-26,GRN-2025-1014,INV-VND-2025-1014,2025-07-03,2025-08-02,2025-07-23,EXP-46318,5,False,,
PRC-2025-1015,GRT-2021-001,PRJ-2023-007,BDL-0201,VND-0082,LOC-ARU-001,FP-2025-08,STS-010,Quotation,Eucalyptus Seedlings for PRJ-2023-007,4407,Pieces,900.0,3966300.0,TZS,2025-08-17,2025-09-15,2025-09-28,GRN-2025-1015,INV-VND-2025-1015,2025-10-04,2025-11-03,2025-10-26,EXP-35991,4,False,PC-2025-098,
PRC-2025-1016,GRT-2024-002,PRJ-2024-004,BDL-0163,VND-0060,LOC-MAN-004,FP-2025-10,STS-009,Quotation,Blood Pressure Monitors for PRJ-2024-004,2,Kg,341000.0,682000.0,TZS,2025-10-02,2025-11-16,2025-11-22,GRN-2025-1016,INV-VND-2025-1016,2025-11-29,2025-12-29,2025-12-23,EXP-89964,4,False,,
PRC-2025-1017,GRT-2024-001,PRJ-2024-001,BDL-0093,VND-0078,LOC-MAN-001,FP-2025-09,STS-001,Quotation,Manila Files Box for PRJ-2024-001,38,Boxes,14500.0,551000.0,TZS,2025-09-06,2025-09-25,,,,,,,,4,False,PC-2025-043,
PRC-2025-1018,GRT-2024-003,PRJ-2024-005,BDL-0181,VND-0008,LOC-ARU-004,FP-2025-01,STS-007,Direct Purchase,UPS Battery for PRJ-2024-005,1,Pieces,493700.0,493700.0,TZS,2025-01-17,2025-02-08,22/02/2025,GRN-2025-1018,,,,,,1,False,,
PRC-2025-1019,GRT-2023-001,PRJ-2023-001,BDL-0010,VND-0022,LOC-KIL-001,FP-2025-05,STS-009,Quotation,Motorcycle Honda for PRJ-2023-001,1,Boxes,4285900.0,4285900.0,TZS,2025-05-30,2025-06-20,2025-06-24,GRN-2025-1019,INV-VND-2025-1019,29/06/2025,2025-07-29,2025-07-24,EXP-34653,3,False,,
PRC-2025-1020,GRT-2023-004,PRJ-2023-009,BDL-0104,VND-0073,LOC-MAN-003,FP-2025-10,STS-009,Quotation,Office Chair for PRJ-2023-009,17,Litres,276100.0,4693700.0,TZS,2025-10-12,2025-10-31,2025-11-14,GRN-2025-1020,INV-VND-2025-1020,2025-11-17,2025-12-17,2025-12-12,EXP-20518,5,False,PC-2025-014,
PRC-2025-1021,GRT-2024-001,PRJ-2024-001,BDL-0094,VND-0126,LOC-MAN-001,FP-2025-03,STS-005,Tender,Paracetamol Tablets for PRJ-2024-001,309,Boxes,31700.0,9795300.0,TZS,2025-03-11,2025-04-13,,,,,,,,4,False,PC-2025-122,
PRC-2025-1022,GRT-2023-001,PRJ-2023-011,BDL-0012,VND-0123,LOC-MAN-001,FP-2025-03,STS-006,Tender,Toyota Hilux Double Cab for PRJ-2023-011,1,Units,29612000.0,29612000.0,TZS,2025-03-16,2025-04-24,,,,,,,,3,False,PC-2025-132,
PRC-2025-1023,GRT-2023-003,PRJ-2023-013,BDL-0074,VND-0150,LOC-ARU-001,FP-2025-01,STS-007,Tender,Oral Rehydration Salts for PRJ-2023-013,139,Kg,39800.0,5532200.0,TZS,2025-01-31,2025-02-28,2025-03-15,GRN-2025-1023,,,,,,6,False,PC-2025-016,
PRC-2025-1024,GRT-2023-002,PRJ-2023-004,BDL-0027,VND-0015,LOC-ARU-002,FP-2025-03,STS-007,Quotation,Oral Rehydration Salts for PRJ-2023-004,187,Pieces,36100.0,6750700.0,TZS,2025-03-02,2025-03-27,2025-03-28,GRN-2025-1024,,,,,,5,False,PC-2025-129,
PRC-2025-1025,GRT-2023-003,PRJ-2023-006,BDL-0068,VND-0054,LOC-KIL-001,FP-2025-02,STS-009,Quotation,Bean Seeds 2kg for PRJ-2023-006,362,Kg,13100.0,4742200.0,TZS,2025-02-16,2025-03-02,2025-03-09,GRN-2025-1025,INV-VND-2025-1025,2025-03-10,2025-04-09,2025-03-30,EXP-43916,4,False,PC-2025-097,
PRC-2025-1026,GRT-2023-003,PRJ-2023-006,BDL-0082,VND-0059,LOC-KIL-001,FP-2025-09,STS-009,Quotation,Flipchart Paper Pad for PRJ-2023-006,30,Boxes,16700.0,501000.0,TZS,2025-09-11,2025-10-26,2025-10-27,GRN-2025-1026,INV-VND-2025-1026,2025-11-03,2025-12-03,2025-12-02,EXP-69233,3,False,,
PRC-2025-1027,GRT-2023-003,PRJ-2023-006,BDL-0064,VND-0125,LOC-KIL-001,FP-2025-08,STS-009,Tender,Paracetamol Tablets for PRJ-2023-006,270,Litres,25700.0,6939000.0,TZS,2025-08-25,2025-10-01,2025-10-01,GRN-2025-1027,INV-VND-2025-1027,2025-10-04,2025-11-03,2025-12-10,EXP-99449,6,False,PC-2025-056,
PRC-2025-1028,GRT-2023-001,PRJ-2023-002,BDL-0001,VND-0125,LOC-KIL-002,FP-2025-05,STS-009,Quotation,Motorcycle Honda for PRJ-2023-002,1,Units,4957800.0,4957800.0,TZS,2025-05-04,2025-05-30,2025-06-07,GRN-2025-1028,INV-VND-2025-1028,2025-06-09,2025-07-09,2025-07-01,EXP-62398,3,False,PC-2025-144,
PRC-2025-1029,GRT-2024-002,PRJ-2024-003,BDL-0163,VND-0068,LOC-ARU-003,FP-2025-03,STS-010,Quotation,Iron Sheets for PRJ-2024-003,43,Boxes,45300.0,1947900.0,TZS,2025-03-23,2025-04-27,2025-04-29,GRN-2025-1029,INV-VND-2025-1029,2025-05-06,2025-06-05,2025-06-04,EXP-41940,5,False,,
PRC-2025-1030,GRT-2023-001,PRJ-2023-002,BDL-0018,VND-0133,LOC-KIL-002,FP-2025-05,STS-009,Direct Purchase,External Hard Drive for PRJ-2023-002,2,Sets,194600.0,389200.0,TZS,2025-05-08,2025-06-10,2025-06-07,GRN-2025-1030,INV-VND-2025-1030,2025-06-12,2025-07-12,,EXP-21266,1,False,,
PRC-2025-1031,GRT-2023-001,PRJ-2023-001,BDL-0012,VND-0148,LOC-KIL-001,FP-2025-06,STS-008,Quotation,Improved Maize Seed 5kg for PRJ-2023-001,835,Sets,20500.0,17117500.0,TZS,2025-06-01,07-13-2025,2025-07-21,GRN-2025-1031,INV-VND-2025-1031,2025-07-22,,,,6,False,PC-2025-030,
PRC-2025-1032,GRT-2022-003,PRJ-2023-003,BDL-0050,VND-0022,LOC-KIL-003,FP-2025-03,STS-008,Quotation,Sunflower Seeds 1kg for PRJ-2023-003,226,Units,15300.0,3457800.0,TZS,2025-03-14,2025-04-28,2025-04-30,GRN-2025-1032,INV-VND-2025-1032,2025-05-04,,,,5,False,,
PRC-2025-1033,GRT-2023-005,PRJ-2023-010,BDL-0142,VND-0100,LOC-KIL-001,FP-2025-01,STS-006,Quotation,Office Desk for PRJ-2023-010,3,Litres,650300.0,1950900.0,TZS,2025-01-27,2025-02-26,,,,,,,,4,False,PC-2025-199,
PRC-2025-1034,GRT-2023-001,PRJ-2023-002,BDL-0006,VND-0026,LOC-KIL-002,FP-2025-04,STS-009,Tender,Vegetable Seed Pack for PRJ-2023-002,776,Pieces,8300.0,6440800.0,TZS,2025-04-29,2025-05-19,2025-05-16,GRN-2025-1034,INV-VND-2025-1034,2025-05-22,2025-06-21,2025-07-25,EXP-64538,6,False,PC-2025-046,
PRC-2025-1035,GRT-2023-005,PRJ-2023-010,BDL-0143,VND-0078,LOC-KIL-001,FP-2025-01,STS-010,Quotation,Vegetable Seed Pack for PRJ-2023-010,387,Kg,8800.0,3405600.0,TZS,2025-01-26,2025-02-15,2025-02-24,GRN-2025-1035,INV-VND-2025-1035,2025-03-03,2025-04-02,2025-04-02,EXP-13710,5,False,PC-2025-100,
PRC-2025-1036,GRT-2022-004,PRJ-2023-005,BDL-0138,VND-0103,LOC-KIL-001,FP-2025-05,STS-002,Quotation,Toyota Hilux Double Cab for PRJ-2023-005,1,Units,31866400.0,31866400.0,TZS,2025-05-30,2025-06-09,,,,,,,,5,False,PC-2025-017,
PRC-2025-1037,GRT-2024-004,PRJ-2024-006,BDL-0215,VND-0071,LOC-MAN-002,FP-2025-08,STS-010,Quotation,HP Desktop Computer for PRJ-2024-006,1,Litres,1447800.0,1447800.0,TZS,2025-08-08,2025-08-18,2025-08-30,GRN-2025-1037,INV-VND-2025-1037,2025-09-03,2025-10-03,2025-09-25,EXP-96005,4,False,PC-2025-179,
PRC-2025-1038,GRT-2023-002,PRJ-2023-004,BDL-0030,VND-0021,LOC-ARU-002,FP-2025-01,STS-004,Quotation,Fruit Tree Seedlings for PRJ-2023-004,2067,Kg,1300.0,2687100.0,TZS,2025-01-19,2025-02-22,,,,,,,,5,False,PC-2025-159,
PRC-2025-1039,GRT-2023-002,PRJ-2023-004,BDL-0035,VND-0141,LOC-ARU-002,FP-2025-08,STS-009,Tender,Motorcycle Honda for PRJ-2023-004,1,Litres,5124500.0,5124500.0,TZS,2025-08-15,2025-08-28,2025-09-07,GRN-2025-1039,INV-VND-2025-1039,2025-09-12,2025-10-12,2025-10-05,EXP-83472,6,False,PC-2025-046,
PRC-2025-1040,GRT-2023-003,PRJ-2023-006,BDL-0062,VND-0021,LOC-KIL-001,FP-2025-03,STS-009,Quotation,Toner Cartridge for PRJ-2023-006,12,Litres,51600.0,619200.0,TZS,2025-03-14,14/04/2025,2025-04-18,GRN-2025-1040,INV-VND-2025-1040,2025-04-24,2025-05-24,2025-05-23,EXP-41729,4,False,PC-2025-049,
PRC-2025-1041,GRT-2024-002,PRJ-2024-003,BDL-0163,VND-0040,LOC-ARU-003,FP-2025-03,STS-009,Quotation,Indigenous Tree Seedlings for PRJ-2024-003,6698,Units,600.0,4018800.0,TZS,2025-03-19,2025-04-04,2025-04-16,GRN-2025-1041,INV-VND-2025-1041,2025-04-22,2025-05-22,2025-05-12,EXP-30201,3,False,PC-2025-175,
PRC-2025-1042,GRT-2022-003,PRJ-2023-003,BDL-0050,VND-0073,LOC-KIL-003,FP-2025-02,STS-008,Tender,Toyota Land Cruiser 4x4 for PRJ-2023-003,1,Litres,51653900.0,51653900.0,TZS,2025-02-03,2025-02-17,2025-03-03,GRN-2025-1042,INV-VND-2025-1042,2025-03-08,,,,9,False,PC-2025-049,
PRC-2025-1043,GRT-2023-001,PRJ-2023-002,BDL-0020,VND-0078,LOC-KIL-002,FP-2025-06,STS-008,Quotation,Participant Bags for PRJ-2023-002,128,Litres,27100.0,3468800.0,TZS,2025-06-20,2025-07-20,2025-08-04,GRN-2025-1043,INV-VND-2025-1043,2025-08-06,,,,5,False,PC-2025-012,
PRC-2025-1044,GRT-2021-001,PRJ-2023-007,BDL-0200,VND-0062,LOC-ARU-001,FP-2025-01,STS-008,Quotation,Office Desk for PRJ-2023-007,2,Boxes,618500.0,1237000.0,TZS,2025-01-29,2025-03-07,2025-03-08,GRN-2025-1044,INV-VND-2025-1044,2025-03-14,,,,5,False,,
PRC-2025-1045,GRT-2023-004,PRJ-2023-009,BDL-0103,VND-0004,LOC-MAN-003,FP-2025-06,STS-006,Quotation,Iron Sheets for PRJ-2023-009,85,Pieces,41200.0,3502000.0,TZS,2025-06-24,2025-07-20,,,,,,,,5,False,,
PRC-2025-1046,GRT-2023-002,PRJ-2023-012,BDL-0030,VND-0033,LOC-ARU-001,FP-2025-08,STS-007,Quotation,Pens and Pencils Box for PRJ-2023-012,76,Pieces,11500.0,874000.0,TZS,2025-08-13,2025-09-11,2025-09-10,GRN-2025-1046,,,,,,4,False,PC-2025-002,
PRC-2025-1047,GRT-2024-001,PRJ-2024-007,BDL-0092,VND-0083,LOC-ARU-002,FP-2025-06,STS-002,Quotation,Training Handouts Printing for PRJ-2024-007,157,Litres,36200.0,5683400.0,TZS,2025-06-23,2025-07-08,,,,,,,,4,False,PC-2025-120,
PRC-2025-1048,GRT-2023-003,PRJ-2023-006,BDL-0073,VND-0116,LOC-KIL-001,FP-2025-04,STS-009,Quotation,Dell Laptop Computer for PRJ-2023-006,1,Boxes,1763200.0,1763200.0,TZS,2025-04-14,2025-04-23,2025-04-25,GRN-2025-1048,INV-VND-2025-1048,2025-04-29,2025-05-29,2025-05-23,EXP-86426,4,False,,
PRC-2025-1049,GRT-2021-001,PRJ-2023-007,BDL-0209,VND-0056,LOC-ARU-001,FP-2025-04,STS-008,Quotation,Medical Gloves Box for PRJ-2023-007,69,Boxes,47900.0,3305100.0,TZS,2025-04-15,2025-05-24,2025-05-27,GRN-2025-1049,INV-VND-2025-1049,2025-05-29,,,,3,False,,
PRC-2025-1050,GRT-2024-004,PRJ-2024-006,BDL-0222,VND-0091,LOC-MAN-002,FP-2025-04,STS-007,Tender,Improved Maize Seed 5kg for PRJ-2024-006,630,Units,19700.0,12411000.0,TZS,2025-04-15,2025-05-16,2025-05-17,GRN-2025-1050,,,,,,5,False,PC-2025-045,
PRC-2025-1051,GRT-2023-002,PRJ-2023-012,BDL-0038,VND-0026,LOC-ARU-001,FP-2025-08,STS-008,Quotation,UPS Battery for PRJ-2023-012,3,Pieces,508600.0,1525800.0,TZS,2025-08-19,2025-09-13,2025-09-20,GRN-2025-1051,INV-VND-2025-1051,2025-09-25,,,,5,False,,
PRC-2025-1052,GRT-2024-001,PRJ-2024-007,BDL-0093,VND-0126,LOC-ARU-002,FP-2025-07,STS-009,Quotation,Paint 20L for PRJ-2024-007,16,Kg,82300.0,1316800.0,TZS,2025-07-27,09-05-2025,2025-09-15,GRN-2025-1052,,2025-09-20,2025-10-20,2025-10-11,EXP-43844,4,False,PC-2025-190,
PRC-2025-1053,GRT-2023-001,PRJ-2023-001,BDL-0007,VND-0093,LOC-KIL-001,FP-2025-08,STS-007,Direct Purchase,Flipchart Paper Pad for PRJ-2023-001,20,Units,18400.0,368000.0,TZS,2025-08-24,2025-09-20,2025-09-17,GRN-2025-1053,,,,,,1,False,,
PRC-2025-1054,GRT-2023-004,PRJ-2023-009,BDL-0118,VND-0092,LOC-MAN-003,FP-2025-10,STS-010,Tender,Toyota Land Cruiser 4x4 for PRJ-2023-009,1,Boxes,42834200.0,42834200.0,TZS,2025-10-06,2025-11-02,2025-10-30,GRN-2025-1054,INV-VND-2025-1054,2025-11-02,2025-12-02,2025-12-02,EXP-94634,7,False,PC-2025-164,
PRC-2025-1055,GRT-2023-002,PRJ-2023-012,BDL-0035,VND-0048,LOC-ARU-001,FP-2025-07,STS-010,Quotation,Iron Sheets for PRJ-2023-012,92,Units,49500.0,4554000.0,TZS,2025-07-03,2025-07-13,2025-07-17,GRN-2025-1055,INV-VND-2025-1055,2025-07-24,2025-08-23,2025-08-16,EXP-66076,3,False,PC-2025-077,
PRC-2025-1056,GRT-2023-005,PRJ-2023-010,BDL-0152,VND-0122,LOC-KIL-001,FP-2025-02,STS-001,Quotation,Office Chair for PRJ-2023-010,9,Litres,276600.0,2489400.0,TZS,2025-02-24,2025-03-12,,,,,,,,3,False,PC-2025-185,
PRC-2025-1057,GRT-2024-001,PRJ-2024-001,BDL-0099,VND-0116,LOC-MAN-001,FP-2025-08,STS-008,Quotation,Participant Bags for PRJ-2024-001,102,Kg,24900.0,2539800.0,TZS,2025-08-15,2025-08-31,2025-08-29,GRN-2025-1057,INV-VND-2025-1057,2025-09-04,,,,4,False,PC-2025-013,
PRC-2025-1058,GRT-2023-004,PRJ-2023-008,BDL-0107,VND-0128,LOC-MAN-002,FP-2025-02,STS-009,Quotation,HP Desktop Computer for PRJ-2023-008,1,Boxes,1389800.0,1389800.0,TZS,2025-02-08,2025-03-15,2025-03-19,GRN-2025-1058,INV-VND-2025-1058,2025-03-23,2025-04-22,2025-04-17,EXP-70422,5,False,,
PRC-2025-1059,GRT-2023-002,PRJ-2023-012,BDL-0041,VND-0092,LOC-ARU-001,FP-2025-06,STS-006,Tender,Vegetable Seed Pack for PRJ-2023-012,779,Kg,9500.0,7400500.0,TZS,2025-06-10,2025-07-19,,,,,,,,5,False,PC-2025-167,
PRC-2025-1060,GRT-2023-001,PRJ-2023-001,BDL-0008,VND-0024,LOC-KIL-001,FP-2025-08,STS-010,Quotation,Participant Bags for PRJ-2023-001,133,Kg,24300.0,3231900.0,TZS,2025-08-18,2025-09-23,2025-10-01,GRN-2025-1060,INV-VND-2025-1060,2025-10-06,2025-11-05,,EXP-49065,4,False,,
PRC-2025-1061,GRT-2023-004,PRJ-2023-009,BDL-0101,VND-0100,LOC-MAN-003,FP-2025-10,STS-007,Quotation,Filing Cabinet for PRJ-2023-009,4,Kg,356300.0,1425200.0,TZS,2025-10-10,2025-11-07,2025-11-17,GRN-2025-1061,,,,,,5,False,PC-2025-075,
PRC-2025-1062,GRT-2023-001,PRJ-2023-001,BDL-0002,VND-0110,LOC-KIL-001,FP-2025-07,STS-009,Quotation,Manila Files Box for PRJ-2023-001,80,Units,13800.0,1104000.0,TZS,2025-07-19,2025-08-21,2025-08-20,GRN-2025-1062,INV-VND-2025-1062,2025-08-26,2025-09-25,2025-09-17,EXP-84409,5,False,PC-2025-063,
PRC-2025-1063,GRT-2023-005,PRJ-2023-010,BDL-0140,VND-0113,LOC-KIL-001,FP-2025-09,STS-008,Quotation,Vegetable Seed Pack for PRJ-2023-010,469,Sets,9600.0,4502400.0,TZS,2025-09-21,2025-09-28,2025-10-03,GRN-2025-1063,INV-VND-2025-1063,2025-10-09,,,,5,False,PC-2025-165,
PRC-2025-1064,GRT-2022-004,PRJ-2023-005,BDL-0130,VND-0064,LOC-KIL-001,FP-2025-04,STS-003,Direct Purchase,UPS Battery for PRJ-2023-005,1,Sets,477200.0,477200.0,TZS,2025-04-09,2025-04-30,,,INV-VND-2025-1025,,,,,1,False,,
PRC-2025-1065,GRT-2024-001,PRJ-2024-002,BDL-0091,VND-0106,LOC-KIL-004,FP-2025-05,STS-007,Quotation,Oral Rehydration Salts for PRJ-2024-002,130,Boxes,33000.0,4290000.0,TZS,2025-05-05,2025-05-17,2025-05-31,GRN-2025-1065,,,,,,3,False,,
PRC-2025-1066,GRT-2024-003,PRJ-2024-005,BDL-0184,VND-0141,LOC-ARU-004,FP-2025-06,STS-009,Quotation,Training Handouts Printing for PRJ-2024-005,359,Units,38700.0,13893300.0,TZS,2025-06-08,2025-06-21,2025-06-18,GRN-2025-1066,INV-VND-2025-1066,2025-06-24,2025-07-24,2025-07-22,EXP-39613,4,False,PC-2025-084,
PRC-2025-1067,GRT-2023-001,PRJ-2023-011,BDL-0016,VND-0143,LOC-MAN-001,FP-2025-03,STS-005,Quotation,Malaria Rapid Test Kits Box for PRJ-2023-011,97,Sets,316300.0,30681100.0,TZS,2025-03-28,2025-04-26,,,,,,,,7,False,PC-2025-173,
PRC-2025-1068,GRT-2022-003,PRJ-2023-003,BDL-0053,VND-0084,LOC-KIL-003,FP-2025-02,STS-007,Quotation,Timber Planks for PRJ-2023-003,145,Boxes,16100.0,2334500.0,TZS,2025-02-13,2025-03-28,2025-04-10,GRN-2025-1068,,,,,,4,False,PC-2025-141,
PRC-2025-1069,GRT-2024-002,PRJ-2024-003,BDL-0170,VND-0025,LOC-ARU-003,FP-2025-10,STS-006,Quotation,Training Handouts Printing for PRJ-2024-003,327,Units,33100.0,10823700.0,TZS,2025-10-14,2025-11-26,,,,,,,,3,False,PC-2025-151,
PRC-2025-1070,GRT-2022-003,PRJ-2023-003,BDL-0050,VND-0128,LOC-KIL-003,FP-2025-07,STS-004,Quotation,Bean Seeds 2kg for PRJ-2023-003,466,Units,13700.0,6384200.0,TZS,2025-07-23,2025-09-04,,,,,,,,5,False,PC-2025-041,
PRC-2025-1071,GRT-2023-002,PRJ-2023-004,BDL-0027,VND-0098,LOC-ARU-002,FP-2025-04,STS-008,Quotation,Eucalyptus Seedlings for PRJ-2023-004,6041,Pieces,800.0,4832800.0,TZS,2025-04-25,2025-05-17,2025-05-16,GRN-2025-1071,INV-VND-2025-1071,2025-05-22,,,,3,False,,
PRC-2025-1072,GRT-2024-003,PRJ-2024-005,BDL-0188,VND-0112,LOC-ARU-004,FP-2025-06,STS-007,Quotation,Dell Laptop Computer for PRJ-2024-005,1,Pieces,2019600.0,2019600.0,TZS,2025-06-24,2025-07-21,2025-08-01,GRN-2025-1072,,,,,,4,False,PC-2025-093,
PRC-2025-1073,GRT-2023-002,PRJ-2023-012,BDL-0027,VND-0028,LOC-ARU-001,FP-2025-06,STS-002,Quotation,HP Desktop Computer for PRJ-2023-012,1,Kg,1474900.0,1474900.0,TZS,2025-06-21,2025-07-03,,,,,,,,5,False,,
PRC-2025-1074,GRT-2023-003,PRJ-2023-013,BDL-0063,VND-0042,LOC-ARU-001,FP-2025-09,STS-005,Quotation,Iron Sheets for PRJ-2023-013,37,Kg,43300.0,1602100.0,TZS,2025-09-29,2025-10-14,,,,,,,,5,False,PC-2025-032,
PRC-2025-1075,GRT-2024-002,PRJ-2024-004,BDL-0173,VND-0095,LOC-MAN-004,FP-2025-01,STS-003,Tender,Toyota Land Cruiser 4x4 for PRJ-2024-004,1,Kg,47603600.0,47603600.0,TZS,2025-01-16,2025-01-23,,,,,,,,7,False,PC-2025-182,
PRC-2025-1076,GRT-2024-002,PRJ-2024-003,BDL-0169,VND-0128,LOC-ARU-003,FP-2025-09,STS-009,Quotation,Paint 20L for PRJ-2024-003,11,Pieces,80800.0,888800.0,TZS,2025-09-09,2025-10-03,2025-10-17,GRN-2025-1076,INV-VND-2025-1076,2025-10-21,2025-11-20,2025-11-16,EXP-35083,3,False,,
PRC-2025-1077,GRT-2023-001,PRJ-2023-001,BDL-0005,VND-0110,LOC-KIL-001,FP-2025-07,STS-008,Quotation,Toner Cartridge for PRJ-2023-001,11,Kg,46700.0,513700.0,TZS,2025-07-17,2025-08-12,2025-08-24,GRN-2025-1077,INV-VND-2025-1077,2025-08-31,,,,3,False,,
PRC-2025-1078,GRT-2024-001,PRJ-2024-007,BDL-0099,VND-0136,LOC-ARU-002,FP-2025-03,STS-007,Quotation,Filing Cabinet for PRJ-2024-007,2,Sets,350900.0,701800.0,TZS,2025-03-24,2025-04-14,2025-04-27,GRN-2025-1078,,,,,,4,False,PC-2025-085,
PRC-2025-1079,GRT-2023-003,PRJ-2023-013,BDL-0080,VND-0054,LOC-ARU-001,FP-2025-03,STS-001,Quotation,Paracetamol Tablets for PRJ-2023-013,297,Litres,25600.0,7603200.0,TZS,2025-03-01,2025-03-14,,,,,,,,4,False,PC-2025-152,
PRC-2025-1080,GRT-2022-003,PRJ-2023-003,BDL-0060,VND-0034,LOC-KIL-003,FP-2025-06,STS-010,Quotation,Oral Rehydration Salts for PRJ-2023-003,52,Pieces,34400.0,1788800.0,TZS,2025-06-29,2025-07-21,2025-08-04,GRN-2025-1080,INV-VND-2025-1080,2025-08-10,2025-09-09,2025-09-05,EXP-19623,5,False,,
PRC-2025-1081,GRT-2023-005,PRJ-2023-010,BDL-0146,VND-0144,LOC-KIL-001,FP-2025-05,STS-001,Quotation,Manila Files Box for PRJ-2023-010,49,Sets,14300.0,700700.0,TZS,2025-05-25,2025-07-03,,,,,,,,5,False,,
PRC-2025-1082,GRT-2022-004,PRJ-2023-005,BDL-0137,VND-0060,LOC-KIL-001,FP-2025-03,STS-001,Quotation,Iron Sheets for PRJ-2023-005,90,Litres,42300.0,3807000.0,TZS,2025-03-12,2025-04-21,,,,,,,,3,False,PC-2025-184,
PRC-2025-1083,GRT-2024-001,PRJ-2024-001,BDL-0096,VND-0098,LOC-MAN-001,FP-2025-06,STS-010,Quotation,Flipchart Paper Pad for PRJ-2024-001,28,Pieces,18000.0,504000.0,TZS,2025-06-07,2025-07-20,2025-07-27,GRN-2025-1083,INV-VND-2025-1083,2025-07-31,2025-08-30,2025-08-29,EXP-40284,4,False,,
PRC-2025-1084,GRT-2023-004,PRJ-2023-009,BDL-0117,VND-0137,LOC-MAN-003,FP-2025-04,STS-009,Tender,Improved Maize Seed 5kg for PRJ-2023-009,975,Sets,16500.0,16087500.0,TZS,2025-04-05,2025-05-09,2025-05-20,GRN-2025-1084,INV-VND-2025-1084,2025-05-21,2025-06-20,2025-06-10,EXP-25442,7,False,PC-2025-099,
PRC-2025-1085,GRT-2023-003,PRJ-2023-013,BDL-0073,VND-0109,LOC-ARU-001,FP-2025-02,STS-010,Direct Purchase,Network Switch for PRJ-2023-013,1,Kg,410600.0,410600.0,TZS,2025-02-09,2025-03-24,2025-03-27,GRN-2025-1085,INV-VND-2025-1085,2025-04-01,2025-05-01,2025-05-01,EXP-24451,1,False,,
PRC-2025-1086,GRT-2023-004,PRJ-2023-009,BDL-0117,VND-0003,LOC-MAN-003,FP-2025-08,STS-009,Quotation,Bean Seeds 2kg for PRJ-2023-009,365,Units,12000.0,4380000.0,TZS,2025-08-26,2025-09-05,2025-09-04,GRN-2025-1086,INV-VND-2025-1086,2025-09-11,2025-10-11,2025-10-11,EXP-45991,3,False,PC-2025-146,
PRC-2025-1087,GRT-2024-004,PRJ-2024-006,BDL-0222,VND-0119,LOC-MAN-002,FP-2025-04,STS-007,Quotation,Flipchart Paper Pad for PRJ-2024-006,37,Sets,17700.0,654900.0,TZS,2025-04-03,2025-05-05,2025-05-03,GRN-2025-1087,,,,,,4,False,PC-2025-107,
PRC-2025-1088,GRT-2024-001,PRJ-2024-002,BDL-0089,VND-0060,LOC-KIL-004,FP-2025-04,STS-009,Tender,Improved Maize Seed 5kg for PRJ-2024-002,330,Sets,19300.0,6369000.0,TZS,2025-04-03,2025-05-12,2025-05-20,GRN-2025-1088,INV-VND-2025-1088,2025-05-22,2025-06-21,2025-06-16,EXP-52071,6,False,PC-2025-114,
PRC-2025-1089,GRT-2021-001,PRJ-2023-007,BDL-0209,VND-0141,LOC-ARU-001,FP-2025-01,STS-009,Tender,Training Handouts Printing for PRJ-2023-007,186,Boxes,35000.0,6510000.0,TZS,2025-01-26,2025-03-04,2025-03-11,GRN-2025-1089,INV-VND-2025-1089,2025-03-18,2025-04-17,2025-04-08,EXP-23114,7,False,PC-2025-157,
PRC-2025-1090,GRT-2021-001,PRJ-2023-007,BDL-0193,VND-0123,LOC-ARU-001,FP-2025-09,STS-007,Quotation,Printer Canon for PRJ-2023-007,1,Units,908000.0,908000.0,TZS,2025-09-15,2025-10-09,2025-10-20,GRN-2025-1090,,,,,,3,False,PC-2025-133,
PRC-2025-1091,GRT-2023-003,PRJ-2023-013,BDL-0069,VND-0039,LOC-ARU-001,FP-2025-08,STS-007,Tender,Bean Seeds 2kg for PRJ-2023-013,592,Litres,12100.0,7163200.0,TZS,2025-08-13,2025-09-25,2025-09-27,GRN-2025-1091,,,,,,6,False,PC-2025-027,
PRC-2025-1092,GRT-2023-004,PRJ-2023-008,BDL-0109,VND-0128,LOC-MAN-002,FP-2025-07,STS-004,Quotation,Medical Gloves Box for PRJ-2023-008,139,Pieces,45700.0,6352300.0,TZS,2025-07-04,2025-07-27,,,,,,,,3,False,PC-2025-029,
PRC-2025-1093,GRT-2023-004,PRJ-2023-009,BDL-0117,VND-0135,LOC-MAN-003,FP-2025-07,STS-004,Tender,Toyota Hilux Double Cab for PRJ-2023-009,1,Kg,32546400.0,32546400.0,TZS,2025-07-09,2025-08-02,,,,,,,,6,False,PC-2025-066,
PRC-2025-1094,GRT-2024-001,PRJ-2024-002,BDL-0087,VND-0112,LOC-KIL-004,FP-2025-07,STS-009,Quotation,Timber Planks for PRJ-2024-002,195,Litres,14800.0,2886000.0,TZS,2025-07-10,2025-08-17,2025-08-23,GRN-2025-1094,INV-VND-2025-1094,2025-08-26,2025-09-25,2025-09-24,EXP-95671,3,False,PC-2025-199,
PRC-2025-1095,GRT-2024-001,PRJ-2024-001,BDL-0097,VND-0136,LOC-MAN-001,FP-2025-09,STS-004,Quotation,Toner Cartridge for PRJ-2024-001,13,Pieces,45000.0,585000.0,TZS,2025-09-24,2025-11-07,,,,,,,,5,False,PC-2025-114,
PRC-2025-1096,GRT-2024-001,PRJ-2024-002,BDL-0093,VND-0008,LOC-KIL-004,FP-2025-04,STS-009,Tender,Paracetamol Tablets for PRJ-2024-002,381,Kg,27800.0,10591800.0,TZS,2025-04-22,06-06-2025,2025-06-15,GRN-2025-1096,INV-VND-2025-1096,2025-06-16,2025-07-16,07-Jul-2025,EXP-98841,3,False,PC-2025-032,
PRC-2025-1097,GRT-2023-003,PRJ-2023-013,BDL-0066,VND-0116,LOC-ARU-001,FP-2025-05,STS-007,Quotation,Indigenous Tree Seedlings for PRJ-2023-013,5174,Boxes,700.0,3621800.0,TZS,2025-05-16,2025-06-27,2025-07-12,GRN-2025-1097,,,,,,3,False,PC-2025-029,
PRC-2025-1098,GRT-2024-002,PRJ-2024-003,BDL-0170,VND-0002,LOC-ARU-003,FP-2025-05,STS-009,Direct Purchase,Toner Cartridge for PRJ-2024-003,11,Pieces,41900.0,460900.0,TZS,2025-05-04,2025-05-28,2025-05-27,GRN-2025-1098,INV-VND-2025-1098,2025-05-29,2025-06-28,2025-06-27,EXP-35408,1,False,,
PRC-2025-1099,GRT-2023-004,PRJ-2023-008,BDL-0110,VND-0006,LOC-MAN-002,FP-2025-06,STS-003,Direct Purchase,Network Switch for PRJ-2023-008,1,Kg,419900.0,419900.0,TZS,2025-06-01,11/07/2025,,,,,,,,1,False,,
PRC-2025-1100,GRT-2023-004,PRJ-2023-008,BDL-0111,VND-0141,LOC-MAN-002,FP-2025-08,STS-010,Quotation,Iron Sheets for PRJ-2023-008,54,Litres,40800.0,2203200.0,TZS,2025-08-15,2025-09-06,2025-09-18,GRN-2025-1100,INV-VND-2025-1100,2025-09-21,2025-10-21,2025-10-20,EXP-28545,3,False,,
PRC-2025-1101,GRT-2023-004,PRJ-2023-009,BDL-0105,VND-0059,LOC-MAN-003,FP-2025-08,STS-010,Quotation,Office Desk for PRJ-2023-009,9,Pieces,680200.0,6121800.0,TZS,2025-08-04,2025-08-31,2025-09-11,GRN-2025-1101,INV-VND-2025-1101,2025-09-17,2025-10-17,2025-10-11,EXP-58798,5,False,PC-2025-159,
PRC-2025-1102,GRT-2024-001,PRJ-2024-002,BDL-0085,VND-0150,LOC-KIL-004,FP-2025-02,STS-007,Direct Purchase,Markers Set for PRJ-2024-002,38,Kg,10900.0,414200.0,TZS,2025-02-13,2025-03-05,2025-03-19,GRN-2025-1102,,,,,,1,False,,
PRC-2025-1103,GRT-2023-004,PRJ-2023-009,BDL-0115,VND-0016,LOC-MAN-003,FP-2025-06,STS-006,Quotation,Office Chair for PRJ-2023-009,7,Litres,318200.0,2227400.0,TZS,2025-06-29,2025-07-23,,,,,,,,4,False,PC-2025-170,
PRC-2025-1104,GRT-2021-001,PRJ-2023-007,BDL-0190,VND-0129,LOC-ARU-001,FP-2025-09,STS-008,Quotation,Filing Cabinet for PRJ-2023-007,3,Sets,387900.0,1163700.0,TZS,2025-09-19,2025-10-23,2025-10-23,GRN-2025-1104,INV-VND-2025-1104,2025-10-25,,,,5,False,,
PRC-2025-1105,GRT-2023-003,PRJ-2023-006,BDL-0064,VND-0061,LOC-KIL-001,FP-2025-09,STS-007,Quotation,Notebooks Pack for PRJ-2023-006,131,Sets,9400.0,1231400.0,TZS,2025-09-28,2025-10-29,2025-11-13,GRN-2025-1105,,,,,,4,False,,
PRC-2025-1106,GRT-2023-004,PRJ-2023-009,BDL-0113,VND-0004,LOC-MAN-003,FP-2025-08,STS-009,Quotation,Dell Laptop Computer for PRJ-2023-009,1,Units,1765300.0,1765300.0,TZS,2025-08-01,2025-08-24,2025-09-08,GRN-2025-1106,,2025-09-13,2025-10-13,2025-10-06,EXP-94564,5,False,,
PRC-2025-1107,GRT-2023-002,PRJ-2023-012,BDL-0040,VND-0018,LOC-ARU-001,FP-2025-07,STS-004,Quotation,Office Chair for PRJ-2023-012,13,Boxes,284500.0,3698500.0,TZS,2025-07-04,2025-07-26,,,,,,,,3,False,,
PRC-2025-1108,GRT-2023-003,PRJ-2023-006,BDL-0073,VND-0055,LOC-KIL-001,FP-2025-07,STS-009,Quotation,Toyota Land Cruiser 4x4 for PRJ-2023-006,1,Litres,48768400.0,48768400.0,TZS,2025-07-21,2025-08-14,2025-08-27,GRN-2025-1108,,2025-09-03,2025-10-03,09-24-2025,EXP-40396,7,False,PC-2025-182,
PRC-2025-1109,GRT-2024-001,PRJ-2024-002,BDL-0085,VND-0084,LOC-KIL-004,FP-2025-04,STS-001,Quotation,Fruit Tree Seedlings for PRJ-2024-002,2132,Litres,1100.0,2345200.0,TZS,2025-04-08,2025-04-20,,,,,,,,5,False,,
PRC-2025-1110,GRT-2024-001,PRJ-2024-002,BDL-0094,VND-0084,LOC-KIL-004,FP-2025-02,STS-010,Quotation,Projector Epson for PRJ-2024-002,1,Sets,1181700.0,1181700.0,TZS,2025-02-25,04/04/2025,2025-04-01,GRN-2025-1110,INV-VND-2025-1110,2025-04-04,2025-05-04,2025-04-27,EXP-17468,5,False,,
PRC-2025-1111,GRT-2024-001,PRJ-2024-007,BDL-0093,VND-0062,LOC-ARU-002,FP-2025-09,STS-008,Quotation,Participant Bags for PRJ-2024-007,133,Kg,23200.0,3085600.0,TZS,2025-09-09,2025-10-13,2025-10-11,GRN-2025-1111,,2025-10-14,,,,5,False,PC-2025-117,
PRC-2025-1112,GRT-2023-004,PRJ-2023-008,BDL-0102,VND-0001,LOC-MAN-002,FP-2025-09,STS-009,Direct Purchase,Pens and Pencils Box for PRJ-2023-008,41,Units,11600.0,475600.0,TZS,2025-09-03,2025-10-01,2025-10-13,GRN-2025-1112,INV-VND-2025-1112,2025-10-16,2025-11-15,2025-11-10,EXP-25245,1,False,,
PRC-2025-1113,GRT-2022-003,PRJ-2023-003,BDL-0053,VND-0014,LOC-KIL-003,FP-2025-07,STS-010,Quotation,Fruit Tree Seedlings for PRJ-2023-003,1486,Pieces,1100.0,1634600.0,TZS,2025-07-18,2025-08-31,2025-09-06,GRN-2025-1113,INV-VND-2025-1113,2025-09-10,2025-10-10,2025-10-09,EXP-24090,5,False,PC-2025-200,
PRC-2025-1114,GRT-2024-001,PRJ-2024-007,BDL-0097,VND-0104,LOC-ARU-002,FP-2025-10,STS-009,Quotation,Office Chair for PRJ-2024-007,9,Kg,275600.0,2480400.0,TZS,2025-10-01,2025-10-24,2025-11-02,GRN-2025-1114,INV-VND-2025-1114,2025-11-05,2025-12-05,2025-12-05,EXP-66868,5,False,PC-2025-007,
PRC-2025-1115,GRT-2023-001,PRJ-2023-002,BDL-0020,VND-0023,LOC-KIL-002,FP-2025-08,STS-010,Quotation,Participant Bags for PRJ-2023-002,139,Pieces,25400.0,3530600.0,TZS,2025-08-11,2025-08-27,2025-09-05,GRN-2025-1115,INV-VND-2025-1115,2025-09-09,2025-10-09,2025-10-02,EXP-19143,5,False,PC-2025-053,
PRC-2025-1116,GRT-2023-003,PRJ-2023-006,BDL-0070,VND-0073,LOC-KIL-001,FP-2025-05,STS-009,Quotation,Blood Pressure Monitors for PRJ-2023-006,7,Pieces,350100.0,2450700.0,TZS,12-May-2025,2025-06-04,2025-06-09,GRN-2025-1116,INV-VND-2025-1116,2025-06-16,2025-07-16,2025-07-16,EXP-59525,3,False,,
PRC-2025-1117,GRT-2024-001,PRJ-2024-001,BDL-0085,VND-0148,LOC-MAN-001,FP-2025-07,STS-006,Quotation,Eucalyptus Seedlings for PRJ-2024-001,6117,Units,900.0,5505300.0,TZS,2025-07-06,2025-07-31,,,,,,,,6,False,PC-2025-068,
PRC-2025-1118,GRT-2024-004,PRJ-2024-006,BDL-0210,VND-0147,LOC-MAN-002,FP-2025-08,STS-010,Quotation,Fruit Tree Seedlings for PRJ-2024-006,3889,Kg,1400.0,5444600.0,TZS,2025-08-13,2025-09-08,2025-09-09,GRN-2025-1118,INV-VND-2025-1118,2025-09-16,2025-10-16,2025-11-25,EXP-65610,5,False,PC-2025-064,
PRC-2025-1119,GRT-2023-001,PRJ-2023-011,BDL-0002,VND-0056,LOC-MAN-001,FP-2025-03,STS-009,Quotation,Indigenous Tree Seedlings for PRJ-2023-011,8815,Boxes,600.0,5289000.0,TZS,2025-03-23,2025-05-03,2025-05-15,GRN-2025-1119,INV-VND-2025-1119,2025-05-22,2025-06-21,2025-06-13,EXP-75151,7,False,PC-2025-199,
PRC-2025-1120,GRT-2024-001,PRJ-2024-007,BDL-0095,VND-0130,LOC-ARU-002,FP-2025-10,STS-005,Direct Purchase,External Hard Drive for PRJ-2024-007,1,Litres,170800.0,170800.0,TZS,2025-10-01,2025-10-08,,,,,,,,1,False,,
PRC-2025-1121,GRT-2022-003,PRJ-2023-003,BDL-0046,VND-0109,LOC-KIL-003,FP-2025-07,STS-007,Quotation,Motorcycle Honda for PRJ-2023-003,1,Kg,4896200.0,4896200.0,TZS,2025-07-21,2025-08-14,2025-08-13,GRN-2025-1121,,,,,,3,False,PC-2025-186,
PRC-2025-1122,GRT-2023-005,PRJ-2023-010,BDL-0141,VND-0015,LOC-KIL-001,FP-2025-02,STS-007,Quotation,Reams of A4 Paper for PRJ-2023-010,206,Kg,5000.0,1030000.0,TZS,2025-02-10,2025-03-03,2025-03-12,GRN-2025-1122,,,,,,5,False,PC-2025-147,
PRC-2025-1123,GRT-2023-001,PRJ-2023-001,BDL-0019,VND-0063,LOC-KIL-001,FP-2025-08,STS-009,Quotation,Markers Set for PRJ-2023-001,55,Kg,12900.0,709500.0,TZS,2025-08-21,2025-08-31,2025-08-30,GRN-2025-1123,INV-VND-2025-1123,2025-09-02,2025-10-02,,EXP-30123,3,False,PC-2025-102,
PRC-2025-1124,GRT-2023-002,PRJ-2023-004,BDL-0040,VND-0036,LOC-ARU-002,FP-2025-02,STS-004,Direct Purchase,Network Switch for PRJ-2023-004,1,Kg,344600.0,344600.0,TZS,2025-02-21,2025-04-05,,,,,,,,1,False,,
PRC-2025-1125,GRT-2023-004,PRJ-2023-008,BDL-0104,VND-0021,LOC-MAN-002,FP-2025-07,STS-007,Quotation,Bean Seeds 2kg for PRJ-2023-008,489,Sets,12600.0,6161400.0,TZS,2025-07-24,2025-08-20,2025-08-20,GRN-2025-1125,,,,,,7,False,PC-2025-027,
PRC-2025-1126,GRT-2024-003,PRJ-2024-005,BDL-0184,VND-0066,LOC-ARU-004,FP-2025-05,STS-010,Direct Purchase,Computer Accessories Set for PRJ-2024-005,1,Sets,341200.0,341200.0,TZS,2025-05-16,2025-06-29,2025-07-09,GRN-2025-1126,INV-VND-2025-1126,2025-07-11,2025-08-10,2025-08-09,EXP-77781,1,False,,
PRC-2025-1127,GRT-2023-004,PRJ-2023-009,BDL-0109,VND-0062,LOC-MAN-003,FP-2025-04,STS-009,Tender,Bean Seeds 2kg for PRJ-2023-009,433,Boxes,11800.0,5109400.0,TZS,2025-04-09,2025-05-24,2025-06-02,GRN-2025-1127,INV-VND-2025-1127,2025-06-03,2025-07-03,2025-06-27,EXP-50289,7,False,PC-2025-119,
PRC-2025-1128,GRT-2024-001,PRJ-2024-001,BDL-0087,VND-0035,LOC-MAN-001,FP-2025-06,STS-009,Direct Purchase,Network Switch for PRJ-2024-001,1,Kg,401500.0,401500.0,TZS,2025-06-10,2025-06-17,2025-06-16,GRN-2025-1128,INV-VND-2025-1128,2025-06-19,2025-07-19,07-12-2025,EXP-64421,1,False,,
PRC-2025-1129,GRT-2023-004,PRJ-2023-008,BDL-0101,VND-0051,LOC-MAN-002,FP-2025-03,STS-004,Quotation,Improved Maize Seed 5kg for PRJ-2023-008,934,Pieces,19300.0,18026200.0,TZS,2025-03-14,2025-04-19,,,,,,,,6,False,PC-2025-062,
PRC-2025-1130,GRT-2023-005,PRJ-2023-010,BDL-0148,VND-0076,LOC-KIL-001,FP-2025-07,STS-006,Direct Purchase,Computer Accessories Set for PRJ-2023-010,1,Litres,368400.0,368400.0,TZS,2025-07-02,2025-08-11,,,,,,,,1,False,,
PRC-2025-1131,GRT-2024-001,PRJ-2024-002,BDL-0096,VND-0118,LOC-KIL-004,FP-2025-04,STS-001,Quotation,Participant Bags for PRJ-2024-002,169,Kg,23000.0,3887000.0,TZS,2025-04-11,2025-04-28,,,,,,,,4,False,PC-2025-064,
PRC-2025-1132,GRT-2023-001,PRJ-2023-001,BDL-0002,VND-0088,LOC-KIL-001,FP-2025-08,STS-010,Quotation,Projector Epson for PRJ-2023-001,1,Pieces,1291000.0,1291000.0,TZS,2025-08-11,2025-08-22,2025-08-28,GRN-2025-1132,INV-VND-2025-1132,2025-09-01,2025-10-01,2025-09-28,EXP-52583,5,False,PC-2025-015,
PRC-2025-1133,GRT-2023-001,PRJ-2023-002,BDL-0014,VND-0048,LOC-KIL-002,FP-2025-06,STS-009,Quotation,Bean Seeds 2kg for PRJ-2023-002,429,Sets,11700.0,5019300.0,TZS,2025-06-05,2025-07-02,2025-07-05,GRN-2025-1133,INV-VND-2025-1133,2025-07-11,2025-08-10,,EXP-55450,7,False,PC-2025-103,
PRC-2025-1134,GRT-2023-001,PRJ-2023-011,BDL-0008,VND-0071,LOC-MAN-001,FP-2025-06,STS-005,Quotation,Blood Pressure Monitors for PRJ-2023-011,2,Kg,366900.0,733800.0,TZS,2025-06-14,2025-07-21,,,,,,,,4,False,,
PRC-2025-1135,GRT-2023-004,PRJ-2023-008,BDL-0107,VND-0098,LOC-MAN-002,FP-2025-03,STS-001,Quotation,Eucalyptus Seedlings for PRJ-2023-008,5498,Litres,700.0,3848600.0,TZS,2025-03-01,2025-03-31,,,,,,,,3,False,,
PRC-2025-1136,GRT-2023-001,PRJ-2023-002,BDL-0009,VND-0021,LOC-KIL-002,FP-2025-02,STS-010,Quotation,Sunflower Seeds 1kg for PRJ-2023-002,217,Kg,13800.0,2994600.0,TZS,2025-02-28,2025-03-15,2025-03-22,GRN-2025-1136,INV-VND-2025-1136,29-Mar-2025,2025-04-28,2025-04-21,EXP-77747,5,False,,
PRC-2025-1137,GRT-2023-004,PRJ-2023-009,BDL-0102,VND-0143,LOC-MAN-003,FP-2025-07,STS-009,Direct Purchase,Flipchart Paper Pad for PRJ-2023-009,19,Boxes,18400.0,349600.0,TZS,2025-07-17,08-24-2025,2025-08-24,GRN-2025-1137,INV-VND-2025-1137,2025-08-28,2025-09-27,2025-09-24,EXP-32764,1,False,,
PRC-2025-1138,GRT-2023-002,PRJ-2023-012,BDL-0033,VND-0087,LOC-ARU-001,FP-2025-06,STS-007,Quotation,Eucalyptus Seedlings for PRJ-2023-012,2569,Pieces,900.0,2312100.0,TZS,2025-06-12,2025-06-28,2025-06-26,GRN-2025-1138,,,,,,4,False,PC-2025-112,
PRC-2025-1139,GRT-2022-003,PRJ-2023-003,BDL-0051,VND-0079,LOC-KIL-003,FP-2025-02,STS-002,Quotation,Paracetamol Tablets for PRJ-2023-003,107,Units,31700.0,3391900.0,TZS,2025-02-06,2025-02-18,,,,,,,,3,False,PC-2025-191,
PRC-2025-1140,GRT-2023-001,PRJ-2023-011,BDL-0017,VND-0147,LOC-MAN-001,FP-2025-10,STS-010,Quotation,Printer Canon for PRJ-2023-011,1,Litres,934800.0,934800.0,TZS,2025-10-09,2025-10-23,2025-11-02,GRN-2025-1140,INV-VND-2025-1140,06-Nov-2025,2025-12-06,2025-12-01,EXP-21612,4,False,,
PRC-2025-1141,GRT-2023-002,PRJ-2023-012,BDL-0027,VND-0079,LOC-ARU-001,FP-2025-03,STS-010,Quotation,Motorcycle Honda for PRJ-2023-012,1,Units,4589100.0,4589100.0,TZS,2025-03-13,2025-04-07,2025-04-18,GRN-2025-1141,,2025-04-20,2025-05-20,2025-05-15,EXP-65046,3,False,PC-2025-183,
PRC-2025-1142,GRT-2023-003,PRJ-2023-013,BDL-0079,VND-0104,LOC-ARU-001,FP-2025-08,STS-009,Direct Purchase,Computer Accessories Set for PRJ-2023-013,1,Units,339900.0,339900.0,TZS,2025-08-13,2025-09-18,2025-09-17,GRN-2025-1142,INV-VND-2025-1142,2025-09-21,2025-10-21,2025-10-21,EXP-66987,1,False,,
PRC-2025-1143,GRT-2023-001,PRJ-2023-002,BDL-0012,VND-0117,LOC-KIL-002,FP-2025-05,STS-009,Quotation,Medical Gloves Box for PRJ-2023-002,87,Sets,48900.0,4254300.0,TZS,2025-05-02,2025-06-15,2025-06-16,GRN-2025-1143,,2025-06-17,2025-07-17,2025-08-24,EXP-55364,5,False,PC-2025-013,
PRC-2025-1144,GRT-2023-002,PRJ-2023-012,BDL-0037,VND-0089,LOC-ARU-001,FP-2025-03,STS-010,Tender,Toyota Hilux Double Cab for PRJ-2023-012,1,Litres,31065400.0,31065400.0,TZS,2025-03-29,2025-04-21,2025-04-19,GRN-2025-1144,INV-VND-2025-1144,2025-04-22,22-May-2025,2025-05-18,EXP-54173,4,False,PC-2025-004,
PRC-2025-1145,GRT-2021-001,PRJ-2023-007,BDL-0208,VND-0004,LOC-ARU-001,FP-2025-03,STS-007,Direct Purchase,Markers Set for PRJ-2023-007,38,Litres,12200.0,463600.0,TZS,2025-03-05,2025-04-06,2025-04-09,GRN-2025-1145,,,,,,1,False,,
PRC-2025-1146,GRT-2024-001,PRJ-2024-007,BDL-0085,VND-0076,LOC-ARU-002,FP-2025-06,STS-009,Quotation,Eucalyptus Seedlings for PRJ-2024-007,7113,Sets,800.0,5690400.0,TZS,2025-06-06,2025-06-19,2025-06-30,GRN-2025-1146,INV-VND-2025-1146,2025-07-05,2025-08-04,2025-07-29,EXP-51168,3,False,PC-2025-126,
PRC-2025-1147,GRT-2024-003,PRJ-2024-005,BDL-0184,VND-0102,LOC-ARU-004,FP-2025-06,STS-006,Direct Purchase,Pens and Pencils Box for PRJ-2024-005,34,Units,10900.0,370600.0,TZS,2025-06-10,2025-06-19,,,,,,,,1,False,,
PRC-2025-1148,GRT-2024-002,PRJ-2024-003,BDL-0170,VND-0050,LOC-ARU-003,FP-2025-01,STS-009,Quotation,Notebooks Pack for PRJ-2024-003,65,Pieces,8700.0,565500.0,TZS,2025-01-21,2025-02-18,2025-02-17,GRN-2025-1148,INV-VND-2025-1148,2025-02-21,2025-03-23,2025-05-01,EXP-25041,5,False,PC-2025-043,
PRC-2025-1149,GRT-2022-003,PRJ-2023-003,BDL-0052,VND-0042,LOC-KIL-003,FP-2025-04,STS-001,Quotation,Filing Cabinet for PRJ-2023-003,5,Kg,419000.0,2095000.0,TZS,2025-04-06,2025-04-29,,,,,,,,4,False,,
PRC-2025-1150,GRT-2023-004,PRJ-2023-008,BDL-0114,VND-0034,LOC-MAN-002,FP-2025-07,STS-005,Quotation,Eucalyptus Seedlings for PRJ-2023-008,4197,Boxes,700.0,2937900.0,TZS,2025-07-28,2025-09-10,,,,,,,,3,False,,
PRC-2025-1151,GRT-2024-002,PRJ-2024-004,BDL-0156,VND-0112,LOC-MAN-004,FP-2025-03,STS-010,Quotation,Flipchart Paper Pad for PRJ-2024-004,36,Units,18800.0,676800.0,TZS,2025-03-20,2025-04-16,2025-04-25,GRN-2025-1151,INV-VND-2025-1151,2025-05-01,2025-05-31,2025-05-27,EXP-73727,5,False,PC-2025-032,
PRC-2025-1152,GRT-2023-002,PRJ-2023-004,BDL-0039,VND-0001,LOC-ARU-002,FP-2025-03,STS-007,Quotation,Improved Maize Seed 5kg for PRJ-2023-004,961,Sets,17700.0,17009700.0,TZS,2025-03-15,19-Apr-2025,2025-05-04,GRN-2025-1152,,,,,,4,False,PC-2025-041,
PRC-2025-1153,GRT-2024-002,PRJ-2024-004,BDL-0168,VND-0130,LOC-MAN-004,FP-2025-08,STS-010,Quotation,Paint 20L for PRJ-2024-004,25,Pieces,78000.0,1950000.0,TZS,2025-08-02,26/08/2025,2025-09-02,GRN-2025-1153,INV-VND-2025-1153,2025-09-09,2025-10-09,2025-10-04,EXP-96690,3,False,,
PRC-2025-1154,GRT-2024-004,PRJ-2024-006,BDL-0224,VND-0062,LOC-MAN-002,FP-2025-03,STS-009,Quotation,Blood Pressure Monitors for PRJ-2024-006,7,Boxes,344600.0,2412200.0,TZS,2025-03-01,2025-03-19,2025-03-28,GRN-2025-1154,INV-VND-2025-1154,2025-03-29,2025-04-28,2025-05-27,EXP-12217,4,False,PC-2025-192,
PRC-2025-1155,GRT-2022-003,PRJ-2023-003,BDL-0043,VND-0081,LOC-KIL-003,FP-2025-08,STS-008,Quotation,Paint 20L for PRJ-2023-003,29,Litres,82800.0,2401200.0,TZS,2025-08-01,2025-08-26,2025-08-23,GRN-2025-1155,INV-VND-2025-1155,2025-08-27,,,,3,False,,
PRC-2025-1156,GRT-2023-004,PRJ-2023-009,BDL-0116,VND-0129,LOC-MAN-003,FP-2025-03,STS-008,Direct Purchase,External Hard Drive for PRJ-2023-009,1,Boxes,191200.0,191200.0,TZS,2025-03-10,2025-03-18,2025-03-16,GRN-2025-1156,INV-VND-2025-1110,2025-03-20,,,,1,False,,
PRC-2025-1157,GRT-2021-001,PRJ-2023-007,BDL-0191,VND-0025,LOC-ARU-001,FP-2025-02,STS-008,Quotation,Dell Laptop Computer for PRJ-2023-007,1,Pieces,1653200.0,1653200.0,TZS,2025-02-10,2025-02-19,2025-02-24,GRN-2025-1157,INV-VND-2025-1157,2025-02-26,,,,3,False,PC-2025-147,
PRC-2025-1158,GRT-2023-004,PRJ-2023-008,BDL-0116,VND-0007,LOC-MAN-002,FP-2025-04,STS-008,Direct Purchase,Network Switch for PRJ-2023-008,1,Units,429900.0,429900.0,TZS,2025-04-07,2025-04-28,2025-05-13,GRN-2025-1158,INV-VND-2025-1158,2025-05-17,,,,1,False,,
PRC-2025-1159,GRT-2024-001,PRJ-2024-007,BDL-0088,VND-0043,LOC-ARU-002,FP-2025-09,STS-009,Quotation,Filing Cabinet for PRJ-2024-007,2,Boxes,378700.0,757400.0,TZS,2025-09-05,2025-09-27,2025-09-27,GRN-2025-1159,INV-VND-2025-1159,2025-09-29,2025-10-29,2025-10-25,EXP-66042,3,False,PC-2025-190,
PRC-2025-1160,GRT-2023-004,PRJ-2023-008,BDL-0104,VND-0106,LOC-MAN-002,FP-2025-03,STS-006,Quotation,Conference Table for PRJ-2023-008,1,Litres,1158200.0,1158200.0,TZS,03-19-2025,2025-04-25,,,,,,,,3,False,,
PRC-2025-1161,GRT-2023-004,PRJ-2023-008,BDL-0110,VND-0058,LOC-MAN-002,FP-2025-04,STS-008,Quotation,Toyota Land Cruiser 4x4 for PRJ-2023-008,1,Units,41866100.0,41866100.0,TZS,2025-04-21,2025-05-21,2025-05-26,GRN-2025-1161,INV-VND-2025-1161,2025-05-30,,,,5,False,PC-2025-007,
PRC-2025-1162,GRT-2024-002,PRJ-2024-003,BDL-0169,VND-0091,LOC-ARU-003,FP-2025-08,STS-010,Quotation,Printer Canon for PRJ-2024-003,1,Units,793100.0,793100.0,TZS,2025-08-06,19-Sep-2025,2025-09-20,GRN-2025-1162,INV-VND-2025-1162,2025-09-22,2025-10-22,2025-10-12,EXP-17177,5,False,PC-2025-026,
PRC-2025-1163,GRT-2022-003,PRJ-2023-003,BDL-0052,VND-0143,LOC-KIL-003,FP-2025-10,STS-009,Tender,Office Desk for PRJ-2023-003,8,Pieces,659700.0,5277600.0,TZS,2025-10-05,2025-10-17,2025-10-18,GRN-2025-1163,INV-VND-2025-1163,2025-10-25,2025-11-24,2025-11-24,EXP-98157,5,False,PC-2025-198,
PRC-2025-1164,GRT-2023-002,PRJ-2023-012,BDL-0034,VND-0038,LOC-ARU-001,FP-2025-09,STS-009,Quotation,Blood Pressure Monitors for PRJ-2023-012,3,Litres,309100.0,927300.0,TZS,2025-09-10,2025-10-02,2025-10-12,GRN-2025-1164,INV-VND-2025-1164,2025-10-15,2025-11-14,2025-11-08,EXP-19202,4,False,,
PRC-2025-1165,GRT-2024-001,PRJ-2024-001,BDL-0086,VND-0017,LOC-MAN-001,FP-2025-08,STS-009,Quotation,HP Desktop Computer for PRJ-2024-001,1,Boxes,1314400.0,1314400.0,TZS,2025-08-26,2025-10-10,2025-10-14,GRN-2025-1165,INV-VND-2025-1165,2025-10-16,2025-11-15,2025-11-05,EXP-89886,4,False,PC-2025-068,
PRC-2025-1166,GRT-2024-001,PRJ-2024-002,BDL-0087,VND-0051,LOC-KIL-004,FP-2025-06,STS-006,Quotation,Conference Table for PRJ-2024-002,1,Pieces,1132400.0,1132400.0,TZS,2025-06-28,2025-07-15,,,,,,,,5,False,PC-2025-062,
PRC-2025-1167,GRT-2023-004,PRJ-2023-009,BDL-0107,VND-0138,LOC-MAN-003,FP-2025-05,STS-010,Quotation,Conference Table for PRJ-2023-009,1,Pieces,1341600.0,1341600.0,TZS,2025-05-08,2025-05-17,2025-05-27,GRN-2025-1167,INV-VND-2025-1167,2025-06-01,2025-07-01,2025-07-01,EXP-52005,3,False,,
PRC-2025-1168,GRT-2023-003,PRJ-2023-006,BDL-0076,VND-0006,LOC-KIL-001,FP-2025-05,STS-009,Quotation,Projector Epson for PRJ-2023-006,1,Units,1186900.0,1186900.0,TZS,2025-05-31,2025-07-01,05-Jul-2025,GRN-2025-1168,INV-VND-2025-1168,2025-07-06,2025-08-05,2025-07-30,EXP-61808,3,False,,
PRC-2025-1169,GRT-2024-003,PRJ-2024-005,BDL-0181,VND-0060,LOC-ARU-004,FP-2025-03,STS-009,Tender,Oral Rehydration Salts for PRJ-2024-005,174,Boxes,40000.0,6960000.0,TZS,2025-03-30,2025-04-22,2025-05-03,GRN-2025-1169,INV-VND-2025-1169,2025-05-04,2025-06-03,2025-07-08,EXP-98527,5,False,PC-2025-018,
PRC-2025-1170,GRT-2023-002,PRJ-2023-004,BDL-0025,VND-0071,LOC-ARU-002,FP-2025-07,STS-009,Quotation,Timber Planks for PRJ-2023-004,159,Boxes,14100.0,2241900.0,TZS,2025-07-19,2025-08-20,2025-08-24,GRN-2025-1170,,2025-08-29,2025-09-28,2025-09-19,EXP-31774,3,False,PC-2025-008,
PRC-2025-1171,GRT-2024-004,PRJ-2024-006,BDL-0226,VND-0082,LOC-MAN-002,FP-2025-04,STS-009,Quotation,Motorcycle Honda for PRJ-2024-006,1,Units,4855800.0,4855800.0,TZS,2025-04-01,2025-04-19,2025-04-16,GRN-2025-1171,INV-VND-2025-1171,2025-04-17,2025-05-17,2025-06-19,EXP-12949,4,False,PC-2025-196,
PRC-2025-1172,GRT-2024-002,PRJ-2024-004,BDL-0164,VND-0032,LOC-MAN-004,FP-2025-02,STS-007,Quotation,UPS Battery for PRJ-2024-004,2,Kg,415300.0,830600.0,TZS,2025-02-25,2025-03-06,2025-03-19,GRN-2025-1172,,,,,,5,False,,
PRC-2025-1173,GRT-2023-001,PRJ-2023-002,BDL-0001,VND-0091,LOC-KIL-002,FP-2025-01,STS-009,Quotation,Toner Cartridge for PRJ-2023-002,14,Litres,43200.0,604800.0,TZS,2025-01-16,2025-02-04,2025-02-09,GRN-2025-1173,INV-VND-2025-1173,16-Feb-2025,2025-03-18,2025-03-15,EXP-69886,3,False,PC-2025-040,
PRC-2025-1174,GRT-2023-002,PRJ-2023-004,BDL-0035,VND-0017,LOC-ARU-002,FP-2025-06,STS-006,Quotation,Conference Table for PRJ-2023-004,1,Pieces,1171700.0,1171700.0,TZS,2025-06-06,2025-06-29,,,,,,,,3,False,PC-2025-053,
PRC-2025-1175,GRT-2023-002,PRJ-2023-012,BDL-0031,VND-0001,LOC-ARU-001,FP-2025-08,STS-007,Quotation,Indigenous Tree Seedlings for PRJ-2023-012,4329,Units,600.0,2597400.0,TZS,2025-08-14,2025-08-31,13-Sep-2025,GRN-2025-1175,,,,,,5,False,PC-2025-025,
PRC-2025-1176,GRT-2023-005,PRJ-2023-010,BDL-0148,VND-0090,LOC-KIL-001,FP-2025-07,STS-009,Quotation,Office Desk for PRJ-2023-010,7,Kg,710600.0,4974200.0,TZS,2025-07-24,2025-08-10,2025-08-14,GRN-2025-1176,INV-VND-2025-1176,2025-08-16,2025-09-15,2025-09-07,EXP-16290,3,False,PC-2025-085,
PRC-2025-1177,GRT-2024-001,PRJ-2024-001,BDL-0098,VND-0044,LOC-MAN-001,FP-2025-03,STS-004,Tender,Indigenous Tree Seedlings for PRJ-2024-001,14444,Boxes,600.0,8666400.0,TZS,2025-03-15,2025-04-12,,,,,,,,3,False,PC-2025-198,
PRC-2025-1178,GRT-2023-002,PRJ-2023-012,BDL-0039,VND-0002,LOC-ARU-001,FP-2025-01,STS-009,Direct Purchase,Pens and Pencils Box for PRJ-2023-012,31,Litres,12100.0,375100.0,TZS,2025-01-24,2025-02-15,2025-02-12,GRN-2025-1178,INV-VND-2025-1178,2025-02-15,2025-03-17,2025-03-09,EXP-76518,1,False,,
PRC-2025-1179,GRT-2023-004,PRJ-2023-008,BDL-0111,VND-0053,LOC-MAN-002,FP-2025-08,STS-009,Quotation,Sunflower Seeds 1kg for PRJ-2023-008,278,Boxes,14200.0,3947600.0,TZS,2025-08-29,09-25-2025,2025-10-06,GRN-2025-1179,INV-VND-2025-1179,2025-10-11,2025-11-10,2025-11-09,EXP-24021,4,False,PC-2025-189,
PRC-2025-1180,GRT-2023-002,PRJ-2023-004,BDL-0024,VND-0057,LOC-ARU-002,FP-2025-04,STS-007,Quotation,Timber Planks for PRJ-2023-004,195,Sets,15600.0,3042000.0,TZS,2025-04-10,2025-04-28,2025-04-28,GRN-2025-1180,,,,,,3,False,,
PRC-2025-1181,GRT-2024-003,PRJ-2024-005,BDL-0187,VND-0133,LOC-ARU-004,FP-2025-03,STS-004,Quotation,Iron Sheets for PRJ-2024-005,25,Sets,51600.0,1290000.0,TZS,2025-03-15,2025-04-06,,,,,,,,4,False,,
PRC-2025-1182,GRT-2024-001,PRJ-2024-002,BDL-0095,VND-0028,LOC-KIL-004,FP-2025-10,STS-007,Tender,Oral Rehydration Salts for PRJ-2024-002,151,Litres,38000.0,5738000.0,TZS,2025-10-04,2025-11-05,2025-11-18,GRN-2025-1182,,,,,,4,False,PC-2025-132,
PRC-2025-1183,GRT-2024-001,PRJ-2024-007,BDL-0083,VND-0030,LOC-ARU-002,FP-2025-06,STS-009,Direct Purchase,Markers Set for PRJ-2024-007,37,Boxes,11700.0,432900.0,TZS,2025-06-16,2025-07-10,2025-07-17,GRN-2025-1183,INV-VND-2025-1183,2025-07-23,2025-08-22,2025-08-18,EXP-46320,1,False,,
PRC-2025-1184,GRT-2024-003,PRJ-2024-005,BDL-0185,VND-0128,LOC-ARU-004,FP-2025-10,STS-009,Quotation,Office Desk for PRJ-2024-005,9,Sets,704200.0,6337800.0,TZS,2025-10-05,2025-10-25,2025-11-07,GRN-2025-1184,INV-VND-2025-1184,2025-11-13,2025-12-13,2025-12-04,EXP-17102,5,False,PC-2025-149,
PRC-2025-1185,GRT-2023-005,PRJ-2023-010,BDL-0149,VND-0106,LOC-KIL-001,FP-2025-05,STS-009,Quotation,Conference Table for PRJ-2023-010,1,Boxes,1378800.0,1378800.0,TZS,2025-05-02,2025-05-12,23-May-2025,GRN-2025-1185,INV-VND-2025-1185,24-May-2025,2025-06-23,2025-06-16,EXP-71039,3,False,PC-2025-079,
PRC-2025-1186,GRT-2021-001,PRJ-2023-007,BDL-0196,VND-0024,LOC-ARU-001,FP-2025-02,STS-007,Tender,Improved Maize Seed 5kg for PRJ-2023-007,427,Kg,17100.0,7301700.0,TZS,2025-02-06,2025-02-24,2025-02-28,GRN-2025-1186,,,,,,4,False,PC-2025-142,
PRC-2025-1187,GRT-2023-004,PRJ-2023-008,BDL-0110,VND-0135,LOC-MAN-002,FP-2025-06,STS-004,Quotation,Vegetable Seed Pack for PRJ-2023-008,293,Units,8900.0,2607700.0,TZS,2025-06-01,2025-07-08,,,,,,,,3,False,,
PRC-2025-1188,GRT-2024-001,PRJ-2024-002,BDL-0094,VND-0086,LOC-KIL-004,FP-2025-04,STS-006,Quotation,Flipchart Paper Pad for PRJ-2024-002,37,Pieces,16900.0,625300.0,TZS,2025-04-24,2025-05-27,,,,,,,,3,False,,
PRC-2025-1189,GRT-2023-002,PRJ-2023-004,BDL-0027,VND-0042,LOC-ARU-002,FP-2025-01,STS-009,Quotation,Printer Canon for PRJ-2023-004,1,Kg,891900.0,891900.0,TZS,2025-01-22,2025-02-24,2025-03-03,GRN-2025-1189,,2025-03-09,2025-04-08,2025-04-06,EXP-32132,5,False,PC-2025-038,
PRC-2025-1190,GRT-2023-001,PRJ-2023-001,BDL-0009,VND-0086,LOC-KIL-001,FP-2025-09,STS-008,Quotation,Fruit Tree Seedlings for PRJ-2023-001,2741,Sets,1100.0,3015100.0,TZS,2025-09-27,2025-11-04,2025-11-16,GRN-2025-1190,INV-VND-2025-1190,2025-11-21,,,,4,False,PC-2025-055,
PRC-2025-1191,GRT-2023-004,PRJ-2023-009,BDL-0113,VND-0123,LOC-MAN-003,FP-2025-03,STS-009,Quotation,Iron Sheets for PRJ-2023-009,77,Sets,49800.0,3834600.0,TZS,28/03/2025,2025-05-01,16-May-2025,GRN-2025-1191,,2025-05-22,2025-06-21,,EXP-83955,4,False,,
PRC-2025-1192,GRT-2024-001,PRJ-2024-002,BDL-0086,VND-0020,LOC-KIL-004,FP-2025-09,STS-008,Quotation,Pens and Pencils Box for PRJ-2024-002,68,Kg,11400.0,775200.0,TZS,2025-09-15,2025-10-02,2025-10-02,GRN-2025-1192,INV-VND-2025-1192,2025-10-08,,,,4,False,,
PRC-2025-1193,GRT-2023-003,PRJ-2023-013,BDL-0066,VND-0015,LOC-ARU-001,FP-2025-08,STS-005,Quotation,Printer Canon for PRJ-2023-013,1,Boxes,945600.0,945600.0,TZS,2025-08-16,2025-08-25,,,,,,,,3,False,PC-2025-007,
PRC-2025-1194,GRT-2023-004,PRJ-2023-009,BDL-0105,VND-0042,LOC-MAN-003,FP-2025-04,STS-008,Quotation,Fruit Tree Seedlings for PRJ-2023-009,2861,Kg,1200.0,3433200.0,TZS,2025-04-10,2025-05-22,2025-05-23,GRN-2025-1194,INV-VND-2025-1194,2025-05-25,,,,5,False,PC-2025-139,
PRC-2025-1195,GRT-2024-001,PRJ-2024-007,BDL-0084,VND-0122,LOC-ARU-002,FP-2025-01,STS-009,Quotation,Conference Table for PRJ-2024-007,1,Pieces,1253900.0,1253900.0,TZS,2025-01-21,2025-03-05,2025-03-15,GRN-2025-1195,INV-VND-2025-1195,2025-03-22,2025-04-21,2025-05-23,EXP-44769,3,False,PC-2025-190,
PRC-2025-1196,GRT-2023-002,PRJ-2023-012,BDL-0030,VND-0039,LOC-ARU-001,FP-2025-08,STS-002,Quotation,Manila Files Box for PRJ-2023-012,45,Boxes,14700.0,661500.0,TZS,2025-08-25,2025-09-06,,,,,,,,4,False,PC-2025-118,
PRC-2025-1197,GRT-2024-004,PRJ-2024-006,BDL-0211,VND-0144,LOC-MAN-002,FP-2025-01,STS-008,Tender,Toyota Hilux Double Cab for PRJ-2024-006,1,Kg,29369600.0,29369600.0,TZS,2025-01-15,2025-02-12,2025-02-15,GRN-2025-1197,INV-VND-2025-1197,2025-02-16,,,,5,False,PC-2025-031,
PRC-2025-1198,GRT-2024-002,PRJ-2024-004,BDL-0166,VND-0037,LOC-MAN-004,FP-2025-04,STS-004,Quotation,UPS Battery for PRJ-2024-004,2,Kg,421200.0,842400.0,TZS,2025-04-14,2025-05-07,,,,,,,,5,False,,
PRC-2025-1199,GRT-2024-002,PRJ-2024-004,BDL-0154,VND-0110,LOC-MAN-004,FP-2025-03,STS-008,Quotation,Projector Epson for PRJ-2024-004,1,Units,1246900.0,1246900.0,TZS,2025-03-16,2025-04-22,2025-04-19,GRN-2025-1199,INV-VND-2025-1199,2025-04-26,,,,4,False,,
PRC-2025-1200,GRT-2024-001,PRJ-2024-001,BDL-0084,VND-0009,LOC-MAN-001,FP-2025-04,STS-009,Tender,Paracetamol Tablets for PRJ-2024-001,392,Sets,29300.0,11485600.0,TZS,02-Apr-2025,2025-04-27,2025-05-07,GRN-2025-1200,INV-VND-2025-1200,2025-05-08,2025-06-07,,EXP-22004,7,False,PC-2025-098,
PRC-2025-1201,GRT-2023-001,PRJ-2023-002,BDL-0005,VND-0132,LOC-KIL-002,FP-2025-01,STS-009,Quotation,Vegetable Seed Pack for PRJ-2023-002,298,Kg,9300.0,2771400.0,TZS,2025-01-31,2025-02-12,2025-02-09,GRN-2025-1201,INV-VND-2025-1201,2025-02-11,2025-03-13,2025-03-06,EXP-57772,5,False,PC-2025-059,
PRC-2025-1202,GRT-2024-003,PRJ-2024-005,BDL-0183,VND-0081,LOC-ARU-004,FP-2025-04,STS-009,Quotation,Eucalyptus Seedlings for PRJ-2024-005,5376,Pieces,900.0,4838400.0,TZS,2025-04-09,2025-04-19,2025-04-25,GRN-2025-1202,INV-VND-2025-1202,2025-04-28,2025-05-28,2025-06-15,EXP-67777,5,False,PC-2025-196,
PRC-2025-1203,GRT-2023-004,PRJ-2023-008,BDL-0114,VND-0012,LOC-MAN-002,FP-2025-07,STS-009,Direct Purchase,Network Switch for PRJ-2023-008,1,Sets,352900.0,352900.0,TZS,2025-07-26,2025-08-02,2025-08-15,GRN-2025-1203,INV-VND-2025-1203,2025-08-19,2025-09-18,2025-09-11,EXP-49476,1,False,,
PRC-2025-1204,GRT-2024-001,PRJ-2024-002,BDL-0099,VND-0029,LOC-KIL-004,FP-2025-08,STS-009,Tender,Improved Maize Seed 5kg for PRJ-2024-002,755,Units,18200.0,13741000.0,TZS,2025-08-26,2025-09-15,2025-09-17,GRN-2025-1204,INV-VND-2025-1204,2025-09-24,2025-10-24,2025-10-22,EXP-67851,5,False,PC-2025-007,
PRC-2025-1205,GRT-2023-005,PRJ-2023-010,BDL-0153,VND-0077,LOC-KIL-001,FP-2025-03,STS-009,Quotation,Timber Planks for PRJ-2023-010,139,Boxes,16600.0,2307400.0,TZS,16/03/2025,2025-04-24,2025-04-27,GRN-2025-1205,INV-VND-2025-1205,2025-05-03,2025-06-02,2025-05-30,EXP-95306,3,False,,
PRC-2025-1206,GRT-2022-004,PRJ-2023-005,BDL-0119,VND-0124,LOC-KIL-001,FP-2025-03,STS-009,Tender,Bean Seeds 2kg for PRJ-2023-005,520,Boxes,12400.0,-6448000.0,TZS,2025-03-28,2025-04-08,2025-04-14,GRN-2025-1206,INV-VND-2025-1206,2025-04-20,2025-05-20,2025-05-12,EXP-46705,7,False,PC-2025-027,
PRC-2025-1207,GRT-2023-003,PRJ-2023-006,BDL-0063,VND-0039,LOC-KIL-001,FP-2025-06,STS-002,Direct Purchase,External Hard Drive for PRJ-2023-006,1,Sets,177100.0,177100.0,TZS,2025-06-02,2025-07-01,,,,,,,,1,False,,
PRC-2025-1208,GRT-2023-003,PRJ-2023-013,BDL-0075,VND-0059,LOC-ARU-001,FP-2025-06,STS-010,Quotation,Paint 20L for PRJ-2023-013,38,Litres,83500.0,3173000.0,TZS,06-14-2025,2025-06-25,2025-06-29,GRN-2025-1208,INV-VND-2025-1208,2025-06-30,2025-07-30,2025-07-28,EXP-86184,4,False,PC-2025-085,
PRC-2025-1209,GRT-2023-004,PRJ-2023-009,BDL-0112,VND-0110,LOC-MAN-003,FP-2025-05,STS-009,Quotation,Projector Epson for PRJ-2023-009,1,Units,1332100.0,1332100.0,TZS,2025-05-19,2025-06-22,2025-06-30,GRN-2025-1209,INV-VND-2025-1209,07-01-2025,2025-07-31,,EXP-82664,5,False,PC-2025-074,
PRC-2025-1210,GRT-2024-001,PRJ-2024-002,BDL-0090,VND-0136,LOC-KIL-004,FP-2025-08,STS-006,Quotation,Pens and Pencils Box for PRJ-2024-002,77,Pieces,12100.0,931700.0,TZS,2025-08-28,2025-09-15,,,,,,,,4,False,,
PRC-2025-1211,GRT-2024-002,PRJ-2024-003,BDL-0167,VND-0142,LOC-ARU-003,FP-2025-09,STS-010,Quotation,HP Desktop Computer for PRJ-2024-003,1,Sets,1333400.0,1333400.0,TZS,2025-09-21,2025-11-01,2025-10-30,GRN-2025-1211,INV-VND-2025-1211,2025-11-03,2025-12-03,2025-12-27,EXP-55444,5,False,PC-2025-004,
PRC-2025-1212,GRT-2024-004,PRJ-2024-006,BDL-0215,VND-0106,LOC-MAN-002,FP-2025-06,STS-002,Quotation,HP Desktop Computer for PRJ-2024-006,1,Pieces,1443200.0,1443200.0,TZS,2025-06-25,2025-07-19,,,,,,,,5,False,PC-2025-098,
PRC-2025-1213,GRT-2023-003,PRJ-2023-006,BDL-0078,VND-0046,LOC-KIL-001,FP-2025-09,STS-005,Quotation,Notebooks Pack for PRJ-2023-006,73,Sets,8200.0,598600.0,TZS,09-07-2025,2025-09-19,,,,,,,,5,False,PC-2025-057,
PRC-2025-1214,GRT-2022-004,PRJ-2023-005,BDL-0133,VND-0128,LOC-KIL-001,FP-2025-03,STS-005,Quotation,Paint 20L for PRJ-2023-005,14,Boxes,96600.0,1352400.0,TZS,2025-03-29,05-08-2025,,,,,,,,5,False,PC-2025-170,
PRC-2025-1215,GRT-2023-004,PRJ-2023-008,BDL-0108,VND-0094,LOC-MAN-002,FP-2025-07,STS-007,Quotation,Toner Cartridge for PRJ-2023-008,15,Boxes,46500.0,697500.0,TZS,2025-07-22,2025-08-28,2025-09-01,GRN-2025-1215,,,,,,3,False,PC-2025-069,
PRC-2025-1216,GRT-2023-001,PRJ-2023-002,BDL-0002,VND-0086,LOC-KIL-002,FP-2025-09,STS-010,Tender,Medical Gloves Box for PRJ-2023-002,129,Kg,48400.0,6243600.0,TZS,2025-09-08,2025-09-29,2025-09-30,GRN-2025-1216,INV-VND-2025-1216,2025-10-03,2025-11-02,2025-10-26,EXP-12968,4,False,PC-2025-016,
PRC-2025-1217,GRT-2023-004,PRJ-2023-008,BDL-0118,VND-0110,LOC-MAN-002,FP-2025-08,STS-003,Quotation,Notebooks Pack for PRJ-2023-008,65,Pieces,8500.0,552500.0,TZS,2025-08-18,2025-09-12,,,,,,,,5,False,PC-2025-138,
PRC-2025-1218,GRT-2023-004,PRJ-2023-009,BDL-0116,VND-0091,LOC-MAN-003,FP-2025-04,STS-003,Quotation,Conference Table for PRJ-2023-009,1,Units,1142200.0,1142200.0,TZS,2025-04-08,05-03-2025,,,,,,,,5,False,PC-2025-046,
PRC-2025-1219,GRT-2023-004,PRJ-2023-008,BDL-0108,VND-0142,LOC-MAN-002,FP-2025-06,STS-009,Quotation,UPS Battery for PRJ-2023-008,3,Litres,452400.0,1357200.0,TZS,2025-06-29,2025-07-19,2025-07-17,GRN-2025-1219,INV-VND-2025-1219,2025-07-23,2025-08-22,2025-09-11,EXP-85487,3,False,PC-2025-125,
PRC-2025-1220,GRT-2023-003,PRJ-2023-013,BDL-0062,VND-0090,LOC-ARU-001,FP-2025-06,STS-006,Quotation,Dell Laptop Computer for PRJ-2023-013,1,Sets,1627600.0,1627600.0,TZS,2025-06-07,2025-06-26,,,,,,,,3,False,PC-2025-094,
PRC-2025-1221,GRT-2024-003,PRJ-2024-005,BDL-0176,VND-0094,LOC-ARU-004,FP-2025-07,STS-010,Tender,Indigenous Tree Seedlings for PRJ-2024-005,9177,Sets,600.0,5506200.0,TZS,2025-07-14,2025-08-21,2025-08-28,GRN-2025-1221,INV-VND-2025-1221,2025-09-02,2025-10-02,2025-09-27,EXP-13331,7,False,PC-2025-171,
PRC-2025-1222,GRT-2024-001,PRJ-2024-001,BDL-0085,VND-0018,LOC-MAN-001,FP-2025-10,STS-010,Tender,Eucalyptus Seedlings for PRJ-2024-001,7672,Pieces,700.0,5370400.0,TZS,2025-10-13,2025-11-21,2025-11-23,GRN-2025-1222,INV-VND-2025-1222,2025-11-24,2025-12-24,2025-12-19,EXP-22619,4,False,PC-2025-016,
PRC-2025-1223,GRT-2022-004,PRJ-2023-005,BDL-0134,VND-0067,LOC-KIL-001,FP-2025-02,STS-007,Quotation,UPS Battery for PRJ-2023-005,2,Kg,407900.0,815800.0,TZS,2025-02-13,2025-03-04,2025-03-12,GRN-2025-1223,,,,,,5,False,PC-2025-199,
PRC-2025-1224,GRT-2023-003,PRJ-2023-006,BDL-0079,VND-0010,LOC-KIL-001,FP-2025-03,STS-004,Quotation,Medical Gloves Box for PRJ-2023-006,146,Sets,49400.0,7212400.0,TZS,2025-03-01,2025-04-12,,,,,,,,7,False,PC-2025-065,
PRC-2025-1225,GRT-2023-001,PRJ-2023-002,BDL-0001,VND-0032,LOC-KIL-002,FP-2025-04,STS-009,Direct Purchase,UPS Battery for PRJ-2023-002,1,Boxes,495100.0,495100.0,TZS,2025-04-03,2025-04-30,2025-05-06,GRN-2025-1225,INV-VND-2025-1225,2025-05-07,2025-06-06,2025-05-28,EXP-21398,1,False,,
PRC-2025-1226,GRT-2023-003,PRJ-2023-013,BDL-0074,VND-0024,LOC-ARU-001,FP-2025-01,STS-004,Quotation,Conference Table for PRJ-2023-013,1,Boxes,1228100.0,1228100.0,TZS,2025-01-28,02-14-2025,,,,,,,,4,False,,
PRC-2025-1227,GRT-2024-001,PRJ-2024-001,BDL-0084,VND-0010,LOC-MAN-001,FP-2025-06,STS-009,Quotation,Cement Bags for PRJ-2024-001,266,Pieces,29700.0,7900200.0,TZS,2025-06-18,2025-07-18,2025-07-20,GRN-2025-1227,INV-VND-2025-1227,2025-07-27,2025-08-26,2025-08-16,EXP-85460,7,False,PC-2025-098,
PRC-2025-1228,GRT-2023-005,PRJ-2023-010,BDL-0153,VND-0133,LOC-KIL-001,FP-2025-02,STS-010,Quotation,Flipchart Paper Pad for PRJ-2023-010,39,Units,20600.0,803400.0,TZS,2025-02-27,2025-03-06,2025-03-09,GRN-2025-1228,INV-VND-2025-1228,2025-03-14,2025-04-13,2025-04-25,EXP-76345,5,False,PC-2025-179,
PRC-2025-1229,GRT-2023-004,PRJ-2023-009,BDL-0118,VND-0095,LOC-MAN-003,FP-2025-09,STS-002,Quotation,Toner Cartridge for PRJ-2023-009,12,Kg,50600.0,607200.0,TZS,2025-09-25,2025-10-31,,,,,,,,4,False,,
PRC-2025-1230,GRT-2024-002,PRJ-2024-004,BDL-0160,VND-0104,LOC-MAN-004,FP-2025-02,STS-009,Quotation,Pens and Pencils Box for PRJ-2024-004,74,Sets,13700.0,1013800.0,TZS,2025-02-12,03-11-2025,2025-03-22,GRN-2025-1230,INV-VND-2025-1230,2025-03-23,2025-04-22,2025-04-13,EXP-90222,5,False,,
PRC-2025-1231,GRT-2024-002,PRJ-2024-004,BDL-0173,VND-0013,LOC-MAN-004,FP-2025-06,STS-009,Quotation,Toyota Land Cruiser 4x4 for PRJ-2024-004,1,Pieces,45688600.0,45688600.0,TZS,2025-06-26,2025-08-05,08-02-2025,GRN-2025-1231,INV-VND-2025-1231,2025-08-07,2025-09-06,2025-09-05,EXP-45959,6,False,PC-2025-028,
PRC-2025-1232,GRT-2023-002,PRJ-2023-012,BDL-0038,VND-0093,LOC-ARU-001,FP-2025-03,STS-009,Quotation,Printer Canon for PRJ-2023-012,1,Units,836200.0,836200.0,TZS,2025-03-28,2025-05-07,2025-05-14,GRN-2025-1232,INV-VND-2025-1232,2025-05-21,2025-06-20,2025-06-10,EXP-58999,5,False,PC-2025-002,
PRC-2025-1233,GRT-2024-001,PRJ-2024-001,BDL-0099,VND-0073,LOC-MAN-001,FP-2025-04,STS-008,Quotation,Conference Table for PRJ-2024-001,1,Litres,1352700.0,1352700.0,TZS,2025-04-23,2025-05-09,2025-05-13,GRN-2025-1233,INV-VND-2025-1233,2025-05-14,,,,5,False,PC-2025-182,
PRC-2025-1234,GRT-2023-001,PRJ-2023-011,BDL-0009,VND-0143,LOC-MAN-001,FP-2025-07,STS-009,Tender,Paracetamol Tablets for PRJ-2023-011,330,Pieces,26100.0,8613000.0,TZS,2025-07-10,2025-07-27,2025-08-11,GRN-2025-1234,INV-VND-2025-1234,2025-08-15,2025-09-14,2025-10-05,EXP-56969,4,False,PC-2025-028,
PRC-2025-1235,GRT-2024-002,PRJ-2024-004,BDL-0156,VND-0046,LOC-MAN-004,FP-2025-10,STS-003,Quotation,Paint 20L for PRJ-2024-004,13,Pieces,83000.0,1079000.0,TZS,2025-10-06,2025-11-20,,,,,,,,3,False,PC-2025-051,
PRC-2025-1236,GRT-2024-002,PRJ-2024-004,BDL-0165,VND-0078,LOC-MAN-004,FP-2025-01,STS-010,Quotation,Office Chair for PRJ-2024-004,10,Sets,304700.0,3047000.0,TZS,2025-01-28,2025-02-16,22/02/2025,GRN-2025-1236,INV-VND-2025-1236,2025-02-28,2025-03-30,2025-03-20,EXP-51256,3,False,PC-2025-128,
PRC-2025-1237,GRT-2022-004,PRJ-2023-005,BDL-0123,VND-0106,LOC-KIL-001,FP-2025-08,STS-004,Quotation,Oral Rehydration Salts for PRJ-2023-005,106,Units,36600.0,3879600.0,TZS,2025-08-30,2025-09-19,,,,,,,,4,False,,
PRC-2025-1238,GRT-2024-003,PRJ-2024-005,BDL-0174,VND-0005,LOC-ARU-004,FP-2025-08,STS-003,Quotation,Manila Files Box for PRJ-2024-005,68,Litres,15000.0,1020000.0,TZS,2025-08-13,2025-09-05,,,,,,,,4,False,PC-2025-009,
PRC-2025-1239,GRT-2023-001,PRJ-2023-011,BDL-0015,VND-0117,LOC-MAN-001,FP-2025-03,STS-010,Tender,Office Chair for PRJ-2023-011,17,Kg,317000.0,5389000.0,TZS,2025-03-19,2025-04-14,2025-04-16,GRN-2025-1239,INV-VND-2025-1239,2025-04-19,2025-05-19,2025-05-10,EXP-60750,7,False,PC-2025-086,
PRC-2025-1240,GRT-2024-001,PRJ-2024-002,BDL-0088,VND-0079,LOC-KIL-004,FP-2025-06,STS-008,Quotation,External Hard Drive for PRJ-2024-002,3,Pieces,195400.0,586200.0,TZS,2025-06-02,2025-06-28,2025-07-09,GRN-2025-1240,INV-VND-2025-1240,2025-07-16,,,,5,False,PC-2025-018,
PRC-2025-1241,GRT-2023-003,PRJ-2023-006,BDL-0074,VND-0079,LOC-KIL-001,FP-2025-09,STS-008,Quotation,Paint 20L for PRJ-2023-006,31,Units,91100.0,2824100.0,TZS,2025-09-10,2025-10-22,2025-10-22,GRN-2025-1241,INV-VND-2025-1241,2025-10-28,,,,5,False,,
PRC-2025-1242,GRT-2024-001,PRJ-2024-007,BDL-0092,VND-0059,LOC-ARU-002,FP-2025-05,STS-009,Direct Purchase,Computer Accessories Set for PRJ-2024-007,1,Kg,376700.0,376700.0,TZS,2025-05-20,2025-06-16,2025-06-24,GRN-2025-1242,INV-VND-2025-1242,2025-07-01,2025-07-31,2025-07-23,EXP-36475,1,False,,
PRC-2025-1243,GRT-2022-004,PRJ-2023-005,BDL-0132,VND-0020,LOC-KIL-001,FP-2025-02,STS-009,Quotation,Vegetable Seed Pack for PRJ-2023-005,770,Litres,8700.0,6699000.0,TZS,2025-02-17,2025-03-29,2025-04-09,GRN-2025-1243,INV-VND-2025-1243,2025-04-15,2025-05-15,2025-05-06,EXP-46384,5,False,PC-2025-133,
PRC-2025-1244,GRT-2022-003,PRJ-2023-003,BDL-0045,VND-0067,LOC-KIL-003,FP-2025-09,STS-009,Tender,Malaria Rapid Test Kits Box for PRJ-2023-003,81,Pieces,284000.0,23004000.0,TZS,2025-09-22,2025-10-12,2025-10-25,GRN-2025-1244,INV-VND-2025-1244,2025-11-01,2025-12-01,2025-11-26,EXP-34212,4,False,PC-2025-188,
PRC-2025-1245,GRT-2023-002,PRJ-2023-004,BDL-0026,VND-0113,LOC-ARU-002,FP-2025-08,STS-009,Quotation,Toyota Hilux Double Cab for PRJ-2023-004,1,Kg,30054600.0,30054600.0,TZS,2025-08-10,2025-09-16,2025-10-01,GRN-2025-1245,INV-VND-2025-1245,2025-10-02,2025-11-01,2025-10-22,EXP-63197,7,False,PC-2025-042,
PRC-2025-1246,GRT-2023-005,PRJ-2023-010,BDL-0143,VND-0145,LOC-KIL-001,FP-2025-09,STS-010,Quotation,Iron Sheets for PRJ-2023-010,98,Kg,49100.0,4811800.0,TZS,2025-09-13,2025-09-20,2025-10-05,GRN-2025-1246,INV-VND-2025-1246,2025-10-06,2025-11-05,2025-11-02,EXP-73886,3,False,,
PRC-2025-1247,GRT-2023-001,PRJ-2023-002,BDL-0016,VND-0049,LOC-KIL-002,FP-2025-06,STS-008,Quotation,Iron Sheets for PRJ-2023-002,45,Pieces,43600.0,1962000.0,TZS,2025-06-19,2025-07-30,2025-08-10,GRN-2025-1247,INV-VND-2025-1247,2025-08-16,,,,3,False,PC-2025-173,
PRC-2025-1248,GRT-2022-004,PRJ-2023-005,BDL-0132,VND-0011,LOC-KIL-001,FP-2025-06,STS-008,Quotation,Indigenous Tree Seedlings for PRJ-2023-005,7314,Boxes,700.0,5119800.0,TZS,2025-06-02,2025-07-10,2025-07-22,GRN-2025-1248,INV-VND-2025-1248,2025-07-23,,,,7,False,PC-2025-027,
PRC-2025-1249,GRT-2023-004,PRJ-2023-008,BDL-0101,VND-0073,LOC-MAN-002,FP-2025-01,STS-001,Quotation,Filing Cabinet for PRJ-2023-008,3,Pieces,432500.0,1297500.0,TZS,2025-01-31,2025-03-08,,,,,,,,4,False,,
PRC-2025-1250,GRT-2022-004,PRJ-2023-005,BDL-0123,VND-0058,LOC-KIL-001,FP-2025-01,STS-009,Quotation,Conference Table for PRJ-2023-005,1,Pieces,1117500.0,1117500.0,TZS,2025-01-27,2025-02-06,2025-02-14,GRN-2025-1250,INV-VND-2025-1250,2025-02-16,2025-03-18,2025-03-12,EXP-88706,5,False,,
PRC-2025-1251,GRT-2023-004,PRJ-2023-008,BDL-0114,VND-0063,LOC-MAN-002,FP-2025-02,STS-006,Direct Purchase,Markers Set for PRJ-2023-008,23,Kg,13100.0,301300.0,TZS,2025-02-02,2025-02-23,,,,,,,,1,False,,
PRC-2025-1252,GRT-2024-001,PRJ-2024-007,BDL-0092,VND-0034,LOC-ARU-002,FP-2025-05,STS-006,Tender,Medical Gloves Box for PRJ-2024-007,190,Boxes,40900.0,7771000.0,TZS,2025-05-14,2025-06-02,,,,,,,,3,False,PC-2025-069,
PRC-2025-1253,GRT-2022-003,PRJ-2023-003,BDL-0046,VND-0032,LOC-KIL-003,FP-2025-10,STS-004,Direct Purchase,Flipchart Paper Pad for PRJ-2023-003,18,Litres,17200.0,309600.0,TZS,2025-10-10,09-Nov-2025,,,,,,,,1,False,,
PRC-2025-1254,GRT-2024-001,PRJ-2024-001,BDL-0094,VND-0055,LOC-MAN-001,FP-2025-04,STS-009,Quotation,Bean Seeds 2kg for PRJ-2024-001,193,Litres,12300.0,2373900.0,TZS,2025-04-05,2025-05-09,2025-05-15,GRN-2025-1254,,2025-05-17,2025-06-16,2025-06-06,EXP-69022,5,False,PC-2025-139,
PRC-2025-1255,GRT-2024-001,PRJ-2024-007,BDL-0084,VND-0066,LOC-ARU-002,FP-2025-07,STS-003,Quotation,Participant Bags for PRJ-2024-007,187,Litres,26700.0,4992900.0,TZS,2025-07-24,2025-08-01,,,,,,,,5,False,PC-2025-056,
PRC-2025-1256,GRT-2024-002,PRJ-2024-003,BDL-0165,VND-0137,LOC-ARU-003,FP-2025-02,STS-008,Quotation,Pens and Pencils Box for PRJ-2024-003,49,Litres,12000.0,588000.0,TZS,2025-02-02,2025-03-06,2025-03-17,GRN-2025-1256,INV-VND-2025-1256,2025-03-20,,,,4,False,PC-2025-189,
PRC-2025-1257,GRT-2024-002,PRJ-2024-003,BDL-0173,VND-0110,LOC-ARU-003,FP-2025-06,STS-005,Quotation,Pens and Pencils Box for PRJ-2024-003,64,Litres,11400.0,729600.0,TZS,2025-06-30,2025-07-29,,,,,,,,3,False,,
PRC-2025-1258,GRT-2023-003,PRJ-2023-013,BDL-0080,VND-0015,LOC-ARU-001,FP-2025-08,STS-009,Quotation,Indigenous Tree Seedlings for PRJ-2023-013,7468,Kg,600.0,4480800.0,TZS,2025-08-15,2025-09-14,24/09/2025,GRN-2025-1258,INV-VND-2025-1258,2025-09-30,2025-10-30,2025-10-29,EXP-71594,5,False,,
PRC-2025-1259,GRT-2024-002,PRJ-2024-004,BDL-0161,VND-0075,LOC-MAN-004,FP-2025-09,STS-006,Quotation,Conference Table for PRJ-2024-004,1,Kg,1291300.0,1291300.0,TZS,2025-09-30,2025-11-04,,,,,,,,3,False,PC-2025-044,
PRC-2025-1260,GRT-2024-001,PRJ-2024-007,BDL-0086,VND-0124,LOC-ARU-002,FP-2025-04,STS-008,Quotation,Notebooks Pack for PRJ-2024-007,132,Kg,8600.0,1135200.0,TZS,2025-04-03,2025-05-06,2025-05-12,GRN-2025-1260,INV-VND-2025-1260,2025-05-19,,,,5,False,,
PRC-2025-1261,GRT-2023-004,PRJ-2023-009,BDL-0102,VND-0004,LOC-MAN-003,FP-2025-07,STS-007,Quotation,Manila Files Box for PRJ-2023-009,75,Kg,15700.0,1177500.0,TZS,2025-07-21,2025-09-01,2025-09-01,GRN-2025-1261,,,,,,4,False,PC-2025-025,
PRC-2025-1262,GRT-2024-001,PRJ-2024-001,BDL-0091,VND-0095,LOC-MAN-001,FP-2025-06,STS-010,Quotation,Oral Rehydration Salts for PRJ-2024-001,116,Litres,36300.0,4210800.0,TZS,2025-06-30,2025-07-15,2025-07-28,GRN-2025-1262,INV-VND-2025-1262,2025-07-29,2025-08-28,2025-08-22,EXP-67244,3,False,PC-2025-191,
PRC-2025-1263,GRT-2024-004,PRJ-2024-006,BDL-0217,VND-0044,LOC-MAN-002,FP-2025-02,STS-006,Quotation,Medical Gloves Box for PRJ-2024-006,103,Litres,47300.0,4871900.0,TZS,2025-02-04,2025-03-08,,,,,,,,4,False,,
PRC-2025-1264,GRT-2024-002,PRJ-2024-004,BDL-0162,VND-0066,LOC-MAN-004,FP-2025-07,STS-009,Quotation,Toyota Hilux Double Cab for PRJ-2024-004,1,Units,31185400.0,31185400.0,TZS,2025-07-02,2025-07-20,2025-07-20,GRN-2025-1264,INV-VND-2025-1264,2025-07-21,2025-08-20,2025-08-14,EXP-14219,5,False,PC-2025-065,
PRC-2025-1265,GRT-2024-001,PRJ-2024-007,BDL-0084,VND-0111,LOC-ARU-002,FP-2025-02,STS-009,Quotation,Filing Cabinet for PRJ-2024-007,3,Sets,385700.0,1157100.0,TZS,2025-02-25,2025-03-31,2025-03-30,GRN-2025-1265,INV-VND-2025-1265,2025-03-31,2025-04-30,,EXP-41161,5,False,,
PRC-2025-1266,GRT-2024-001,PRJ-2024-001,BDL-0086,VND-0093,LOC-MAN-001,FP-2025-01,STS-009,Quotation,Printer Canon for PRJ-2024-001,1,Units,844200.0,844200.0,TZS,2025-01-15,2025-01-28,2025-02-01,GRN-2025-1266,INV-VND-2025-1266,04/02/2025,2025-03-06,2025-03-06,EXP-31934,5,False,PC-2025-107,
PRC-2025-1267,GRT-2023-002,PRJ-2023-004,BDL-0039,VND-0033,LOC-ARU-002,FP-2025-03,STS-009,Quotation,Cement Bags for PRJ-2023-004,215,Litres,31600.0,6794000.0,TZS,2025-03-15,2025-04-03,2025-04-12,GRN-2025-1267,INV-VND-2025-1267,2025-04-18,2025-05-18,2025-05-13,EXP-54045,7,False,PC-2025-076,
PRC-2025-1268,GRT-2023-001,PRJ-2023-011,BDL-0003,VND-0043,LOC-MAN-001,FP-2025-07,STS-009,Quotation,Cement Bags for PRJ-2023-011,292,Units,29500.0,8614000.0,TZS,2025-07-21,2025-07-29,2025-08-10,GRN-2025-1268,INV-VND-2025-1268,2025-08-16,2025-09-15,2025-10-17,EXP-20974,7,False,PC-2025-053,
PRC-2025-1269,GRT-2023-004,PRJ-2023-009,BDL-0101,VND-0029,LOC-MAN-003,FP-2025-07,STS-009,Tender,Paracetamol Tablets for PRJ-2023-009,361,Boxes,25700.0,9277700.0,TZS,2025-07-12,2025-08-12,2025-08-13,GRN-2025-1269,INV-VND-2025-1269,2025-08-16,2025-09-15,2025-09-09,EXP-62353,6,False,PC-2025-093,
PRC-2025-1270,GRT-2024-002,PRJ-2024-004,BDL-0172,VND-0022,LOC-MAN-004,FP-2025-02,STS-002,Quotation,Filing Cabinet for PRJ-2024-004,3,Kg,350900.0,1052700.0,TZS,2025-02-16,2025-03-29,,,,,,,,3,False,PC-2025-031,
PRC-2025-1271,GRT-2023-003,PRJ-2023-013,BDL-0080,VND-0094,LOC-ARU-001,FP-2025-03,STS-009,Quotation,Pens and Pencils Box for PRJ-2023-013,49,Kg,12600.0,617400.0,TZS,2025-03-25,2025-04-04,2025-04-14,GRN-2025-1271,INV-VND-2025-1271,2025-04-16,16-May-2025,2025-06-08,EXP-96867,5,False,PC-2025-131,
PRC-2025-1272,GRT-2024-001,PRJ-2024-007,BDL-0095,VND-0004,LOC-ARU-002,FP-2025-08,STS-010,Quotation,Sunflower Seeds 1kg for PRJ-2024-007,109,Units,14100.0,1536900.0,TZS,2025-08-19,2025-08-26,2025-09-08,GRN-2025-1272,INV-VND-2025-1272,2025-09-15,2025-10-15,,EXP-82980,3,False,PC-2025-037,
PRC-2025-1273,GRT-2023-002,PRJ-2023-012,BDL-0029,VND-0092,LOC-ARU-001,FP-2025-08,STS-007,Direct Purchase,UPS Battery for PRJ-2023-012,1,Kg,468700.0,468700.0,TZS,09/08/2025,2025-08-16,2025-08-31,GRN-2025-1273,,,,,,1,False,,
PRC-2025-1274,GRT-2023-003,PRJ-2023-013,BDL-0078,VND-0081,LOC-ARU-001,FP-2025-06,STS-007,Quotation,UPS Battery for PRJ-2023-013,2,Kg,409600.0,819200.0,TZS,2025-06-20,2025-07-06,2025-07-03,GRN-2025-1274,,,,,,4,False,PC-2025-037,
PRC-2025-1275,GRT-2021-001,PRJ-2023-007,BDL-0207,VND-0110,LOC-ARU-001,FP-2025-06,STS-008,Quotation,Conference Table for PRJ-2023-007,1,Sets,1343400.0,1343400.0,TZS,2025-06-10,2025-07-18,2025-07-19,GRN-2025-1275,INV-VND-2025-1275,2025-07-25,,,,4,False,,
PRC-2025-1276,GRT-2024-002,PRJ-2024-004,BDL-0158,VND-0076,LOC-MAN-004,FP-2025-01,STS-008,Quotation,Office Desk for PRJ-2024-004,3,Kg,648400.0,1945200.0,TZS,2025-01-19,2025-02-07,2025-02-13,GRN-2025-1276,INV-VND-2025-1276,2025-02-15,,,,3,False,PC-2025-197,
PRC-2025-1277,GRT-2024-002,PRJ-2024-004,BDL-0165,VND-0056,LOC-MAN-004,FP-2025-09,STS-010,Quotation,Participant Bags for PRJ-2024-004,173,Units,24300.0,4203900.0,TZS,2025-09-26,10-11-2025,2025-10-14,GRN-2025-1277,INV-VND-2025-1277,2025-10-16,2025-11-15,2025-11-11,EXP-33502,3,False,PC-2025-017,
PRC-2025-1278,GRT-2024-003,PRJ-2024-005,BDL-0179,VND-0143,LOC-ARU-004,FP-2025-02,STS-007,Quotation,Notebooks Pack for PRJ-2024-005,165,Litres,7700.0,1270500.0,TZS,28-Feb-2025,2025-03-19,2025-03-19,GRN-2025-1278,,,,,,4,False,PC-2025-188,
PRC-2025-1279,GRT-2022-004,PRJ-2023-005,BDL-0122,VND-0078,LOC-KIL-001,FP-2025-06,STS-004,Quotation,HP Desktop Computer for PRJ-2023-005,1,Sets,1462500.0,1462500.0,TZS,2025-06-05,2025-06-16,,,,,,,,4,False,,
PRC-2025-1280,GRT-2021-001,PRJ-2023-007,BDL-0204,VND-0144,LOC-ARU-001,FP-2025-10,STS-008,Quotation,Iron Sheets for PRJ-2023-007,76,Kg,43900.0,3336400.0,TZS,13/10/2025,2025-10-29,2025-11-02,GRN-2025-1280,INV-VND-2025-1280,2025-11-06,,,,3,False,PC-2025-025,
PRC-2025-1281,GRT-2024-002,PRJ-2024-003,BDL-0168,VND-0039,LOC-ARU-003,FP-2025-07,STS-009,Quotation,Office Chair for PRJ-2024-003,15,Kg,277300.0,4159500.0,TZS,2025-07-11,2025-07-26,2025-08-05,GRN-2025-1281,INV-VND-2025-1281,2025-08-11,2025-09-10,2025-09-02,EXP-79885,4,False,PC-2025-116,
PRC-2025-1282,GRT-2022-003,PRJ-2023-003,BDL-0056,VND-0142,LOC-KIL-003,FP-2025-10,STS-006,Quotation,Iron Sheets for PRJ-2023-003,66,Sets,44200.0,2917200.0,TZS,2025-10-11,2025-10-29,,,,,,,,3,False,,
PRC-2025-1283,GRT-2024-002,PRJ-2024-004,BDL-0155,VND-0099,LOC-MAN-004,FP-2025-02,STS-009,Quotation,Paint 20L for PRJ-2024-004,18,Kg,91500.0,1647000.0,TZS,2025-02-12,2025-03-21,2025-03-28,GRN-2025-1283,INV-VND-2025-1283,2025-04-03,05-03-2025,2025-04-30,EXP-61121,5,False,,
PRC-2025-1284,GRT-2023-004,PRJ-2023-009,BDL-0108,VND-0018,LOC-MAN-003,FP-2025-07,STS-009,Quotation,Dell Laptop Computer for PRJ-2023-009,1,Units,1656700.0,1656700.0,TZS,2025-07-29,2025-08-24,2025-09-01,GRN-2025-1284,INV-VND-2025-1284,2025-09-04,2025-10-04,2025-10-01,EXP-37988,4,False,,
PRC-2025-1285,GRT-2024-003,PRJ-2024-005,BDL-0179,VND-0113,LOC-ARU-004,FP-2025-06,STS-009,Direct Purchase,Flipchart Paper Pad for PRJ-2024-005,12,Units,19600.0,235200.0,TZS,2025-06-18,2025-07-09,2025-07-15,GRN-2025-1285,INV-VND-2025-1285,2025-07-20,2025-08-19,2025-08-11,EXP-56654,1,False,,
PRC-2025-1286,GRT-2022-004,PRJ-2023-005,BDL-0122,VND-0080,LOC-KIL-001,FP-2025-03,STS-006,Quotation,Printer Canon for PRJ-2023-005,1,Boxes,819200.0,819200.0,TZS,2025-03-21,2025-04-28,,,,,,,,4,False,PC-2025-112,
PRC-2025-1287,GRT-2023-004,PRJ-2023-008,BDL-0110,VND-0138,LOC-MAN-002,FP-2025-06,STS-009,Direct Purchase,Toner Cartridge for PRJ-2023-008,10,Sets,45600.0,456000.0,TZS,2025-06-23,2025-08-02,2025-08-05,GRN-2025-1287,INV-VND-2025-1287,2025-08-10,2025-09-09,09-02-2025,EXP-71813,1,False,,
PRC-2025-1288,GRT-2022-004,PRJ-2023-005,BDL-0124,VND-0117,LOC-KIL-001,FP-2025-09,STS-010,Quotation,HP Desktop Computer for PRJ-2023-005,1,Boxes,1485800.0,1485800.0,TZS,2025-09-29,2025-11-01,2025-11-15,GRN-2025-1288,INV-VND-2025-1288,2025-11-20,2025-12-20,2025-12-13,EXP-27519,3,False,PC-2025-031,
PRC-2025-1289,GRT-2024-001,PRJ-2024-007,BDL-0088,VND-0071,LOC-ARU-002,FP-2025-04,STS-006,Quotation,Conference Table for PRJ-2024-007,1,Litres,1199100.0,1199100.0,TZS,2025-04-18,2025-05-07,,,,,,,,4,False,,
PRC-2025-1290,GRT-2023-002,PRJ-2023-012,BDL-0024,VND-0062,LOC-ARU-001,FP-2025-05,STS-010,Quotation,Vegetable Seed Pack for PRJ-2023-012,410,Units,8000.0,3280000.0,TZS,2025-05-15,2025-06-20,2025-07-04,GRN-2025-1290,INV-VND-2025-1290,2025-07-08,2025-08-07,2025-08-07,EXP-50229,4,False,,
PRC-2025-1291,GRT-2023-002,PRJ-2023-012,BDL-0033,VND-0117,LOC-ARU-001,FP-2025-08,STS-009,Quotation,Toyota Land Cruiser 4x4 for PRJ-2023-012,1,Boxes,46121000.0,46121000.0,TZS,2025-08-12,2025-08-31,2025-09-09,GRN-2025-1291,INV-VND-2025-1291,2025-09-13,2025-10-13,2025-10-07,EXP-70452,3,False,PC-2025-054,
PRC-2025-1292,GRT-2023-003,PRJ-2023-013,BDL-0063,VND-0032,LOC-ARU-001,FP-2025-03,STS-009,Quotation,Oral Rehydration Salts for PRJ-2023-013,53,Units,36300.0,1923900.0,TZS,2025-03-22,2025-04-10,2025-04-13,GRN-2025-1292,INV-VND-2025-1292,2025-04-14,2025-05-14,2025-05-07,EXP-63220,5,False,,
PRC-2025-1293,GRT-2021-001,PRJ-2023-007,BDL-0203,VND-0026,LOC-ARU-001,FP-2025-10,STS-001,Quotation,Printer Canon for PRJ-2023-007,1,Pieces,820600.0,820600.0,TZS,2025-10-10,2025-11-11,,,,,,,,5,False,,
PRC-2025-1294,GRT-2023-001,PRJ-2023-001,BDL-0010,VND-0106,LOC-KIL-001,FP-2025-01,STS-009,Direct Purchase,Computer Accessories Set for PRJ-2023-001,1,Sets,357100.0,357100.0,TZS,2025-01-28,2025-02-28,2025-03-11,GRN-2025-1294,INV-VND-2025-1294,2025-03-16,2025-04-15,2025-04-05,EXP-40299,1,False,,
PRC-2025-1295,GRT-2023-003,PRJ-2023-006,BDL-0062,VND-0123,LOC-KIL-001,FP-2025-07,STS-004,Quotation,Conference Table for PRJ-2023-006,1,Sets,1348700.0,1348700.0,TZS,2025-07-20,19/08/2025,,,,,,,,4,False,PC-2025-159,
PRC-2025-1296,GRT-2024-001,PRJ-2024-001,BDL-0086,VND-0115,LOC-MAN-001,FP-2025-08,STS-010,Direct Purchase,Markers Set for PRJ-2024-001,43,Pieces,11300.0,485900.0,TZS,2025-08-14,2025-08-21,2025-09-05,GRN-2025-1296,INV-VND-2025-1296,2025-09-08,2025-10-08,2025-09-30,EXP-80259,1,False,,
PRC-2025-1297,GRT-2024-001,PRJ-2024-007,BDL-0092,VND-0137,LOC-ARU-002,FP-2025-09,STS-006,Quotation,Paracetamol Tablets for PRJ-2024-007,182,Pieces,31400.0,5714800.0,TZS,2025-09-22,2025-10-24,,,,,,,,4,False,PC-2025-098,
PRC-2025-1298,GRT-2023-004,PRJ-2023-009,BDL-0110,VND-0010,LOC-MAN-003,FP-2025-07,STS-009,Quotation,Conference Table for PRJ-2023-009,1,Boxes,1325800.0,1325800.0,TZS,07-12-2025,2025-08-10,2025-08-14,GRN-2025-1298,INV-VND-2025-1298,2025-08-18,2025-09-17,2025-09-12,EXP-94905,5,False,PC-2025-068,
PRC-2025-1299,GRT-2024-004,PRJ-2024-006,BDL-0229,VND-0002,LOC-MAN-002,FP-2025-01,STS-007,Quotation,Oral Rehydration Salts for PRJ-2024-006,88,Litres,39200.0,3449600.0,TZS,2025-01-31,2025-03-09,2025-03-22,GRN-2025-1299,,,,,,3,False,PC-2025-113,
PRC-2025-1300,GRT-2023-003,PRJ-2023-013,BDL-0064,VND-0132,LOC-ARU-001,FP-2025-06,STS-002,Direct Purchase,Network Switch for PRJ-2023-013,1,Pieces,412300.0,412300.0,TZS,2025-06-05,2025-06-13,,,,,,,,1,False,,
PRC-2025-1301,GRT-2024-002,PRJ-2024-004,BDL-0160,VND-0078,LOC-MAN-004,FP-2025-10,STS-009,Quotation,Improved Maize Seed 5kg for PRJ-2024-004,485,Sets,16400.0,7954000.0,TZS,2025-10-14,2025-11-18,2025-12-03,GRN-2025-1301,INV-VND-2025-1301,2025-12-05,2026-01-04,2025-12-29,EXP-71247,6,False,PC-2025-093,
PRC-2025-1302,GRT-2021-001,PRJ-2023-007,BDL-0208,VND-0148,LOC-ARU-001,FP-2025-02,STS-010,Quotation,Improved Maize Seed 5kg for PRJ-2023-007,501,Sets,16900.0,8466900.0,TZS,2025-02-19,2025-03-01,2025-02-28,GRN-2025-1302,,2025-03-06,2025-04-05,2025-04-05,EXP-73299,7,False,PC-2025-073,
PRC-2025-1303,GRT-2024-004,PRJ-2024-006,BDL-0216,VND-0006,LOC-MAN-002,FP-2025-09,STS-008,Quotation,Office Desk for PRJ-2024-006,4,Kg,619900.0,2479600.0,TZS,2025-09-14,2025-10-24,2025-11-08,GRN-2025-1303,INV-VND-2025-1303,2025-11-11,,,,4,False,PC-2025-115,
PRC-2025-1304,GRT-2024-002,PRJ-2024-004,BDL-0170,VND-0050,LOC-MAN-004,FP-2025-04,STS-004,Quotation,Conference Table for PRJ-2024-004,1,Boxes,1105600.0,1105600.0,TZS,2025-04-06,2025-05-21,,,,,,,,5,False,PC-2025-139,
PRC-2025-1305,GRT-2023-001,PRJ-2023-011,BDL-0015,VND-0124,LOC-MAN-001,FP-2025-08,STS-006,Quotation,UPS Battery for PRJ-2023-011,3,Sets,416500.0,1249500.0,TZS,2025-08-13,2025-09-21,,,,,,,,5,False,PC-2025-054,
PRC-2025-1306,GRT-2024-002,PRJ-2024-004,BDL-0165,VND-0063,LOC-MAN-004,FP-2025-04,STS-009,Direct Purchase,Filing Cabinet for PRJ-2024-004,1,Boxes,345400.0,345400.0,TZS,2025-04-29,2025-06-09,2025-06-15,GRN-2025-1306,INV-VND-2025-1306,2025-06-21,2025-07-21,07-18-2025,EXP-11393,1,False,,
PRC-2025-1307,GRT-2023-003,PRJ-2023-013,BDL-0065,VND-0068,LOC-ARU-001,FP-2025-08,STS-006,Tender,Cement Bags for PRJ-2023-013,284,Litres,26500.0,7526000.0,TZS,2025-08-02,2025-08-25,,,,,,,,7,False,PC-2025-130,
PRC-2025-1308,GRT-2023-004,PRJ-2023-009,BDL-0108,VND-0116,LOC-MAN-003,FP-2025-02,STS-010,Quotation,Timber Planks for PRJ-2023-009,199,Pieces,15700.0,3124300.0,TZS,2025-02-01,2025-03-09,2025-03-17,GRN-2025-1308,INV-VND-2025-1308,2025-03-24,2025-04-23,2025-04-18,EXP-30252,3,False,PC-2025-052,
PRC-2025-1309,GRT-2023-003,PRJ-2023-013,BDL-0073,VND-0033,LOC-ARU-001,FP-2025-08,STS-010,Quotation,Malaria Rapid Test Kits Box for PRJ-2023-013,96,Units,309600.0,29721600.0,TZS,2025-08-07,2025-09-05,2025-09-10,GRN-2025-1309,INV-VND-2025-1309,2025-09-12,2025-10-12,2025-11-24,EXP-94235,4,False,PC-2025-092,
PRC-2025-1310,GRT-2023-003,PRJ-2023-013,BDL-0072,VND-0066,LOC-ARU-001,FP-2025-02,STS-009,Quotation,Timber Planks for PRJ-2023-013,50,Pieces,14600.0,730000.0,TZS,2025-02-03,2025-03-06,2025-03-19,GRN-2025-1310,INV-VND-2025-1310,2025-03-20,2025-04-19,2025-04-18,EXP-14264,3,False,PC-2025-021,
PRC-2025-1311,GRT-2023-003,PRJ-2023-013,BDL-0075,VND-0038,LOC-ARU-001,FP-2025-03,STS-009,Quotation,Iron Sheets for PRJ-2023-013,45,Pieces,48600.0,2187000.0,TZS,2025-03-09,2025-04-08,2025-04-07,GRN-2025-1311,INV-VND-2025-1311,2025-04-11,2025-05-11,2025-05-28,EXP-77530,5,False,,
PRC-2025-1312,GRT-2023-005,PRJ-2023-010,BDL-0151,VND-0116,LOC-KIL-001,FP-2025-10,STS-006,Direct Purchase,Computer Accessories Set for PRJ-2023-010,1,Pieces,366800.0,366800.0,TZS,2025-10-04,2025-10-18,,,,,,,,1,False,,
PRC-2025-1313,GRT-2024-002,PRJ-2024-004,BDL-0157,VND-0123,LOC-MAN-004,FP-2025-03,STS-009,Quotation,Sunflower Seeds 1kg for PRJ-2024-004,275,Pieces,13900.0,3822500.0,TZS,2025-03-25,2025-04-17,2025-04-23,GRN-2025-1313,INV-VND-2025-1313,2025-04-26,2025-05-26,2025-06-21,EXP-13507,5,False,PC-2025-084,
PRC-2025-1314,GRT-2024-004,PRJ-2024-006,BDL-0212,VND-0035,LOC-MAN-002,FP-2025-09,STS-010,Quotation,Motorcycle Honda for PRJ-2024-006,1,Kg,4543500.0,4543500.0,TZS,2025-09-26,2025-11-03,2025-11-08,GRN-2025-1314,INV-VND-2025-1314,2025-11-15,2025-12-15,,EXP-25397,4,False,PC-2025-077,
PRC-2025-1315,GRT-2024-001,PRJ-2024-001,BDL-0093,VND-0136,LOC-MAN-001,FP-2025-03,STS-010,Quotation,Sunflower Seeds 1kg for PRJ-2024-001,270,Pieces,16300.0,4401000.0,TZS,2025-03-10,2025-04-13,2025-04-23,GRN-2025-1315,INV-VND-2025-1315,2025-04-29,2025-05-29,2025-05-23,EXP-96375,4,False,PC-2025-068,
PRC-2025-1316,GRT-2023-001,PRJ-2023-001,BDL-0013,VND-0013,LOC-KIL-001,FP-2025-06,STS-010,Tender,Toyota Land Cruiser 4x4 for PRJ-2023-001,1,Litres,48144800.0,48144800.0,TZS,2025-06-08,2025-07-08,2025-07-08,GRN-2025-1316,INV-VND-2025-1316,2025-07-10,2025-08-09,2025-08-02,EXP-93488,5,False,PC-2025-051,
PRC-2025-1317,GRT-2023-005,PRJ-2023-010,BDL-0151,VND-0084,LOC-KIL-001,FP-2025-08,STS-010,Quotation,Office Chair for PRJ-2023-010,8,Litres,307600.0,2460800.0,TZS,2025-08-15,2025-09-17,2025-09-30,GRN-2025-1317,INV-VND-2025-1317,2025-10-07,2025-11-06,2025-11-01,EXP-11019,5,False,PC-2025-124,
PRC-2025-1318,GRT-2023-001,PRJ-2023-011,BDL-0018,VND-0141,LOC-MAN-001,FP-2025-02,STS-009,Direct Purchase,External Hard Drive for PRJ-2023-011,2,Units,172000.0,344000.0,TZS,07/02/2025,2025-03-01,2025-02-28,GRN-2025-1318,INV-VND-2025-1318,2025-03-04,2025-04-03,2025-05-14,EXP-77849,1,False,,
PRC-2025-1319,GRT-2021-001,PRJ-2023-007,BDL-0195,VND-0118,LOC-ARU-001,FP-2025-05,STS-005,Direct Purchase,Filing Cabinet for PRJ-2023-007,1,Units,400100.0,400100.0,TZS,2025-05-16,2025-06-05,,,,,,,,1,False,,
PRC-2025-1320,GRT-2023-002,PRJ-2023-012,BDL-0039,VND-0113,LOC-ARU-001,FP-2025-09,STS-007,Quotation,Motorcycle Honda for PRJ-2023-012,1,Pieces,4120600.0,4120600.0,TZS,2025-09-02,2025-10-12,2025-10-12,GRN-2025-1320,,,,,,5,False,,
PRC-2025-1321,GRT-2023-002,PRJ-2023-012,BDL-0029,VND-0008,LOC-ARU-001,FP-2025-08,STS-007,Quotation,HP Desktop Computer for PRJ-2023-012,1,Kg,1520000.0,1520000.0,TZS,2025-08-14,2025-09-09,2025-09-14,GRN-2025-1321,,,,,,4,False,,
PRC-2025-1322,GRT-2023-005,PRJ-2023-010,BDL-0145,VND-0072,LOC-KIL-001,FP-2025-06,STS-010,Quotation,UPS Battery for PRJ-2023-010,2,Litres,481800.0,963600.0,TZS,2025-06-03,2025-07-16,2025-07-18,GRN-2025-1322,INV-VND-2025-1322,2025-07-23,2025-08-22,2025-08-21,EXP-50102,5,False,PC-2025-122,
PRC-2025-1323,GRT-2022-004,PRJ-2023-005,BDL-0125,VND-0034,LOC-KIL-001,FP-2025-07,STS-009,Quotation,Pens and Pencils Box for PRJ-2023-005,71,Litres,13200.0,937200.0,TZS,2025-07-26,2025-08-19,2025-09-03,GRN-2025-1323,INV-VND-2025-1323,2025-09-07,2025-10-07,2025-09-29,EXP-18372,5,False,,
PRC-2025-1324,GRT-2023-004,PRJ-2023-009,BDL-0112,VND-0084,LOC-MAN-003,FP-2025-06,STS-009,Quotation,Toyota Land Cruiser 4x4 for PRJ-2023-009,1,Sets,43048800.0,43048800.0,TZS,2025-06-02,2025-06-12,2025-06-21,GRN-2025-1324,INV-VND-2025-1324,2025-06-22,2025-07-22,2025-07-16,EXP-74479,4,False,PC-2025-125,
PRC-2025-1325,GRT-2024-001,PRJ-2024-002,BDL-0097,VND-0116,LOC-KIL-004,FP-2025-03,STS-007,Quotation,Fruit Tree Seedlings for PRJ-2024-002,2507,Boxes,1200.0,3008400.0,TZS,2025-03-23,2025-04-24,2025-05-06,GRN-2025-1325,,,,,,3,False,PC-2025-014,
PRC-2025-1326,GRT-2023-001,PRJ-2023-002,BDL-0012,VND-0123,LOC-KIL-002,FP-2025-02,STS-007,Quotation,Vegetable Seed Pack for PRJ-2023-002,413,Boxes,9500.0,3923500.0,TZS,2025-02-28,2025-04-08,2025-04-18,GRN-2025-1326,,,,,,4,False,,
PRC-2025-1327,GRT-2022-003,PRJ-2023-003,BDL-0060,VND-0139,LOC-KIL-003,FP-2025-06,STS-010,Quotation,Notebooks Pack for PRJ-2023-003,111,Kg,9000.0,999000.0,TZS,2025-06-27,2025-07-07,2025-07-21,GRN-2025-1327,INV-VND-2025-1327,2025-07-24,2025-08-23,2025-08-21,EXP-34353,3,False,,
PRC-2025-1328,GRT-2022-004,PRJ-2023-005,BDL-0125,VND-0010,LOC-KIL-001,FP-2025-09,STS-003,Quotation,Dell Laptop Computer for PRJ-2023-005,1,Pieces,2034000.0,2034000.0,TZS,2025-09-23,2025-10-02,,,,,,,,5,False,PC-2025-130,
PRC-2025-1329,GRT-2024-001,PRJ-2024-001,BDL-0096,VND-0012,LOC-MAN-001,FP-2025-08,STS-009,Quotation,Projector Epson for PRJ-2024-001,1,Sets,1119800.0,1119800.0,TZS,2025-08-22,2025-09-04,2025-09-04,GRN-2025-1329,INV-VND-2025-1329,2025-09-06,2025-10-06,,EXP-35393,3,False,,
PRC-2025-1330,GRT-2022-004,PRJ-2023-005,BDL-0123,VND-0070,LOC-KIL-001,FP-2025-05,STS-010,Quotation,Paint 20L for PRJ-2023-005,18,Pieces,93600.0,1684800.0,TZS,2025-05-17,2025-06-02,2025-05-31,GRN-2025-1330,INV-VND-2025-1330,2025-06-01,2025-07-01,2025-06-24,EXP-46962,3,False,,
PRC-2025-1331,GRT-2024-001,PRJ-2024-002,BDL-0099,VND-0087,LOC-KIL-004,FP-2025-02,STS-010,Quotation,Toyota Hilux Double Cab for PRJ-2024-002,1,Kg,31454100.0,31454100.0,TZS,2025-02-11,2025-03-05,2025-03-14,GRN-2025-1331,INV-VND-2025-1331,2025-03-18,2025-04-17,2025-04-15,EXP-69597,6,False,PC-2025-117,
PRC-2025-1332,GRT-2024-001,PRJ-2024-002,BDL-0097,VND-0005,LOC-KIL-004,FP-2025-04,STS-009,Tender,Toyota Land Cruiser 4x4 for PRJ-2024-002,1,Kg,41527200.0,41527200.0,TZS,2025-04-17,2025-05-09,2025-05-17,GRN-2025-1332,INV-VND-2025-1332,2025-05-19,2025-06-18,2025-06-15,EXP-40323,6,False,PC-2025-177,
PRC-2025-1333,GRT-2024-003,PRJ-2024-005,BDL-0183,VND-0017,LOC-ARU-004,FP-2025-07,STS-009,Quotation,HP Desktop Computer for PRJ-2024-005,1,Pieces,1355000.0,1355000.0,TZS,2025-07-05,2025-08-02,2025-08-02,GRN-2025-1333,INV-VND-2025-1333,2025-08-04,2025-09-03,2025-08-30,EXP-19020,4,False,,
PRC-2025-1334,GRT-2023-005,PRJ-2023-010,BDL-0142,VND-0125,LOC-KIL-001,FP-2025-01,STS-010,Quotation,Fruit Tree Seedlings for PRJ-2023-010,3126,Units,1200.0,3751200.0,TZS,2025-01-16,2025-02-28,14-Mar-2025,GRN-2025-1334,INV-VND-2025-1334,2025-03-15,2025-04-14,2025-04-10,EXP-40577,4,False,PC-2025-050,
PRC-2025-1335,GRT-2023-003,PRJ-2023-013,BDL-0066,VND-0123,LOC-ARU-001,FP-2025-07,STS-008,Quotation,Blood Pressure Monitors for PRJ-2023-013,9,Kg,338200.0,3043800.0,TZS,2025-07-25,2025-08-25,2025-09-07,GRN-2025-1335,INV-VND-2025-1335,2025-09-11,,,,5,False,PC-2025-191,
PRC-2025-1336,GRT-2022-003,PRJ-2023-003,BDL-0043,VND-0144,LOC-KIL-003,FP-2025-09,STS-009,Quotation,Indigenous Tree Seedlings for PRJ-2023-003,5007,Units,600.0,3004200.0,TZS,2025-09-21,2025-11-04,2025-11-07,GRN-2025-1336,INV-VND-2025-1336,2025-11-11,2025-12-11,2025-12-04,EXP-13660,5,False,,
PRC-2025-1337,GRT-2022-004,PRJ-2023-005,BDL-0129,VND-0130,LOC-KIL-001,FP-2025-04,STS-006,Quotation,Fruit Tree Seedlings for PRJ-2023-005,1064,Kg,1200.0,1276800.0,TZS,2025-04-17,2025-04-24,,,,,,,,4,False,,
PRC-2025-1338,GRT-2023-002,PRJ-2023-004,BDL-0040,VND-0001,LOC-ARU-002,FP-2025-10,STS-009,Tender,Office Desk for PRJ-2023-004,8,Litres,744000.0,5952000.0,TZS,2025-10-04,12-Oct-2025,2025-10-12,GRN-2025-1338,,2025-10-17,2025-11-16,2025-11-13,EXP-67148,3,False,PC-2025-032,
PRC-2025-1339,GRT-2024-002,PRJ-2024-004,BDL-0159,VND-0028,LOC-MAN-004,FP-2025-02,STS-009,Tender,Indigenous Tree Seedlings for PRJ-2024-004,12003,Kg,600.0,7201800.0,TZS,2025-02-27,2025-03-23,2025-04-07,GRN-2025-1339,INV-VND-2025-1339,2025-04-13,2025-05-13,2025-05-11,EXP-23180,6,False,PC-2025-127,
PRC-2025-1340,GRT-2023-003,PRJ-2023-013,BDL-0072,VND-0127,LOC-ARU-001,FP-2025-03,STS-010,Quotation,Projector Epson for PRJ-2023-013,1,Litres,1325200.0,1325200.0,TZS,2025-03-17,2025-04-06,2025-04-14,GRN-2025-1340,INV-VND-2025-1340,2025-04-21,2025-05-21,2025-05-12,EXP-96887,3,False,,
PRC-2025-1341,GRT-2024-004,PRJ-2024-006,BDL-0223,VND-0138,LOC-MAN-002,FP-2025-09,STS-006,Quotation,Indigenous Tree Seedlings for PRJ-2024-006,5447,Litres,600.0,3268200.0,TZS,2025-09-02,2025-09-27,,,,,,,,3,False,PC-2025-126,
PRC-2025-1342,GRT-2024-001,PRJ-2024-002,BDL-0092,VND-0016,LOC-KIL-004,FP-2025-02,STS-007,Tender,Medical Gloves Box for PRJ-2024-002,107,Litres,47000.0,5029000.0,TZS,2025-02-02,2025-02-14,2025-02-17,GRN-2025-1342,,,,,,3,False,PC-2025-046,
PRC-2025-1343,GRT-2024-001,PRJ-2024-007,BDL-0085,VND-0060,LOC-ARU-002,FP-2025-09,STS-006,Quotation,Printer Canon for PRJ-2024-007,1,Litres,815800.0,815800.0,TZS,2025-09-16,2025-10-28,,,,,,,,3,False,PC-2025-055,
PRC-2025-1344,GRT-2023-001,PRJ-2023-011,BDL-0012,VND-0141,LOC-MAN-001,FP-2025-09,STS-007,Quotation,Fruit Tree Seedlings for PRJ-2023-011,1533,Litres,1300.0,1992900.0,TZS,2025-09-23,2025-10-16,2025-10-28,GRN-2025-1344,,,,,,3,False,PC-2025-035,
PRC-2025-1345,GRT-2024-002,PRJ-2024-003,BDL-0157,VND-0102,LOC-ARU-003,FP-2025-08,STS-009,Quotation,Printer Canon for PRJ-2024-003,1,Pieces,794200.0,794200.0,TZS,2025-08-23,2025-09-20,2025-09-17,GRN-2025-1345,INV-VND-2025-1345,2025-09-22,2025-10-22,,EXP-67590,3,False,PC-2025-022,
PRC-2025-1346,GRT-2024-001,PRJ-2024-001,BDL-0089,VND-0013,LOC-MAN-001,FP-2025-02,STS-009,Quotation,Bean Seeds 2kg for PRJ-2024-001,285,Boxes,11800.0,3363000.0,TZS,2025-02-19,2025-03-19,2025-03-31,GRN-2025-1346,INV-VND-2025-1346,2025-04-07,2025-05-07,2025-04-30,EXP-30699,4,False,PC-2025-064,
PRC-2025-1347,GRT-2023-003,PRJ-2023-013,BDL-0069,VND-0076,LOC-ARU-001,FP-2025-06,STS-009,Quotation,Projector Epson for PRJ-2023-013,1,Units,1193300.0,1193300.0,TZS,2025-06-30,08/07/2025,2025-07-17,GRN-2025-1347,INV-VND-2025-1347,2025-07-20,2025-08-19,2025-08-10,EXP-94307,4,False,PC-2025-002,
PRC-2025-1348,GRT-2023-004,PRJ-2023-009,BDL-0118,VND-0124,LOC-MAN-003,FP-2025-03,STS-009,Quotation,Reams of A4 Paper for PRJ-2023-009,355,Litres,5500.0,1952500.0,TZS,2025-03-14,2025-04-03,2025-04-04,GRN-2025-1348,INV-VND-2025-1348,2025-04-11,2025-05-11,08/05/2025,EXP-58458,5,False,PC-2025-140,
PRC-2025-1349,GRT-2024-002,PRJ-2024-003,BDL-0166,VND-0045,LOC-ARU-003,FP-2025-07,STS-009,Direct Purchase,External Hard Drive for PRJ-2024-003,1,Pieces,204000.0,204000.0,TZS,2025-07-30,2025-08-17,2025-08-23,GRN-2025-1349,INV-VND-2025-1310,2025-08-26,2025-09-25,2025-09-21,EXP-64555,1,False,,
PRC-2025-1350,GRT-2024-001,PRJ-2024-001,BDL-0083,VND-0070,LOC-MAN-001,FP-2025-07,STS-010,Quotation,Markers Set for PRJ-2024-001,44,Units,11500.0,506000.0,TZS,2025-07-08,2025-07-31,2025-08-12,GRN-2025-1350,INV-VND-2025-1350,2025-08-18,2025-09-17,,EXP-16648,4,False,PC-2025-099,
PRC-2025-1351,GRT-2022-003,PRJ-2023-003,BDL-0047,VND-0034,LOC-KIL-003,FP-2025-07,STS-009,Tender,Toyota Hilux Double Cab for PRJ-2023-003,1,Pieces,32700800.0,32700800.0,TZS,2025-07-06,2025-08-09,14-Aug-2025,GRN-2025-1351,INV-VND-2025-1351,2025-08-15,2025-09-14,,EXP-45364,3,False,PC-2025-099,
PRC-2025-1352,GRT-2023-005,PRJ-2023-010,BDL-0150,VND-0091,LOC-KIL-001,FP-2025-09,STS-008,Direct Purchase,External Hard Drive for PRJ-2023-010,2,Boxes,166500.0,333000.0,TZS,2025-09-14,2025-10-26,2025-10-28,GRN-2025-1352,INV-VND-2025-1352,2025-11-03,,,,1,False,,
PRC-2025-1353,GRT-2024-001,PRJ-2024-001,BDL-0088,VND-0109,LOC-MAN-001,FP-2025-10,STS-003,Direct Purchase,Computer Accessories Set for PRJ-2024-001,1,Pieces,315600.0,315600.0,TZS,2025-10-04,2025-11-03,,,,,,,,1,False,,
PRC-2025-1354,GRT-2022-004,PRJ-2023-005,BDL-0119,VND-0111,LOC-KIL-001,FP-2025-06,STS-009,Quotation,Reams of A4 Paper for PRJ-2023-005,235,Litres,5600.0,1316000.0,TZS,2025-06-18,2025-07-14,2025-07-24,GRN-2025-1354,INV-VND-2025-1354,2025-07-29,2025-08-28,2025-08-20,EXP-61249,3,False,PC-2025-014,
PRC-2025-1355,GRT-2024-001,PRJ-2024-002,BDL-0086,VND-0027,LOC-KIL-004,FP-2025-01,STS-004,Quotation,Improved Maize Seed 5kg for PRJ-2024-002,997,Boxes,20500.0,20438500.0,TZS,2025-01-28,2025-02-10,,,,,,,,4,False,PC-2025-185,
PRC-2025-1356,GRT-2023-002,PRJ-2023-012,BDL-0027,VND-0044,LOC-ARU-001,FP-2025-05,STS-010,Quotation,Motorcycle Honda for PRJ-2023-012,1,Pieces,4854700.0,4854700.0,TZS,2025-05-23,2025-06-24,2025-06-26,GRN-2025-1356,INV-VND-2025-1314,2025-06-30,07-30-2025,,EXP-41810,3,False,,
PRC-2025-1357,GRT-2022-004,PRJ-2023-005,BDL-0138,VND-0138,LOC-KIL-001,FP-2025-08,STS-008,Direct Purchase,Network Switch for PRJ-2023-005,1,Pieces,428400.0,428400.0,TZS,05-Aug-2025,2025-09-11,2025-09-17,GRN-2025-1357,INV-VND-2025-1357,2025-09-22,,,,1,False,,
PRC-2025-1358,GRT-2021-001,PRJ-2023-007,BDL-0191,VND-0148,LOC-ARU-001,FP-2025-03,STS-010,Quotation,Manila Files Box for PRJ-2023-007,78,Sets,15300.0,1193400.0,TZS,2025-03-26,2025-04-24,2025-04-29,GRN-2025-1358,INV-VND-2025-1358,2025-05-02,2025-06-01,2025-05-31,EXP-67261,3,False,PC-2025-073,
PRC-2025-1359,GRT-2023-004,PRJ-2023-008,BDL-0117,VND-0064,LOC-MAN-002,FP-2025-08,STS-010,Quotation,Motorcycle Honda for PRJ-2023-008,1,Boxes,5071300.0,5071300.0,TZS,2025-08-21,2025-09-30,2025-09-27,GRN-2025-1359,INV-VND-2025-1359,2025-10-03,2025-11-02,2025-10-29,EXP-33677,4,False,PC-2025-199,
PRC-2025-1360,GRT-2024-001,PRJ-2024-007,BDL-0088,VND-0079,LOC-ARU-002,FP-2025-01,STS-010,Quotation,Medical Gloves Box for PRJ-2024-007,87,Sets,48500.0,4219500.0,TZS,2025-01-16,2025-02-23,2025-03-07,GRN-2025-1360,INV-VND-2025-1360,2025-03-13,2025-04-12,2025-04-08,EXP-84231,5,False,,
PRC-2025-1361,GRT-2022-003,PRJ-2023-003,BDL-0049,VND-0092,LOC-KIL-003,FP-2025-04,STS-007,Quotation,Indigenous Tree Seedlings for PRJ-2023-003,8300,Boxes,600.0,4980000.0,TZS,2025-04-12,2025-04-29,2025-05-07,GRN-2025-1361,,,,,,4,False,,
PRC-2025-1362,GRT-2024-002,PRJ-2024-003,BDL-0163,VND-0086,LOC-ARU-003,FP-2025-08,STS-004,Quotation,Office Chair for PRJ-2024-003,14,Sets,276800.0,3875200.0,TZS,2025-08-13,2025-09-20,,,,,,,,5,False,PC-2025-181,
PRC-2025-1363,GRT-2023-003,PRJ-2023-013,BDL-0061,VND-0129,LOC-ARU-001,FP-2025-03,STS-010,Direct Purchase,Notebooks Pack for PRJ-2023-013,59,Boxes,8200.0,483800.0,TZS,2025-03-28,2025-04-13,2025-04-17,GRN-2025-1363,INV-VND-2025-1363,2025-04-21,2025-05-21,2025-05-14,EXP-75841,1,False,,
PRC-2025-1364,GRT-2022-003,PRJ-2023-003,BDL-0056,VND-0116,LOC-KIL-003,FP-2025-06,STS-010,Quotation,Printer Canon for PRJ-2023-003,1,Boxes,947900.0,947900.0,TZS,2025-06-27,2025-07-12,2025-07-12,GRN-2025-1364,INV-VND-2025-1364,2025-07-14,2025-08-13,2025-08-08,EXP-86197,5,False,PC-2025-114,
PRC-2025-1365,GRT-2023-001,PRJ-2023-001,BDL-0018,VND-0114,LOC-KIL-001,FP-2025-01,STS-009,Tender,Toyota Land Cruiser 4x4 for PRJ-2023-001,1,Kg,45359800.0,45359800.0,TZS,2025-01-28,05/02/2025,2025-02-09,GRN-2025-1365,INV-VND-2025-1365,2025-02-14,2025-03-16,,EXP-41910,7,False,PC-2025-067,
PRC-2025-1366,GRT-2022-003,PRJ-2023-003,BDL-0056,VND-0133,LOC-KIL-003,FP-2025-04,STS-008,Quotation,Timber Planks for PRJ-2023-003,195,Boxes,13700.0,2671500.0,TZS,2025-04-23,2025-05-11,2025-05-10,GRN-2025-1366,INV-VND-2025-1366,2025-05-15,,,,5,False,PC-2025-141,
PRC-2025-1367,GRT-2023-004,PRJ-2023-009,BDL-0106,VND-0066,LOC-MAN-003,FP-2025-06,STS-010,Quotation,Sunflower Seeds 1kg for PRJ-2023-009,138,Litres,13700.0,1890600.0,TZS,2025-06-14,2025-07-16,2025-07-13,GRN-2025-1367,INV-VND-2025-1367,2025-07-19,2025-08-18,2025-08-15,EXP-25985,4,False,PC-2025-017,
PRC-2025-1368,GRT-2023-004,PRJ-2023-008,BDL-0111,VND-0060,LOC-MAN-002,FP-2025-09,STS-009,Quotation,Markers Set for PRJ-2023-008,44,Boxes,12300.0,541200.0,TZS,2025-09-26,2025-11-07,2025-11-18,GRN-2025-1368,INV-VND-2025-1368,2025-11-22,2025-12-22,2025-12-17,EXP-18331,3,False,PC-2025-182,
PRC-2025-1369,GRT-2023-003,PRJ-2023-006,BDL-0062,VND-0126,LOC-KIL-001,FP-2025-06,STS-009,Direct Purchase,Markers Set for PRJ-2023-006,16,Litres,11900.0,190400.0,TZS,2025-06-27,2025-07-25,07-Aug-2025,GRN-2025-1369,INV-VND-2025-1369,2025-08-12,2025-09-11,,EXP-94567,1,False,,
PRC-2025-1370,GRT-2023-002,PRJ-2023-004,BDL-0033,VND-0066,LOC-ARU-002,FP-2025-05,STS-009,Quotation,Timber Planks for PRJ-2023-004,142,Pieces,16900.0,2399800.0,TZS,2025-05-17,2025-06-18,2025-06-19,GRN-2025-1370,,2025-06-22,2025-07-22,2025-07-13,EXP-35062,3,False,PC-2025-197,
PRC-2025-1371,GRT-2022-004,PRJ-2023-005,BDL-0120,VND-0096,LOC-KIL-001,FP-2025-02,STS-007,Direct Purchase,Computer Accessories Set for PRJ-2023-005,1,Pieces,363900.0,363900.0,TZS,2025-02-12,2025-03-13,2025-03-21,GRN-2025-1371,,,,,,1,False,,
PRC-2025-1372,GRT-2024-004,PRJ-2024-006,BDL-0228,VND-0038,LOC-MAN-002,FP-2025-02,STS-002,Quotation,Markers Set for PRJ-2024-006,43,Litres,13500.0,580500.0,TZS,2025-02-03,2025-03-11,,,,,,,,3,False,PC-2025-028,
PRC-2025-1373,GRT-2022-003,PRJ-2023-003,BDL-0045,VND-0022,LOC-KIL-003,FP-2025-06,STS-010,Quotation,Office Desk for PRJ-2023-003,7,Sets,644600.0,4512200.0,TZS,2025-06-07,2025-06-20,2025-06-17,GRN-2025-1373,INV-VND-2025-1373,2025-06-20,2025-07-20,2025-07-14,EXP-73370,4,False,PC-2025-138,
PRC-2025-1374,GRT-2023-002,PRJ-2023-012,BDL-0035,VND-0013,LOC-ARU-001,FP-2025-07,STS-006,Quotation,Dell Laptop Computer for PRJ-2023-012,1,Units,1845900.0,1845900.0,TZS,2025-07-01,2025-08-06,,,,,,,,4,False,,
PRC-2025-1375,GRT-2024-002,PRJ-2024-004,BDL-0167,VND-0123,LOC-MAN-004,FP-2025-02,STS-010,Direct Purchase,Network Switch for PRJ-2024-004,1,Litres,366400.0,366400.0,TZS,2025-02-14,2025-03-06,2025-03-04,GRN-2025-1375,INV-VND-2025-1375,2025-03-06,2025-04-05,2025-04-04,EXP-70822,1,False,,
PRC-2025-1376,GRT-2024-004,PRJ-2024-006,BDL-0213,VND-0104,LOC-MAN-002,FP-2025-05,STS-006,Tender,Malaria Rapid Test Kits Box for PRJ-2024-006,31,Boxes,281800.0,8735800.0,TZS,2025-05-30,2025-06-28,,,,,,,,4,False,PC-2025-035,
PRC-2025-1377,GRT-2023-001,PRJ-2023-011,BDL-0002,VND-0104,LOC-MAN-001,FP-2025-09,STS-010,Quotation,Bean Seeds 2kg for PRJ-2023-011,556,Boxes,12200.0,6783200.0,TZS,2025-09-12,2025-10-07,2025-10-04,GRN-2025-1377,INV-VND-2025-1377,2025-10-11,2025-11-10,2025-11-05,EXP-37523,4,False,PC-2025-091,
PRC-2025-1378,GRT-2023-001,PRJ-2023-001,BDL-0021,VND-0035,LOC-KIL-001,FP-2025-01,STS-002,Quotation,Office Desk for PRJ-2023-001,6,Boxes,625300.0,3751800.0,TZS,2025-01-31,2025-03-02,,,,,,,,4,False,PC-2025-167,
PRC-2025-1379,GRT-2024-003,PRJ-2024-005,BDL-0181,VND-0113,LOC-ARU-004,FP-2025-06,STS-008,Quotation,Timber Planks for PRJ-2024-005,150,Pieces,14700.0,2205000.0,TZS,2025-06-24,2025-08-06,2025-08-12,GRN-2025-1379,INV-VND-2025-1379,2025-08-14,,,,4,False,,
PRC-2025-1380,GRT-2023-002,PRJ-2023-012,BDL-0026,VND-0063,LOC-ARU-001,FP-2025-06,STS-009,Quotation,Motorcycle Honda for PRJ-2023-012,1,Kg,4464800.0,4464800.0,TZS,2025-06-23,2025-07-02,2025-07-04,GRN-2025-1380,INV-VND-2025-1380,2025-07-06,2025-08-05,2025-07-28,EXP-58554,5,False,,
PRC-2025-1381,GRT-2023-001,PRJ-2023-011,BDL-0011,VND-0098,LOC-MAN-001,FP-2025-06,STS-006,Tender,Cement Bags for PRJ-2023-011,275,Sets,31400.0,8635000.0,TZS,2025-06-14,2025-06-29,,,,,,,,4,False,PC-2025-093,
PRC-2025-1382,GRT-2023-004,PRJ-2023-009,BDL-0118,VND-0119,LOC-MAN-003,FP-2025-10,STS-008,Quotation,Printer Canon for PRJ-2023-009,1,Pieces,855800.0,855800.0,TZS,2025-10-14,2025-11-22,2025-11-23,GRN-2025-1382,INV-VND-2025-1382,2025-11-28,,,,3,False,PC-2025-013,
PRC-2025-1383,GRT-2023-002,PRJ-2023-012,BDL-0033,VND-0097,LOC-ARU-001,FP-2025-07,STS-005,Quotation,Office Desk for PRJ-2023-012,6,Sets,607700.0,3646200.0,TZS,2025-07-18,2025-08-10,,,,,,,,3,False,,
PRC-2025-1384,GRT-2023-003,PRJ-2023-013,BDL-0068,VND-0036,LOC-ARU-001,FP-2025-03,STS-010,Quotation,Vegetable Seed Pack for PRJ-2023-013,218,Kg,8800.0,1918400.0,TZS,2025-03-09,2025-04-15,2025-04-21,GRN-2025-1384,INV-VND-2025-1384,2025-04-27,2025-05-27,2025-05-27,EXP-38522,4,False,,
PRC-2025-1385,GRT-2023-004,PRJ-2023-009,BDL-0108,VND-0097,LOC-MAN-003,FP-2025-05,STS-009,Quotation,Timber Planks for PRJ-2023-009,73,Litres,17000.0,1241000.0,TZS,2025-05-30,2025-07-12,2025-07-22,GRN-2025-1385,INV-VND-2025-1385,2025-07-25,2025-08-24,2025-08-20,EXP-89232,4,False,PC-2025-024,
PRC-2025-1386,GRT-2022-004,PRJ-2023-005,BDL-0133,VND-0036,LOC-KIL-001,FP-2025-05,STS-005,Quotation,Iron Sheets for PRJ-2023-005,34,Pieces,42100.0,1431400.0,TZS,2025-05-01,2025-06-02,,,,,,,,5,False,PC-2025-072,
PRC-2025-1387,GRT-2023-004,PRJ-2023-009,BDL-0101,VND-0045,LOC-MAN-003,FP-2025-03,STS-009,Quotation,Filing Cabinet for PRJ-2023-009,4,Kg,351400.0,1405600.0,TZS,2025-03-18,2025-03-26,2025-04-03,GRN-2025-1387,,2025-04-05,2025-05-05,2025-05-03,EXP-79716,3,False,,
PRC-2025-1388,GRT-2024-003,PRJ-2024-005,BDL-0187,VND-0051,LOC-ARU-004,FP-2025-09,STS-009,Quotation,Bean Seeds 2kg for PRJ-2024-005,242,Units,11400.0,2758800.0,TZS,2025-09-05,2025-09-24,09-25-2025,GRN-2025-1388,INV-VND-2025-1388,2025-09-30,2025-10-30,2025-10-21,EXP-64818,5,False,,
PRC-2025-1389,GRT-2023-004,PRJ-2023-009,BDL-0116,VND-0050,LOC-MAN-003,FP-2025-01,STS-004,Quotation,Filing Cabinet for PRJ-2023-009,2,Sets,389200.0,778400.0,TZS,2025-01-28,2025-02-26,,,INV-VND-2025-1375,,,,,4,False,PC-2025-092,
PRC-2025-1390,GRT-2024-001,PRJ-2024-007,BDL-0094,VND-0126,LOC-ARU-002,FP-2025-04,STS-009,Quotation,Printer Canon for PRJ-2024-007,1,Kg,864300.0,864300.0,TZS,2025-04-23,17/05/2025,2025-05-16,GRN-2025-1390,INV-VND-2025-1390,2025-05-21,20/06/2025,2025-06-18,EXP-99700,3,False,PC-2025-027,
PRC-2025-1391,GRT-2023-002,PRJ-2023-012,BDL-0037,VND-0144,LOC-ARU-001,FP-2025-06,STS-010,Direct Purchase,Computer Accessories Set for PRJ-2023-012,1,Pieces,336500.0,336500.0,TZS,2025-06-29,2025-08-11,2025-08-21,GRN-2025-1391,INV-VND-2025-1391,2025-08-23,2025-09-22,2025-09-21,EXP-52972,1,False,,
PRC-2025-1392,GRT-2023-002,PRJ-2023-012,BDL-0023,VND-0096,LOC-ARU-001,FP-2025-03,STS-009,Quotation,UPS Battery for PRJ-2023-012,3,Kg,457300.0,1371900.0,TZS,2025-03-18,2025-04-08,2025-04-05,GRN-2025-1392,INV-VND-2025-1392,04-10-2025,2025-05-10,2025-05-04,EXP-74700,3,False,PC-2025-044,
PRC-2025-1393,GRT-2024-001,PRJ-2024-001,BDL-0097,VND-0037,LOC-MAN-001,FP-2025-07,STS-008,Quotation,Conference Table for PRJ-2024-001,1,Kg,1283100.0,1283100.0,TZS,2025-07-07,2025-07-20,2025-08-03,GRN-2025-1393,INV-VND-2025-1393,2025-08-06,,,,3,False,,
PRC-2025-1394,GRT-2023-004,PRJ-2023-009,BDL-0112,VND-0072,LOC-MAN-003,FP-2025-06,STS-010,Quotation,Participant Bags for PRJ-2023-009,89,Litres,23700.0,2109300.0,TZS,2025-06-10,2025-06-23,2025-07-03,GRN-2025-1394,INV-VND-2025-1394,2025-07-09,2025-08-08,2025-08-02,EXP-68868,4,False,PC-2025-155,
PRC-2025-1395,GRT-2024-002,PRJ-2024-003,BDL-0171,VND-0149,LOC-ARU-003,FP-2025-08,STS-009,Tender,Improved Maize Seed 5kg for PRJ-2024-003,968,Units,16600.0,16068800.0,TZS,2025-08-22,2025-09-16,2025-09-15,GRN-2025-1395,INV-VND-2025-1395,2025-09-20,2025-10-20,2025-10-11,EXP-68984,6,False,PC-2025-118,
PRC-2025-1396,GRT-2024-002,PRJ-2024-003,BDL-0173,VND-0056,LOC-ARU-003,FP-2025-02,STS-001,Quotation,Bean Seeds 2kg for PRJ-2024-003,593,Sets,12100.0,7175300.0,TZS,2025-02-04,2025-03-13,,,,,,,,5,False,PC-2025-113,
PRC-2025-1397,GRT-2023-003,PRJ-2023-006,BDL-0074,VND-0070,LOC-KIL-001,FP-2025-09,STS-010,Quotation,Pens and Pencils Box for PRJ-2023-006,75,Litres,13600.0,1020000.0,TZS,2025-09-26,2025-10-10,2025-10-11,GRN-2025-1397,INV-VND-2025-1382,2025-10-15,2025-11-14,2025-11-13,EXP-30224,3,False,PC-2025-121,
PRC-2025-1398,GRT-2024-001,PRJ-2024-002,BDL-0095,VND-0068,LOC-KIL-004,FP-2025-05,STS-010,Quotation,Manila Files Box for PRJ-2024-002,65,Boxes,16200.0,1053000.0,TZS,2025-05-03,2025-06-05,2025-06-03,GRN-2025-1398,INV-VND-2025-1398,2025-06-05,2025-07-05,2025-07-27,EXP-19591,3,False,PC-2025-086,
PRC-2025-1399,GRT-2024-003,PRJ-2024-005,BDL-0188,VND-0067,LOC-ARU-004,FP-2025-07,STS-007,Direct Purchase,Flipchart Paper Pad for PRJ-2024-005,22,Pieces,16300.0,358600.0,TZS,2025-07-27,2025-08-09,2025-08-14,GRN-2025-1399,,,,,,1,False,,
PRC-2025-1400,GRT-2023-001,PRJ-2023-011,BDL-0010,VND-0090,LOC-MAN-001,FP-2025-08,STS-009,Quotation,Conference Table for PRJ-2023-011,1,Sets,1298500.0,1298500.0,TZS,2025-08-26,2025-09-13,2025-09-12,GRN-2025-1400,INV-VND-2025-1400,2025-09-16,2025-10-16,2025-10-12,EXP-10814,4,False,PC-2025-062,
PRC-2025-1401,GRT-2023-001,PRJ-2023-011,BDL-0017,VND-0045,LOC-MAN-001,FP-2025-09,STS-009,Direct Purchase,Computer Accessories Set for PRJ-2023-011,1,Litres,379200.0,379200.0,TZS,2025-09-12,2025-09-30,2025-10-10,GRN-2025-1401,INV-VND-2025-1401,2025-10-13,2025-11-12,2025-11-10,EXP-20768,1,False,,
PRC-2025-1402,GRT-2023-001,PRJ-2023-001,BDL-0001,VND-0115,LOC-KIL-001,FP-2025-10,STS-007,Quotation,HP Desktop Computer for PRJ-2023-001,1,Kg,1308500.0,1308500.0,TZS,2025-10-03,2025-10-26,2025-11-03,GRN-2025-1402,,,,,,5,False,,
PRC-2025-1403,GRT-2024-002,PRJ-2024-004,BDL-0166,VND-0125,LOC-MAN-004,FP-2025-06,STS-008,Quotation,Fruit Tree Seedlings for PRJ-2024-004,2644,Sets,1300.0,3437200.0,TZS,2025-06-22,2025-07-22,2025-08-02,GRN-2025-1403,INV-VND-2025-1403,2025-08-06,,,,5,False,PC-2025-022,
PRC-2025-1404,GRT-2024-002,PRJ-2024-004,BDL-0155,VND-0016,LOC-MAN-004,FP-2025-07,STS-008,Tender,Toyota Land Cruiser 4x4 for PRJ-2024-004,1,Litres,48795700.0,48795700.0,TZS,2025-07-02,2025-07-29,2025-07-31,GRN-2025-1404,INV-VND-2025-1404,2025-08-03,,,,4,False,PC-2025-151,
PRC-2025-1405,GRT-2024-002,PRJ-2024-003,BDL-0163,VND-0077,LOC-ARU-003,FP-2025-04,STS-010,Tender,Toyota Land Cruiser 4x4 for PRJ-2024-003,1,Pieces,41366300.0,41366300.0,TZS,2025-04-12,2025-05-27,2025-06-10,GRN-2025-1405,INV-VND-2025-1405,2025-06-16,16/07/2025,2025-07-08,EXP-66596,3,False,PC-2025-107,
PRC-2025-1406,GRT-2023-004,PRJ-2023-008,BDL-0101,VND-0148,LOC-MAN-002,FP-2025-03,STS-010,Quotation,Iron Sheets for PRJ-2023-008,99,Boxes,49700.0,4920300.0,TZS,2025-03-11,2025-03-25,2025-04-07,GRN-2025-1406,INV-VND-2025-1406,2025-04-08,2025-05-08,2025-05-04,EXP-75767,3,False,PC-2025-062,
PRC-2025-1407,GRT-2023-003,PRJ-2023-013,BDL-0075,VND-0109,LOC-ARU-001,FP-2025-04,STS-010,Direct Purchase,Markers Set for PRJ-2023-013,29,Boxes,13600.0,394400.0,TZS,2025-04-27,2025-06-05,2025-06-16,GRN-2025-1407,INV-VND-2025-1407,2025-06-17,2025-07-17,2025-07-12,EXP-55756,1,False,,
PRC-2025-1408,GRT-2023-002,PRJ-2023-012,BDL-0035,VND-0074,LOC-ARU-001,FP-2025-03,STS-010,Direct Purchase,Markers Set for PRJ-2023-012,29,Sets,12800.0,371200.0,TZS,2025-03-18,2025-05-02,2025-05-17,GRN-2025-1408,INV-VND-2025-1408,2025-05-24,2025-06-23,2025-06-17,EXP-26896,1,False,,
PRC-2025-1409,GRT-2024-001,PRJ-2024-001,BDL-0087,VND-0015,LOC-MAN-001,FP-2025-02,STS-009,Quotation,Eucalyptus Seedlings for PRJ-2024-001,6139,Kg,800.0,4911200.0,TZS,2025-02-08,2025-02-20,2025-02-17,GRN-2025-1409,INV-VND-2025-1409,2025-02-24,2025-03-26,2025-03-25,EXP-89523,3,False,PC-2025-112,
PRC-2025-1410,GRT-2023-002,PRJ-2023-004,BDL-0026,VND-0042,LOC-ARU-002,FP-2025-06,STS-007,Quotation,Dell Laptop Computer for PRJ-2023-004,1,Boxes,2024600.0,2024600.0,TZS,2025-06-02,2025-07-05,2025-07-07,GRN-2025-1410,,,,,,5,False,,
PRC-2025-1411,GRT-2024-002,PRJ-2024-003,BDL-0155,VND-0079,LOC-ARU-003,FP-2025-06,STS-009,Tender,Bean Seeds 2kg for PRJ-2024-003,479,Boxes,11900.0,5700100.0,TZS,2025-06-05,2025-06-12,2025-06-16,GRN-2025-1411,INV-VND-2025-1411,2025-06-20,2025-07-20,2025-07-11,EXP-79081,4,False,PC-2025-173,
PRC-2025-1412,GRT-2023-001,PRJ-2023-001,BDL-0020,VND-0004,LOC-KIL-001,FP-2025-03,STS-009,Quotation,Blood Pressure Monitors for PRJ-2023-001,6,Boxes,356400.0,2138400.0,TZS,2025-03-27,2025-04-19,2025-04-24,GRN-2025-1412,,2025-05-01,2025-05-31,2025-05-31,EXP-91229,5,False,PC-2025-145,
PRC-2025-1413,GRT-2023-004,PRJ-2023-008,BDL-0115,VND-0106,LOC-MAN-002,FP-2025-07,STS-010,Quotation,Fruit Tree Seedlings for PRJ-2023-008,2322,Boxes,1100.0,2554200.0,TZS,2025-07-06,2025-08-02,2025-08-08,GRN-2025-1413,INV-VND-2025-1413,2025-08-09,2025-09-08,2025-09-07,EXP-33556,3,False,,
PRC-2025-1414,GRT-2023-001,PRJ-2023-002,BDL-0005,VND-0150,LOC-KIL-002,FP-2025-04,STS-002,Quotation,Reams of A4 Paper for PRJ-2023-002,162,Boxes,4800.0,777600.0,TZS,2025-04-05,2025-05-12,,,,,,,,3,False,,
PRC-2025-1415,GRT-2023-001,PRJ-2023-011,BDL-0007,VND-0128,LOC-MAN-001,FP-2025-03,STS-010,Quotation,Projector Epson for PRJ-2023-011,1,Boxes,1260900.0,1260900.0,TZS,2025-03-12,2025-03-28,2025-04-08,GRN-2025-1415,INV-VND-2025-1415,2025-04-10,2025-05-10,,EXP-51295,5,False,,
PRC-2025-1416,GRT-2024-002,PRJ-2024-004,BDL-0164,VND-0071,LOC-MAN-004,FP-2025-05,STS-006,Quotation,Reams of A4 Paper for PRJ-2024-004,315,Sets,5500.0,1732500.0,TZS,2025-05-31,2025-06-25,,,,,,,,3,False,,
PRC-2025-1417,GRT-2023-003,PRJ-2023-006,BDL-0061,VND-0088,LOC-KIL-001,FP-2025-06,STS-009,Tender,Toyota Land Cruiser 4x4 for PRJ-2023-006,1,Boxes,51273500.0,51273500.0,TZS,2025-06-27,2025-07-14,2025-07-25,GRN-2025-1417,INV-VND-2025-1417,2025-08-01,31-Aug-2025,,EXP-81482,7,False,PC-2025-184,
PRC-2025-1418,GRT-2023-005,PRJ-2023-010,BDL-0142,VND-0033,LOC-KIL-001,FP-2025-07,STS-007,Tender,Indigenous Tree Seedlings for PRJ-2023-010,12770,Sets,600.0,7662000.0,TZS,2025-07-23,2025-09-03,2025-09-13,GRN-2025-1418,,,,,,6,False,PC-2025-085,
PRC-2025-1419,GRT-2023-005,PRJ-2023-010,BDL-0149,VND-0033,LOC-KIL-001,FP-2025-10,STS-010,Quotation,Motorcycle Honda for PRJ-2023-010,1,Units,4475900.0,4475900.0,TZS,2025-10-12,2025-11-06,2025-11-05,GRN-2025-1419,INV-VND-2025-1419,2025-11-11,2025-12-11,2025-12-08,EXP-53633,5,False,PC-2025-195,
PRC-2025-1420,GRT-2024-002,PRJ-2024-004,BDL-0165,VND-0124,LOC-MAN-004,FP-2025-05,STS-002,Direct Purchase,Network Switch for PRJ-2024-004,1,Sets,381100.0,381100.0,TZS,2025-05-12,2025-06-02,,,,,,,,1,False,,
PRC-2025-1421,GRT-2022-004,PRJ-2023-005,BDL-0121,VND-0036,LOC-KIL-001,FP-2025-07,STS-007,Quotation,Toyota Land Cruiser 4x4 for PRJ-2023-005,1,Units,41938700.0,41938700.0,TZS,2025-07-22,2025-08-10,2025-08-21,GRN-2025-1421,,,,,,5,False,PC-2025-087,
PRC-2025-1422,GRT-2023-001,PRJ-2023-002,BDL-0006,VND-0042,LOC-KIL-002,FP-2025-04,STS-004,Quotation,Cement Bags for PRJ-2023-002,166,Boxes,28600.0,4747600.0,TZS,2025-04-27,2025-05-27,,,,,,,,3,False,PC-2025-152,
PRC-2025-1423,GRT-2023-001,PRJ-2023-002,BDL-0003,VND-0082,LOC-KIL-002,FP-2025-07,STS-009,Quotation,Office Chair for PRJ-2023-002,13,Units,253800.0,3299400.0,TZS,2025-07-02,2025-07-21,2025-07-19,GRN-2025-1423,INV-VND-2025-1423,2025-07-23,2025-08-22,2025-08-19,EXP-96406,4,False,PC-2025-174,
PRC-2025-1424,GRT-2024-002,PRJ-2024-004,BDL-0173,VND-0090,LOC-MAN-004,FP-2025-05,STS-009,Quotation,Iron Sheets for PRJ-2024-004,57,Sets,48200.0,2747400.0,TZS,2025-05-02,2025-06-11,2025-06-21,GRN-2025-1424,INV-VND-2025-1424,2025-06-27,2025-07-27,2025-07-27,EXP-79386,3,False,PC-2025-175,
PRC-2025-1425,GRT-2022-004,PRJ-2023-005,BDL-0129,VND-0067,LOC-KIL-001,FP-2025-04,STS-009,Tender,Toyota Hilux Double Cab for PRJ-2023-005,1,Sets,36363800.0,36363800.0,TZS,2025-04-09,2025-05-16,2025-05-14,GRN-2025-1425,INV-VND-2025-1425,2025-05-17,2025-06-16,2025-06-13,EXP-98076,7,False,PC-2025-184,
PRC-2025-1426,GRT-2024-002,PRJ-2024-004,BDL-0156,VND-0068,LOC-MAN-004,FP-2025-10,STS-009,Quotation,Conference Table for PRJ-2024-004,1,Litres,1324100.0,1324100.0,TZS,2025-10-09,2025-11-15,2025-11-17,GRN-2025-1426,INV-VND-2025-1426,2025-11-20,2025-12-20,2025-12-16,EXP-12491,4,False,PC-2025-194,
PRC-2025-1427,GRT-2024-001,PRJ-2024-001,BDL-0091,VND-0053,LOC-MAN-001,FP-2025-08,STS-001,Quotation,Iron Sheets for PRJ-2024-001,77,Boxes,43100.0,3318700.0,TZS,2025-08-05,2025-09-18,,,,,,,,3,False,,
PRC-2025-1428,GRT-2021-001,PRJ-2023-007,BDL-0205,VND-0043,LOC-ARU-001,FP-2025-02,STS-009,Quotation,Oral Rehydration Salts for PRJ-2023-007,132,Units,31500.0,4158000.0,TZS,2025-02-23,2025-03-26,2025-03-29,GRN-2025-1428,INV-VND-2025-1428,2025-04-05,2025-05-05,2025-05-05,EXP-10773,5,False,,
PRC-2025-1429,GRT-2024-001,PRJ-2024-001,BDL-0083,VND-0096,LOC-MAN-001,FP-2025-03,STS-002,Tender,Toyota Hilux Double Cab for PRJ-2024-001,1,Units,30755300.0,30755300.0,TZS,2025-03-13,2025-03-31,,,,,,,,6,False,PC-2025-048,
PRC-2025-1430,GRT-2024-001,PRJ-2024-002,BDL-0095,VND-0086,LOC-KIL-004,FP-2025-07,STS-008,Quotation,Reams of A4 Paper for PRJ-2024-002,296,Litres,5300.0,1568800.0,TZS,2025-07-09,2025-07-29,2025-07-31,GRN-2025-1430,INV-VND-2025-1430,2025-08-07,,,,5,False,PC-2025-021,
PRC-2025-1431,GRT-2024-001,PRJ-2024-001,BDL-0098,VND-0012,LOC-MAN-001,FP-2025-03,STS-009,Quotation,Projector Epson for PRJ-2024-001,1,Litres,1372900.0,1372900.0,TZS,2025-03-24,30-Apr-2025,2025-05-01,GRN-2025-1431,INV-VND-2025-1431,2025-05-03,2025-06-02,2025-05-29,EXP-16976,3,False,PC-2025-184,
PRC-2025-1432,GRT-2021-001,PRJ-2023-007,BDL-0195,VND-0011,LOC-ARU-001,FP-2025-05,STS-009,Quotation,Reams of A4 Paper for PRJ-2023-007,212,Sets,5300.0,1123600.0,TZS,2025-05-14,2025-05-29,2025-06-06,GRN-2025-1432,INV-VND-2025-1432,2025-06-10,2025-07-10,2025-07-05,EXP-29340,5,False,,
PRC-2025-1433,GRT-2024-002,PRJ-2024-004,BDL-0169,VND-0092,LOC-MAN-004,FP-2025-09,STS-010,Direct Purchase,External Hard Drive for PRJ-2024-004,2,Boxes,167000.0,334000.0,TZS,2025-09-11,2025-10-22,2025-11-01,GRN-2025-1433,INV-VND-2025-1433,06/11/2025,2025-12-06,2025-12-31,EXP-22563,1,False,,
PRC-2025-1434,GRT-2024-001,PRJ-2024-002,BDL-0089,VND-0124,LOC-KIL-004,FP-2025-07,STS-003,Quotation,Notebooks Pack for PRJ-2024-002,168,Litres,7800.0,1310400.0,TZS,2025-07-09,2025-07-17,,,,,,,,5,False,PC-2025-072,
PRC-2025-1435,GRT-2023-005,PRJ-2023-010,BDL-0153,VND-0063,LOC-KIL-001,FP-2025-01,STS-002,Quotation,Pens and Pencils Box for PRJ-2023-010,83,Kg,12300.0,1020900.0,TZS,2025-01-18,2025-03-01,,,,,,,,4,False,PC-2025-116,
PRC-2025-1436,GRT-2024-004,PRJ-2024-006,BDL-0217,VND-0036,LOC-MAN-002,FP-2025-05,STS-010,Quotation,Reams of A4 Paper for PRJ-2024-006,249,Boxes,4700.0,1170300.0,TZS,2025-05-19,2025-06-03,2025-06-17,GRN-2025-1436,INV-VND-2025-1392,2025-06-18,2025-07-18,27-Aug-2025,EXP-40966,3,False,PC-2025-117,
PRC-2025-1437,GRT-2024-002,PRJ-2024-003,BDL-0154,VND-0127,LOC-ARU-003,FP-2025-09,STS-007,Quotation,Toner Cartridge for PRJ-2024-003,19,Sets,41200.0,782800.0,TZS,2025-09-15,2025-09-26,2025-09-25,GRN-2025-1437,,,,,,4,False,PC-2025-164,
PRC-2025-1438,GRT-2021-001,PRJ-2023-007,BDL-0192,VND-0092,LOC-ARU-001,FP-2025-05,STS-009,Quotation,Toner Cartridge for PRJ-2023-007,32,Sets,47300.0,1513600.0,TZS,2025-05-21,2025-07-01,2025-07-14,GRN-2025-1438,INV-VND-2025-1438,2025-07-15,2025-08-14,2025-08-13,EXP-45962,4,False,,
PRC-2025-1439,GRT-2023-001,PRJ-2023-001,BDL-0004,VND-0096,LOC-KIL-001,FP-2025-09,STS-010,Quotation,Printer Canon for PRJ-2023-001,1,Boxes,860600.0,860600.0,TZS,2025-09-10,2025-09-19,2025-09-20,GRN-2025-1439,INV-VND-2025-1439,2025-09-26,2025-10-26,2025-10-26,EXP-42975,4,False,,
PRC-2025-1440,GRT-2024-002,PRJ-2024-003,BDL-0172,VND-0005,LOC-ARU-003,FP-2025-04,STS-009,Quotation,Motorcycle Honda for PRJ-2024-003,1,Boxes,4684500.0,4684500.0,TZS,14-Apr-2025,2025-05-20,2025-05-22,GRN-2025-1440,INV-VND-2025-1440,2025-05-24,2025-06-23,2025-06-18,EXP-71944,4,False,,
PRC-2025-1441,GRT-2024-002,PRJ-2024-004,BDL-0163,VND-0126,LOC-MAN-004,FP-2025-07,STS-009,Quotation,Bean Seeds 2kg for PRJ-2024-004,454,Boxes,11500.0,5221000.0,TZS,2025-07-11,2025-07-26,2025-07-30,GRN-2025-1441,INV-VND-2025-1441,2025-08-04,2025-09-03,,EXP-96705,5,False,PC-2025-186,
PRC-2025-1442,GRT-2024-002,PRJ-2024-004,BDL-0159,VND-0114,LOC-MAN-004,FP-2025-03,STS-010,Quotation,Conference Table for PRJ-2024-004,1,Litres,1161100.0,1161100.0,TZS,2025-03-03,2025-04-02,2025-04-11,GRN-2025-1442,INV-VND-2025-1442,2025-04-14,2025-05-14,2025-05-09,EXP-33206,3,False,,
PRC-2025-1443,GRT-2024-002,PRJ-2024-003,BDL-0157,VND-0046,LOC-ARU-003,FP-2025-05,STS-009,Quotation,Bean Seeds 2kg for PRJ-2024-003,271,Kg,11700.0,3170700.0,TZS,2025-05-30,2025-07-12,2025-07-17,GRN-2025-1443,INV-VND-2025-1443,2025-07-22,2025-08-21,2025-08-11,EXP-47856,3,False,,
PRC-2025-1444,GRT-2022-003,PRJ-2023-003,BDL-0047,VND-0071,LOC-KIL-003,FP-2025-05,STS-009,Direct Purchase,External Hard Drive for PRJ-2023-003,1,Litres,184100.0,184100.0,TZS,2025-05-23,2025-06-23,2025-06-29,GRN-2025-1444,INV-VND-2025-1444,2025-07-04,2025-08-03,2025-07-27,EXP-32744,1,False,,
PRC-2025-1445,GRT-2023-001,PRJ-2023-001,BDL-0002,VND-0078,LOC-KIL-001,FP-2025-10,STS-003,Direct Purchase,Computer Accessories Set for PRJ-2023-001,1,Boxes,397600.0,397600.0,TZS,2025-10-12,2025-11-02,,,,,,,,1,False,,
PRC-2025-1446,GRT-2023-002,PRJ-2023-012,BDL-0027,VND-0057,LOC-ARU-001,FP-2025-05,STS-010,Quotation,Malaria Rapid Test Kits Box for PRJ-2023-012,26,Pieces,287200.0,7467200.0,TZS,2025-05-17,2025-06-23,07-07-2025,GRN-2025-1446,INV-VND-2025-1446,2025-07-14,2025-08-13,,EXP-50440,5,False,PC-2025-104,
PRC-2025-1447,GRT-2023-003,PRJ-2023-013,BDL-0081,VND-0023,LOC-ARU-001,FP-2025-02,STS-010,Quotation,Training Handouts Printing for PRJ-2023-013,282,Boxes,39200.0,11054400.0,TZS,2025-02-02,2025-03-05,2025-03-12,GRN-2025-1447,,2025-03-13,2025-04-12,2025-04-08,EXP-67379,3,False,PC-2025-133,
PRC-2025-1448,GRT-2023-001,PRJ-2023-002,BDL-0006,VND-0107,LOC-KIL-002,FP-2025-04,STS-004,Quotation,Paint 20L for PRJ-2023-002,33,Litres,96900.0,3197700.0,TZS,2025-04-13,2025-04-23,,,,,,,,5,False,PC-2025-059,
PRC-2025-1449,GRT-2024-003,PRJ-2024-005,BDL-0186,VND-0080,LOC-ARU-004,FP-2025-02,STS-002,Direct Purchase,Network Switch for PRJ-2024-005,1,Sets,366800.0,366800.0,TZS,2025-02-15,02-26-2025,,,,,,,,1,False,,
PRC-2025-1450,GRT-2023-001,PRJ-2023-011,BDL-0006,VND-0136,LOC-MAN-001,FP-2025-06,STS-009,Quotation,Paint 20L for PRJ-2023-011,12,Boxes,97300.0,1167600.0,TZS,2025-06-28,08-12-2025,2025-08-17,GRN-2025-1450,INV-VND-2025-1450,2025-08-20,2025-09-19,2025-09-13,EXP-37962,5,False,,
PRC-2025-1451,GRT-2021-001,PRJ-2023-007,BDL-0202,VND-0066,LOC-ARU-001,FP-2025-03,STS-009,Quotation,Toner Cartridge for PRJ-2023-007,19,Boxes,47500.0,902500.0,TZS,2025-03-08,2025-04-04,2025-04-01,GRN-2025-1451,INV-VND-2025-1451,2025-04-08,2025-05-08,2025-04-29,EXP-17297,3,False,PC-2025-095,
PRC-2025-1452,GRT-2023-001,PRJ-2023-001,BDL-0020,VND-0015,LOC-KIL-001,FP-2025-02,STS-007,Quotation,Fruit Tree Seedlings for PRJ-2023-001,3029,Kg,1400.0,4240600.0,TZS,2025-02-25,2025-03-14,2025-03-13,GRN-2025-1452,,,,,,4,False,PC-2025-005,
PRC-2025-1453,GRT-2023-002,PRJ-2023-004,BDL-0038,VND-0044,LOC-ARU-002,FP-2025-07,STS-007,Quotation,Sunflower Seeds 1kg for PRJ-2023-004,274,Sets,13700.0,3753800.0,TZS,2025-07-25,2025-08-16,2025-08-23,GRN-2025-1453,,,,,,4,False,PC-2025-156,
PRC-2025-1454,GRT-2024-003,PRJ-2024-005,BDL-0187,VND-0115,LOC-ARU-004,FP-2025-07,STS-009,Direct Purchase,Markers Set for PRJ-2024-005,36,Units,13400.0,482400.0,TZS,2025-07-14,2025-07-30,2025-08-06,GRN-2025-1454,INV-VND-2025-1454,2025-08-08,2025-09-07,2025-08-30,EXP-48068,1,False,,
PRC-2025-1455,GRT-2023-003,PRJ-2023-006,BDL-0080,VND-0122,LOC-KIL-001,FP-2025-02,STS-009,Quotation,Filing Cabinet for PRJ-2023-006,5,Litres,361900.0,1809500.0,TZS,2025-02-11,2025-02-27,2025-02-25,GRN-2025-1455,INV-VND-2025-1440,2025-03-03,2025-04-02,2025-03-29,EXP-14986,5,False,PC-2025-102,
PRC-2025-1456,GRT-2024-001,PRJ-2024-002,BDL-0090,VND-0016,LOC-KIL-004,FP-2025-08,STS-009,Quotation,Oral Rehydration Salts for PRJ-2024-002,180,Boxes,34800.0,6264000.0,TZS,2025-08-16,2025-08-27,2025-09-02,GRN-2025-1456,INV-VND-2025-1456,2025-09-06,2025-10-06,2025-10-06,EXP-45536,5,False,PC-2025-042,
PRC-2025-1457,GRT-2024-003,PRJ-2024-005,BDL-0178,VND-0068,LOC-ARU-004,FP-2025-06,STS-009,Quotation,Filing Cabinet for PRJ-2024-005,5,Boxes,426800.0,2134000.0,TZS,2025-06-10,2025-06-23,2025-06-22,GRN-2025-1457,INV-VND-2025-1457,2025-06-29,2025-07-29,2025-07-23,EXP-16326,3,False,,
PRC-2025-1458,GRT-2023-005,PRJ-2023-010,BDL-0139,VND-0127,LOC-KIL-001,FP-2025-02,STS-009,Quotation,Manila Files Box for PRJ-2023-010,93,Pieces,13800.0,1283400.0,TZS,2025-02-18,2025-02-27,2025-03-14,GRN-2025-1458,INV-VND-2025-1458,2025-03-18,2025-04-17,2025-04-11,EXP-75361,4,False,PC-2025-142,
PRC-2025-1459,GRT-2021-001,PRJ-2023-007,BDL-0198,VND-0066,LOC-ARU-001,FP-2025-03,STS-009,Quotation,UPS Battery for PRJ-2023-007,3,Boxes,483300.0,1449900.0,TZS,2025-03-11,2025-03-21,2025-03-22,GRN-2025-1459,INV-VND-2025-1459,2025-03-24,2025-04-23,2025-04-18,EXP-36925,3,False,PC-2025-092,
PRC-2025-1460,GRT-2022-003,PRJ-2023-003,BDL-0051,VND-0004,LOC-KIL-003,FP-2025-03,STS-001,Quotation,Indigenous Tree Seedlings for PRJ-2023-003,13425,Kg,600.0,8055000.0,TZS,2025-03-26,2025-04-29,,,,,,,,6,False,PC-2025-065,
PRC-2025-1461,GRT-2024-001,PRJ-2024-001,BDL-0092,VND-0014,LOC-MAN-001,FP-2025-05,STS-009,Tender,Toyota Land Cruiser 4x4 for PRJ-2024-001,1,Pieces,50675300.0,50675300.0,TZS,2025-05-20,2025-06-12,2025-06-13,GRN-2025-1461,INV-VND-2025-1461,2025-06-20,2025-07-20,2025-07-13,EXP-42669,7,False,PC-2025-074,
PRC-2025-1462,GRT-2024-002,PRJ-2024-003,BDL-0170,VND-0105,LOC-ARU-003,FP-2025-02,STS-009,Quotation,Participant Bags for PRJ-2024-003,165,Kg,23500.0,3877500.0,TZS,2025-02-27,2025-04-12,2025-04-27,GRN-2025-1462,INV-VND-2025-1462,2025-04-30,2025-05-30,2025-05-25,EXP-20820,5,False,PC-2025-047,
PRC-2025-1463,GRT-2024-001,PRJ-2024-001,BDL-0096,VND-0103,LOC-MAN-001,FP-2025-04,STS-005,Tender,Toyota Land Cruiser 4x4 for PRJ-2024-001,1,Units,40566400.0,40566400.0,TZS,2025-04-04,2025-05-14,,,,,,,,3,False,PC-2025-095,
PRC-2025-1464,GRT-2023-001,PRJ-2023-011,BDL-0016,VND-0139,LOC-MAN-001,FP-2025-05,STS-009,Direct Purchase,Computer Accessories Set for PRJ-2023-011,1,Kg,397200.0,397200.0,TZS,2025-05-11,2025-06-14,2025-06-26,GRN-2025-1464,INV-VND-2025-1464,2025-07-02,2025-08-01,2025-08-01,EXP-26800,1,False,,
PRC-2025-1465,GRT-2023-005,PRJ-2023-010,BDL-0139,VND-0035,LOC-KIL-001,FP-2025-09,STS-001,Direct Purchase,External Hard Drive for PRJ-2023-010,1,Pieces,191900.0,191900.0,TZS,2025-09-21,2025-11-04,,,,,,,,1,False,,
PRC-2025-1466,GRT-2023-003,PRJ-2023-006,BDL-0076,VND-0116,LOC-KIL-001,FP-2025-08,STS-009,Quotation,Motorcycle Honda for PRJ-2023-006,1,Units,5086800.0,5086800.0,TZS,2025-08-07,2025-09-14,2025-09-27,GRN-2025-1466,INV-VND-2025-1466,2025-09-28,2025-10-28,2025-10-18,EXP-16845,4,False,PC-2025-195,
PRC-2025-1467,GRT-2022-003,PRJ-2023-003,BDL-0055,VND-0101,LOC-KIL-003,FP-2025-01,STS-006,Quotation,UPS Battery for PRJ-2023-003,3,Units,468600.0,1405800.0,TZS,2025-01-22,2025-02-19,,,,,,,,4,False,,
PRC-2025-1468,GRT-2023-005,PRJ-2023-010,BDL-0142,VND-0125,LOC-KIL-001,FP-2025-03,STS-008,Tender,Sunflower Seeds 1kg for PRJ-2023-010,379,Kg,15400.0,5836600.0,TZS,2025-03-21,2025-04-02,2025-04-03,GRN-2025-1468,INV-VND-2025-1468,2025-04-07,,,,6,False,PC-2025-156,
PRC-2025-1469,GRT-2024-001,PRJ-2024-007,BDL-0099,VND-0022,LOC-ARU-002,FP-2025-02,STS-009,Quotation,Office Chair for PRJ-2024-007,6,Boxes,281700.0,1690200.0,TZS,10/02/2025,2025-03-05,2025-03-08,GRN-2025-1469,INV-VND-2025-1469,2025-03-15,2025-04-14,2025-04-12,EXP-55553,3,False,,
PRC-2025-1470,GRT-2023-002,PRJ-2023-004,BDL-0041,VND-0002,LOC-ARU-002,FP-2025-07,STS-007,Quotation,Paint 20L for PRJ-2023-004,17,Sets,97700.0,1660900.0,TZS,2025-07-11,2025-08-01,2025-08-10,GRN-2025-1470,,,,,,5,False,PC-2025-005,
PRC-2025-1471,GRT-2024-002,PRJ-2024-003,BDL-0169,VND-0044,LOC-ARU-003,FP-2025-01,STS-007,Quotation,Filing Cabinet for PRJ-2024-003,2,Pieces,399800.0,799600.0,TZS,2025-01-19,2025-01-28,2025-01-31,GRN-2025-1471,,,,,,4,False,,
PRC-2025-1472,GRT-2024-002,PRJ-2024-004,BDL-0160,VND-0018,LOC-MAN-004,FP-2025-01,STS-010,Quotation,Medical Gloves Box for PRJ-2024-004,175,Kg,41400.0,7245000.0,TZS,2025-01-16,2025-02-19,2025-03-06,GRN-2025-1472,INV-VND-2025-1472,2025-03-12,2025-04-11,,EXP-96680,3,False,PC-2025-063,
PRC-2025-1473,GRT-2023-001,PRJ-2023-011,BDL-0020,VND-0070,LOC-MAN-001,FP-2025-04,STS-007,Quotation,Conference Table for PRJ-2023-011,1,Litres,1148600.0,1148600.0,TZS,2025-04-14,2025-05-23,22/05/2025,GRN-2025-1473,,,,,,5,False,PC-2025-185,
PRC-2025-1474,GRT-2023-001,PRJ-2023-011,BDL-0020,VND-0056,LOC-MAN-001,FP-2025-04,STS-006,Quotation,Motorcycle Honda for PRJ-2023-011,1,Kg,4362800.0,4362800.0,TZS,2025-04-26,2025-05-09,,,,,,,,3,False,PC-2025-058,
PRC-2025-1475,GRT-2023-005,PRJ-2023-010,BDL-0146,VND-0035,LOC-KIL-001,FP-2025-09,STS-008,Quotation,Eucalyptus Seedlings for PRJ-2023-010,8599,Pieces,900.0,7739100.0,TZS,2025-09-04,2025-10-16,2025-10-14,GRN-2025-1475,INV-VND-2025-1475,2025-10-15,,,,3,False,PC-2025-095,
PRC-2025-1476,GRT-2024-004,PRJ-2024-006,BDL-0221,VND-0138,LOC-MAN-002,FP-2025-09,STS-004,Quotation,Printer Canon for PRJ-2024-006,1,Kg,956100.0,956100.0,TZS,2025-09-11,2025-10-16,,,,,,,,3,False,,
PRC-2025-1477,GRT-2024-003,PRJ-2024-005,BDL-0187,VND-0082,LOC-ARU-004,FP-2025-06,STS-009,Quotation,Iron Sheets for PRJ-2024-005,96,Kg,48400.0,4646400.0,TZS,2025-06-01,2025-07-14,2025-07-11,GRN-2025-1477,INV-VND-2025-1477,2025-07-13,2025-08-12,,EXP-44542,4,False,PC-2025-028,
PRC-2025-1478,GRT-2023-004,PRJ-2023-008,BDL-0117,VND-0100,LOC-MAN-002,FP-2025-07,STS-009,Quotation,Eucalyptus Seedlings for PRJ-2023-008,8327,Sets,900.0,7494300.0,TZS,2025-07-11,2025-08-12,2025-08-23,GRN-2025-1478,INV-VND-2025-1478,2025-08-25,2025-09-24,2025-09-15,EXP-95350,7,False,PC-2025-024,
PRC-2025-1479,GRT-2023-005,PRJ-2023-010,BDL-0145,VND-0059,LOC-KIL-001,FP-2025-08,STS-010,Quotation,Indigenous Tree Seedlings for PRJ-2023-010,6756,Boxes,500.0,3378000.0,TZS,2025-08-27,11-Sep-2025,2025-09-08,GRN-2025-1479,INV-VND-2025-1479,2025-09-09,2025-10-09,2025-10-06,EXP-93084,5,False,PC-2025-127,
PRC-2025-1480,GRT-2023-001,PRJ-2023-001,BDL-0007,VND-0001,LOC-KIL-001,FP-2025-03,STS-001,Quotation,Sunflower Seeds 1kg for PRJ-2023-001,250,Pieces,17200.0,4300000.0,TZS,2025-03-07,2025-04-20,,,,,,,,4,False,PC-2025-093,
PRC-2025-1481,GRT-2024-001,PRJ-2024-007,BDL-0096,VND-0148,LOC-ARU-002,FP-2025-01,STS-008,Quotation,Notebooks Pack for PRJ-2024-007,89,Units,9400.0,836600.0,TZS,2025-01-17,2025-03-02,2025-03-09,GRN-2025-1481,INV-VND-2025-1481,2025-03-13,,,,3,False,,
PRC-2025-1482,GRT-2023-001,PRJ-2023-002,BDL-0006,VND-0009,LOC-KIL-002,FP-2025-09,STS-007,Quotation,HP Desktop Computer for PRJ-2023-002,1,Units,1540300.0,1540300.0,TZS,2025-09-25,2025-11-03,2025-11-01,GRN-2025-1482,,,,,,4,False,,
PRC-2025-1483,GRT-2023-003,PRJ-2023-013,BDL-0075,VND-0138,LOC-ARU-001,FP-2025-06,STS-009,Quotation,Reams of A4 Paper for PRJ-2023-013,374,Boxes,5300.0,1982200.0,TZS,2025-06-27,2025-07-20,2025-07-29,GRN-2025-1483,INV-VND-2025-1483,05-Aug-2025,2025-09-04,2025-08-25,EXP-50505,3,False,,
PRC-2025-1484,GRT-2024-001,PRJ-2024-002,BDL-0095,VND-0011,LOC-KIL-004,FP-2025-05,STS-010,Quotation,Iron Sheets for PRJ-2024-002,35,Kg,42800.0,1498000.0,TZS,2025-05-24,06-11-2025,2025-06-19,GRN-2025-1484,INV-VND-2025-1484,2025-06-20,2025-07-20,2025-08-31,EXP-96011,3,False,,
PRC-2025-1485,GRT-2023-003,PRJ-2023-013,BDL-0080,VND-0020,LOC-ARU-001,FP-2025-08,STS-009,Quotation,Blood Pressure Monitors for PRJ-2023-013,4,Units,331400.0,1325600.0,TZS,2025-08-23,2025-09-01,2025-09-10,GRN-2025-1485,INV-VND-2025-1485,2025-09-17,2025-10-17,2025-10-08,EXP-51966,4,False,PC-2025-174,
PRC-2025-1486,GRT-2024-001,PRJ-2024-001,BDL-0089,VND-0130,LOC-MAN-001,FP-2025-09,STS-009,Quotation,HP Desktop Computer for PRJ-2024-001,1,Litres,1316400.0,1316400.0,TZS,2025-09-01,2025-09-08,2025-09-10,GRN-2025-1486,INV-VND-2025-1486,2025-09-14,2025-10-14,2025-10-12,EXP-10578,5,False,,
PRC-2025-1487,GRT-2023-001,PRJ-2023-002,BDL-0011,VND-0122,LOC-KIL-002,FP-2025-02,STS-009,Quotation,Conference Table for PRJ-2023-002,1,Boxes,1257900.0,1257900.0,TZS,2025-02-01,2025-02-22,2025-02-20,GRN-2025-1487,INV-VND-2025-1487,2025-02-25,03-27-2025,2025-03-20,EXP-51889,5,False,PC-2025-171,
PRC-2025-1488,GRT-2023-003,PRJ-2023-013,BDL-0081,VND-0111,LOC-ARU-001,FP-2025-09,STS-007,Direct Purchase,Network Switch for PRJ-2023-013,1,Pieces,358600.0,358600.0,TZS,2025-09-10,2025-09-21,2025-09-24,GRN-2025-1488,,,,,,1,False,,
PRC-2025-1489,GRT-2024-001,PRJ-2024-002,BDL-0090,VND-0115,LOC-KIL-004,FP-2025-06,STS-005,Tender,Toyota Hilux Double Cab for PRJ-2024-002,1,Units,31203600.0,31203600.0,TZS,2025-06-29,2025-07-14,,,,,,,,7,False,PC-2025-137,
PRC-2025-1490,GRT-2024-002,PRJ-2024-003,BDL-0157,VND-0080,LOC-ARU-003,FP-2025-09,STS-003,Quotation,Indigenous Tree Seedlings for PRJ-2024-003,9193,Units,700.0,6435100.0,TZS,09-07-2025,2025-10-11,,,,,,,,7,False,PC-2025-089,
PRC-2025-1491,GRT-2023-002,PRJ-2023-012,BDL-0022,VND-0088,LOC-ARU-001,FP-2025-02,STS-007,Quotation,Oral Rehydration Salts for PRJ-2023-012,160,Kg,40200.0,6432000.0,TZS,2025-02-14,2025-03-04,2025-03-16,GRN-2025-1491,,,,,,5,False,PC-2025-112,
PRC-2025-1492,GRT-2021-001,PRJ-2023-007,BDL-0197,VND-0088,LOC-ARU-001,FP-2025-02,STS-007,Quotation,Printer Canon for PRJ-2023-007,1,Litres,897500.0,897500.0,TZS,2025-02-11,2025-03-11,2025-03-10,GRN-2025-1492,,,,,,4,False,,
PRC-2025-1493,GRT-2023-002,PRJ-2023-012,BDL-0039,VND-0142,LOC-ARU-001,FP-2025-10,STS-008,Quotation,Blood Pressure Monitors for PRJ-2023-012,9,Kg,367600.0,3308400.0,TZS,2025-10-10,2025-11-10,2025-11-12,GRN-2025-1493,INV-VND-2025-1493,2025-11-18,,,,5,False,PC-2025-038,
PRC-2025-1494,GRT-2021-001,PRJ-2023-007,BDL-0205,VND-0043,LOC-ARU-001,FP-2025-04,STS-010,Quotation,Timber Planks for PRJ-2023-007,147,Kg,14500.0,2131500.0,TZS,2025-04-19,2025-05-22,2025-06-04,GRN-2025-1494,INV-VND-2025-1494,2025-06-11,2025-07-11,,EXP-90046,5,False,PC-2025-194,
PRC-2025-1495,GRT-2024-002,PRJ-2024-004,BDL-0159,VND-0088,LOC-MAN-004,FP-2025-02,STS-007,Quotation,UPS Battery for PRJ-2024-004,3,Boxes,415700.0,1247100.0,TZS,2025-02-16,2025-03-29,2025-03-31,GRN-2025-1495,,,,,,5,False,,
PRC-2025-1496,GRT-2023-004,PRJ-2023-008,BDL-0111,VND-0124,LOC-MAN-002,FP-2025-06,STS-007,Quotation,Pens and Pencils Box for PRJ-2023-008,92,Pieces,11300.0,1039600.0,TZS,2025-06-19,2025-06-26,2025-07-02,GRN-2025-1496,,,,,,3,False,PC-2025-111,
PRC-2025-1497,GRT-2024-001,PRJ-2024-007,BDL-0096,VND-0087,LOC-ARU-002,FP-2025-08,STS-005,Quotation,HP Desktop Computer for PRJ-2024-007,1,Sets,1518700.0,1518700.0,TZS,2025-08-11,2025-09-21,,,,,,,,4,False,PC-2025-016,
PRC-2025-1498,GRT-2024-004,PRJ-2024-006,BDL-0227,VND-0109,LOC-MAN-002,FP-2025-06,STS-009,Quotation,Manila Files Box for PRJ-2024-006,37,Sets,14900.0,551300.0,TZS,2025-06-12,2025-07-14,2025-07-25,GRN-2025-1498,INV-VND-2025-1498,2025-07-31,2025-08-30,2025-08-27,EXP-20228,4,False,PC-2025-046,
PRC-2025-1499,GRT-2023-004,PRJ-2023-008,BDL-0106,VND-0067,LOC-MAN-002,FP-2025-03,STS-003,Quotation,Projector Epson for PRJ-2023-008,1,Kg,1323000.0,1323000.0,TZS,2025-03-02,05/04/2025,,,,,,,,5,False,,
PRC-2025-1500,GRT-2023-002,PRJ-2023-004,BDL-0034,VND-0103,LOC-ARU-002,FP-2025-06,STS-010,Quotation,Conference Table for PRJ-2023-004,1,Units,1305500.0,1305500.0,TZS,2025-06-20,2025-07-01,2025-07-07,GRN-2025-1500,INV-VND-2025-1500,2025-07-12,2025-08-11,2025-08-04,EXP-90651,3,False,,
PRC-2025-1501,GRT-2023-005,PRJ-2023-010,BDL-0150,VND-0037,LOC-KIL-001,FP-2025-08,STS-009,Quotation,Pens and Pencils Box for PRJ-2023-010,89,Sets,13500.0,1201500.0,TZS,2025-08-29,2025-09-21,2025-09-28,GRN-2025-1501,INV-VND-2025-1501,2025-10-05,2025-11-04,2025-11-03,EXP-59772,4,False,PC-2025-108,
PRC-2025-1502,GRT-2022-004,PRJ-2023-005,BDL-0121,VND-0004,LOC-KIL-001,FP-2025-05,STS-006,Quotation,Pens and Pencils Box for PRJ-2023-005,93,Units,11600.0,1078800.0,TZS,2025-05-31,2025-06-23,,,,,,,,3,False,PC-2025-199,
PRC-2025-1503,GRT-2023-003,PRJ-2023-013,BDL-0077,VND-0055,LOC-ARU-001,FP-2025-03,STS-008,Tender,Toyota Land Cruiser 4x4 for PRJ-2023-013,1,Sets,40787300.0,40787300.0,TZS,2025-03-04,2025-03-27,2025-04-10,GRN-2025-1503,INV-VND-2025-1503,2025-04-12,,,,3,False,PC-2025-109,
PRC-2025-1504,GRT-2023-003,PRJ-2023-006,BDL-0079,VND-0038,LOC-KIL-001,FP-2025-02,STS-009,Quotation,Toyota Hilux Double Cab for PRJ-2023-006,1,Units,33431900.0,33431900.0,TZS,2025-02-20,2025-03-21,2025-03-23,GRN-2025-1504,INV-VND-2025-1504,2025-03-28,2025-04-27,,EXP-56427,3,False,PC-2025-047,
PRC-2025-1505,GRT-2024-001,PRJ-2024-002,BDL-0084,VND-0100,LOC-KIL-004,FP-2025-02,STS-007,Quotation,Blood Pressure Monitors for PRJ-2024-002,4,Litres,361400.0,1445600.0,TZS,2025-02-11,2025-03-05,2025-03-07,GRN-2025-1505,,,,,,3,False,PC-2025-060,
PRC-2025-1506,GRT-2023-002,PRJ-2023-012,BDL-0029,VND-0098,LOC-ARU-001,FP-2025-05,STS-008,Quotation,Improved Maize Seed 5kg for PRJ-2023-012,819,Units,20400.0,16707600.0,TZS,2025-05-26,2025-06-15,2025-06-30,GRN-2025-1506,INV-VND-2025-1506,2025-07-02,,,,6,False,PC-2025-165,
PRC-2025-1507,GRT-2023-005,PRJ-2023-010,BDL-0149,VND-0092,LOC-KIL-001,FP-2025-10,STS-007,Quotation,Projector Epson for PRJ-2023-010,1,Boxes,1323600.0,1323600.0,TZS,2025-10-03,2025-11-10,2025-11-10,GRN-2025-1507,,,,,,4,False,PC-2025-015,
PRC-2025-1508,GRT-2023-001,PRJ-2023-002,BDL-0020,VND-0071,LOC-KIL-002,FP-2025-03,STS-003,Quotation,Sunflower Seeds 1kg for PRJ-2023-002,177,Pieces,15600.0,2761200.0,TZS,2025-03-19,2025-04-26,,,,,,,,3,False,,
PRC-2025-1509,GRT-2024-004,PRJ-2024-006,BDL-0218,VND-0130,LOC-MAN-002,FP-2025-08,STS-009,Direct Purchase,Markers Set for PRJ-2024-006,36,Litres,13100.0,471600.0,TZS,2025-08-10,09-10-2025,2025-09-07,GRN-2025-1509,INV-VND-2025-1509,2025-09-09,2025-10-09,2025-10-09,EXP-48297,1,False,,
PRC-2025-1510,GRT-2023-002,PRJ-2023-012,BDL-0040,VND-0122,LOC-ARU-001,FP-2025-07,STS-004,Quotation,Bean Seeds 2kg for PRJ-2023-012,411,Litres,13100.0,5384100.0,TZS,2025-07-02,2025-08-08,,,,,,,,6,False,PC-2025-005,
PRC-2025-1511,GRT-2023-001,PRJ-2023-002,BDL-0007,VND-0143,LOC-KIL-002,FP-2025-02,STS-010,Tender,Paracetamol Tablets for PRJ-2023-002,240,Pieces,25700.0,6168000.0,TZS,18-Feb-2025,2025-03-12,2025-03-19,GRN-2025-1511,INV-VND-2025-1511,2025-03-23,2025-04-22,2025-04-20,EXP-89929,4,False,PC-2025-067,
PRC-2025-1512,GRT-2023-002,PRJ-2023-012,BDL-0033,VND-0091,LOC-ARU-001,FP-2025-03,STS-010,Direct Purchase,Network Switch for PRJ-2023-012,1,Kg,369600.0,369600.0,TZS,2025-03-03,2025-03-15,2025-03-20,GRN-2025-1512,INV-VND-2025-1512,2025-03-25,2025-04-24,2025-04-20,EXP-69676,1,False,,
PRC-2025-1513,GRT-2023-005,PRJ-2023-010,BDL-0146,VND-0130,LOC-KIL-001,FP-2025-07,STS-009,Quotation,UPS Battery for PRJ-2023-010,2,Kg,494100.0,988200.0,TZS,2025-07-31,2025-08-13,2025-08-11,GRN-2025-1513,INV-VND-2025-1513,2025-08-18,2025-09-17,2025-09-17,EXP-54973,4,False,PC-2025-148,
PRC-2025-1514,GRT-2023-001,PRJ-2023-011,BDL-0011,VND-0027,LOC-MAN-001,FP-2025-10,STS-009,Quotation,Bean Seeds 2kg for PRJ-2023-011,164,Sets,13400.0,2197600.0,TZS,2025-10-01,2025-11-06,2025-11-17,GRN-2025-1514,INV-VND-2025-1514,2025-11-23,2025-12-23,2025-12-14,EXP-87095,3,False,PC-2025-027,
PRC-2025-1515,GRT-2023-002,PRJ-2023-012,BDL-0035,VND-0148,LOC-ARU-001,FP-2025-03,STS-009,Quotation,Toyota Hilux Double Cab for PRJ-2023-012,1,Litres,32616500.0,32616500.0,TZS,2025-03-29,2025-05-12,2025-05-12,GRN-2025-1515,INV-VND-2025-1515,2025-05-16,2025-06-15,2025-06-06,EXP-94061,7,False,PC-2025-018,
PRC-2025-1516,GRT-2024-002,PRJ-2024-003,BDL-0171,VND-0137,LOC-ARU-003,FP-2025-04,STS-010,Tender,Paracetamol Tablets for PRJ-2024-003,313,Pieces,25600.0,8012800.0,TZS,2025-04-29,2025-05-13,2025-05-26,GRN-2025-1516,INV-VND-2025-1516,2025-05-31,2025-06-30,,EXP-12857,4,False,PC-2025-117,
PRC-2025-1517,GRT-2023-004,PRJ-2023-009,BDL-0101,VND-0044,LOC-MAN-003,FP-2025-02,STS-007,Quotation,Office Desk for PRJ-2023-009,3,Kg,710800.0,2132400.0,TZS,2025-02-04,2025-03-11,2025-03-23,GRN-2025-1517,,,,,,3,False,PC-2025-014,
PRC-2025-1518,GRT-2024-001,PRJ-2024-001,BDL-0087,VND-0100,LOC-MAN-001,FP-2025-09,STS-009,Quotation,Sunflower Seeds 1kg for PRJ-2024-001,398,Kg,16200.0,6447600.0,TZS,2025-09-17,2025-10-06,2025-10-16,GRN-2025-1518,INV-VND-2025-1518,2025-10-23,2025-11-22,,EXP-68373,5,False,PC-2025-030,
PRC-2025-1519,GRT-2023-001,PRJ-2023-002,BDL-0011,VND-0110,LOC-KIL-002,FP-2025-06,STS-004,Tender,Toyota Hilux Double Cab for PRJ-2023-002,1,Boxes,33520700.0,33520700.0,TZS,2025-06-29,2025-07-18,,,INV-VND-2025-1509,,,,,6,False,PC-2025-118,
PRC-2025-1520,GRT-2023-003,PRJ-2023-006,BDL-0072,VND-0129,LOC-KIL-001,FP-2025-07,STS-009,Quotation,Notebooks Pack for PRJ-2023-006,68,Pieces,9600.0,652800.0,TZS,2025-07-14,07-30-2025,2025-08-11,GRN-2025-1520,INV-VND-2025-1520,2025-08-12,2025-09-11,2025-09-09,EXP-68704,4,False,,
PRC-2025-1521,GRT-2024-001,PRJ-2024-001,BDL-0089,VND-0086,LOC-MAN-001,FP-2025-06,STS-009,Quotation,Conference Table for PRJ-2024-001,1,Pieces,1359900.0,1359900.0,TZS,2025-06-23,2025-07-15,2025-07-14,GRN-2025-1521,INV-VND-2025-1521,2025-07-16,2025-08-15,2025-08-10,EXP-76882,3,False,,
PRC-2025-1522,GRT-2023-001,PRJ-2023-002,BDL-0007,VND-0025,LOC-KIL-002,FP-2025-04,STS-009,Quotation,Toner Cartridge for PRJ-2023-002,30,Units,41700.0,1251000.0,TZS,2025-04-19,2025-05-21,2025-05-20,GRN-2025-1522,INV-VND-2025-1522,2025-05-21,2025-06-20,2025-06-13,EXP-39679,5,False,,
PRC-2025-1523,GRT-2023-001,PRJ-2023-001,BDL-0011,VND-0139,LOC-KIL-001,FP-2025-07,STS-007,Quotation,Toyota Hilux Double Cab for PRJ-2023-001,1,Kg,36573100.0,36573100.0,TZS,2025-07-05,26-Jul-2025,2025-07-28,GRN-2025-1523,,,,,,6,False,PC-2025-145,
PRC-2025-1524,GRT-2024-004,PRJ-2024-006,BDL-0211,VND-0033,LOC-MAN-002,FP-2025-07,STS-010,Quotation,Blood Pressure Monitors for PRJ-2024-006,3,Kg,318300.0,954900.0,TZS,2025-07-31,2025-08-25,2025-09-02,GRN-2025-1524,INV-VND-2025-1524,2025-09-05,2025-10-05,2025-10-17,EXP-51327,4,False,PC-2025-143,
PRC-2025-1525,GRT-2023-002,PRJ-2023-012,BDL-0034,VND-0087,LOC-ARU-001,FP-2025-08,STS-010,Quotation,Sunflower Seeds 1kg for PRJ-2023-012,127,Pieces,16400.0,2082800.0,TZS,2025-08-25,2025-09-12,2025-09-19,GRN-2025-1525,INV-VND-2025-1525,2025-09-24,2025-10-24,2025-10-18,EXP-42310,4,False,PC-2025-173,
PRC-2025-1526,GRT-2024-003,PRJ-2024-005,BDL-0185,VND-0006,LOC-ARU-004,FP-2025-04,STS-010,Tender,Paracetamol Tablets for PRJ-2024-005,363,Kg,27000.0,9801000.0,TZS,2025-04-13,2025-05-19,2025-05-22,GRN-2025-1526,INV-VND-2025-1526,2025-05-29,2025-06-28,2025-06-23,EXP-79462,4,False,PC-2025-018,
PRC-2025-1527,GRT-2022-003,PRJ-2023-003,BDL-0052,VND-0046,LOC-KIL-003,FP-2025-09,STS-010,Quotation,Filing Cabinet for PRJ-2023-003,2,Litres,419200.0,838400.0,TZS,2025-09-02,2025-09-11,2025-09-24,GRN-2025-1527,INV-VND-2025-1527,2025-09-25,2025-10-25,2025-12-02,EXP-24174,3,False,PC-2025-173,
PRC-2025-1528,GRT-2024-001,PRJ-2024-001,BDL-0086,VND-0143,LOC-MAN-001,FP-2025-01,STS-001,Quotation,Cement Bags for PRJ-2024-001,246,Pieces,31700.0,7798200.0,TZS,2025-01-24,2025-02-20,,,,,,,,3,False,PC-2025-187,
PRC-2025-1529,GRT-2024-004,PRJ-2024-006,BDL-0211,VND-0118,LOC-MAN-002,FP-2025-03,STS-009,Quotation,Pens and Pencils Box for PRJ-2024-006,41,Units,12900.0,528900.0,TZS,13/03/2025,2025-03-23,2025-03-30,GRN-2025-1529,INV-VND-2025-1529,2025-04-05,2025-05-05,2025-04-25,EXP-77923,3,False,PC-2025-088,
PRC-2025-1530,GRT-2022-004,PRJ-2023-005,BDL-0121,VND-0075,LOC-KIL-001,FP-2025-07,STS-009,Quotation,Conference Table for PRJ-2023-005,1,Pieces,1312700.0,1312700.0,TZS,2025-07-11,2025-08-23,2025-09-05,GRN-2025-1530,INV-VND-2025-1530,2025-09-09,2025-10-09,,EXP-69904,3,False,,
PRC-2025-1531,GRT-2024-001,PRJ-2024-007,BDL-0087,VND-0026,LOC-ARU-002,FP-2025-07,STS-010,Tender,Malaria Rapid Test Kits Box for PRJ-2024-007,79,Pieces,270200.0,21345800.0,TZS,2025-07-15,2025-08-22,2025-08-22,GRN-2025-1531,INV-VND-2025-1531,2025-08-26,2025-09-25,2025-09-17,EXP-92800,5,False,PC-2025-107,
PRC-2025-1532,GRT-2023-002,PRJ-2023-004,BDL-0034,VND-0062,LOC-ARU-002,FP-2025-03,STS-006,Quotation,Manila Files Box for PRJ-2023-004,53,Kg,16800.0,890400.0,TZS,2025-03-22,2025-04-06,,,,,,,,5,False,PC-2025-145,
PRC-2025-1533,GRT-2023-001,PRJ-2023-011,BDL-0013,VND-0141,LOC-MAN-001,FP-2025-08,STS-006,Tender,Toyota Hilux Double Cab for PRJ-2023-011,1,Boxes,30540600.0,30540600.0,TZS,2025-08-06,2025-08-20,,,,,,,,5,False,PC-2025-126,
PRC-2025-1534,GRT-2023-001,PRJ-2023-002,BDL-0017,VND-0048,LOC-KIL-002,FP-2025-10,STS-007,Tender,Sunflower Seeds 1kg for PRJ-2023-002,352,Boxes,16000.0,5632000.0,TZS,2025-10-03,2025-10-17,2025-11-01,GRN-2025-1534,,,,,,7,False,PC-2025-136,
PRC-2025-1535,GRT-2022-004,PRJ-2023-005,BDL-0133,VND-0057,LOC-KIL-001,FP-2025-05,STS-007,Quotation,Toyota Land Cruiser 4x4 for PRJ-2023-005,1,Pieces,46562300.0,46562300.0,TZS,2025-05-25,2025-06-08,2025-06-22,GRN-2025-1535,,,,,,4,False,PC-2025-121,
PRC-2025-1536,GRT-2023-002,PRJ-2023-012,BDL-0023,VND-0080,LOC-ARU-001,FP-2025-06,STS-008,Quotation,Cement Bags for PRJ-2023-012,126,Boxes,28400.0,3578400.0,TZS,2025-06-15,2025-07-15,2025-07-12,GRN-2025-1536,INV-VND-2025-1536,2025-07-16,,,,3,False,PC-2025-174,
PRC-2025-1537,GRT-2023-004,PRJ-2023-008,BDL-0102,VND-0130,LOC-MAN-002,FP-2025-08,STS-009,Quotation,Blood Pressure Monitors for PRJ-2023-008,9,Kg,346900.0,3122100.0,TZS,2025-08-21,2025-09-26,2025-10-11,GRN-2025-1537,INV-VND-2025-1537,2025-10-15,2025-11-14,2025-11-07,EXP-43686,3,False,PC-2025-136,
PRC-2025-1538,GRT-2023-004,PRJ-2023-008,BDL-0114,VND-0036,LOC-MAN-002,FP-2025-05,STS-009,Quotation,Reams of A4 Paper for PRJ-2023-008,292,Sets,5100.0,1489200.0,TZS,2025-05-08,2025-05-27,2025-06-02,GRN-2025-1538,INV-VND-2025-1538,2025-06-05,2025-07-05,2025-07-02,EXP-90735,5,False,PC-2025-122,
PRC-2025-1539,GRT-2023-003,PRJ-2023-006,BDL-0064,VND-0150,LOC-KIL-001,FP-2025-05,STS-010,Quotation,Eucalyptus Seedlings for PRJ-2023-006,3199,Units,900.0,2879100.0,TZS,2025-05-11,2025-06-11,2025-06-14,GRN-2025-1539,INV-VND-2025-1539,2025-06-19,2025-07-19,2025-07-11,EXP-74118,4,False,,
PRC-2025-1540,GRT-2024-001,PRJ-2024-007,BDL-0090,VND-0042,LOC-ARU-002,FP-2025-05,STS-009,Quotation,Timber Planks for PRJ-2024-007,117,Units,15300.0,1790100.0,TZS,2025-05-20,2025-07-03,2025-07-05,GRN-2025-1540,INV-VND-2025-1540,2025-07-07,2025-08-06,2025-09-20,EXP-17152,4,False,PC-2025-148,
PRC-2025-1541,GRT-2024-003,PRJ-2024-005,BDL-0188,VND-0037,LOC-ARU-004,FP-2025-05,STS-010,Direct Purchase,Network Switch for PRJ-2024-005,1,Pieces,381400.0,381400.0,TZS,2025-05-10,2025-06-22,2025-06-29,GRN-2025-1541,INV-VND-2025-1541,2025-07-02,2025-08-01,2025-07-27,EXP-86778,1,False,,
PRC-2025-1542,GRT-2023-004,PRJ-2023-009,BDL-0114,VND-0043,LOC-MAN-003,FP-2025-06,STS-010,Quotation,Participant Bags for PRJ-2023-009,70,Kg,26700.0,1869000.0,TZS,13-Jun-2025,2025-07-26,07/08/2025,GRN-2025-1542,INV-VND-2025-1542,2025-08-12,2025-09-11,2025-10-16,EXP-82608,5,False,,
PRC-2025-1543,GRT-2023-005,PRJ-2023-010,BDL-0148,VND-0142,LOC-KIL-001,FP-2025-02,STS-010,Tender,Toyota Hilux Double Cab for PRJ-2023-010,1,Litres,32707500.0,32707500.0,TZS,2025-02-05,2025-03-20,2025-03-29,GRN-2025-1543,INV-VND-2025-1538,2025-04-04,2025-05-04,2025-04-24,EXP-11837,3,False,PC-2025-065,
PRC-2025-1544,GRT-2024-001,PRJ-2024-001,BDL-0095,VND-0091,LOC-MAN-001,FP-2025-09,STS-004,Quotation,Motorcycle Honda for PRJ-2024-001,1,Pieces,4630800.0,4630800.0,TZS,2025-09-09,2025-09-25,,,,,,,,3,False,,
PRC-2025-1545,GRT-2024-001,PRJ-2024-002,BDL-0090,VND-0018,LOC-KIL-004,FP-2025-03,STS-010,Tender,Indigenous Tree Seedlings for PRJ-2024-002,9369,Units,600.0,5621400.0,TZS,2025-03-22,2025-04-22,2025-04-29,GRN-2025-1545,INV-VND-2025-1540,2025-05-03,2025-06-02,2025-05-30,EXP-97243,4,False,PC-2025-065,
PRC-2025-1546,GRT-2024-004,PRJ-2024-006,BDL-0210,VND-0033,LOC-MAN-002,FP-2025-09,STS-010,Quotation,Projector Epson for PRJ-2024-006,1,Pieces,1159300.0,1159300.0,TZS,2025-09-26,2025-10-20,2025-11-01,GRN-2025-1546,INV-VND-2025-1546,2025-11-08,2025-12-08,2025-12-07,EXP-70222,4,False,PC-2025-101,
PRC-2025-1547,GRT-2024-002,PRJ-2024-003,BDL-0160,VND-0138,LOC-ARU-003,FP-2025-09,STS-010,Quotation,Indigenous Tree Seedlings for PRJ-2024-003,5732,Pieces,600.0,3439200.0,TZS,2025-09-22,2025-10-12,2025-10-19,GRN-2025-1547,INV-VND-2025-1547,2025-10-23,2025-11-22,2025-11-21,EXP-17259,5,False,PC-2025-115,
PRC-2025-1548,GRT-2022-003,PRJ-2023-003,BDL-0047,VND-0088,LOC-KIL-003,FP-2025-04,STS-009,Quotation,Bean Seeds 2kg for PRJ-2023-003,445,Sets,12800.0,5696000.0,TZS,2025-04-15,2025-05-20,27-May-2025,GRN-2025-1548,INV-VND-2025-1548,2025-05-30,2025-06-29,2025-06-20,EXP-15013,3,False,PC-2025-198,
PRC-2025-1549,GRT-2023-001,PRJ-2023-002,BDL-0012,VND-0055,LOC-KIL-002,FP-2025-04,STS-004,Quotation,Improved Maize Seed 5kg for PRJ-2023-002,583,Kg,18300.0,10668900.0,TZS,2025-04-29,2025-05-29,,,,,,,,5,False,PC-2025-129,
PRC-2025-1550,GRT-2023-003,PRJ-2023-013,BDL-0074,VND-0010,LOC-ARU-001,FP-2025-09,STS-008,Quotation,Markers Set for PRJ-2023-013,49,Litres,12600.0,617400.0,TZS,2025-09-12,2025-09-22,2025-09-29,GRN-2025-1550,INV-VND-2025-1550,2025-10-04,,,,5,False,PC-2025-192,
PRC-2025-1551,GRT-2023-002,PRJ-2023-012,BDL-0027,VND-0054,LOC-ARU-001,FP-2025-10,STS-004,Quotation,Pens and Pencils Box for PRJ-2023-012,68,Boxes,11500.0,782000.0,TZS,02/10/2025,2025-11-14,,,,,,,,5,False,,
PRC-2025-1552,GRT-2023-002,PRJ-2023-012,BDL-0031,VND-0097,LOC-ARU-001,FP-2025-07,STS-005,Quotation,Participant Bags for PRJ-2023-012,62,Kg,23300.0,1444600.0,TZS,2025-07-25,2025-08-05,,,,,,,,5,False,PC-2025-018,
PRC-2025-1553,GRT-2023-002,PRJ-2023-012,BDL-0041,VND-0062,LOC-ARU-001,FP-2025-08,STS-009,Quotation,Medical Gloves Box for PRJ-2023-012,104,Sets,42000.0,4368000.0,TZS,2025-08-26,2025-09-14,2025-09-11,GRN-2025-1553,INV-VND-2025-1553,2025-09-13,2025-10-13,2025-10-05,EXP-33243,5,False,PC-2025-083,
PRC-2025-1554,GRT-2023-005,PRJ-2023-010,BDL-0143,VND-0068,LOC-KIL-001,FP-2025-09,STS-007,Quotation,Filing Cabinet for PRJ-2023-010,5,Litres,389400.0,1947000.0,TZS,2025-09-04,2025-09-20,2025-10-03,GRN-2025-1554,,,,,,4,False,PC-2025-071,
PRC-2025-1555,GRT-2023-002,PRJ-2023-012,BDL-0023,VND-0115,LOC-ARU-001,FP-2025-03,STS-009,Quotation,Fruit Tree Seedlings for PRJ-2023-012,3220,Pieces,1300.0,4186000.0,TZS,2025-03-12,2025-03-19,2025-03-26,GRN-2025-1555,INV-VND-2025-1555,2025-03-27,2025-04-26,2025-06-05,EXP-99185,4,False,,
PRC-2025-1556,GRT-2023-005,PRJ-2023-010,BDL-0145,VND-0040,LOC-KIL-001,FP-2025-08,STS-010,Quotation,Vegetable Seed Pack for PRJ-2023-010,657,Boxes,8200.0,5387400.0,TZS,2025-08-29,2025-09-22,2025-10-07,GRN-2025-1556,INV-VND-2025-1556,2025-10-09,08/11/2025,2025-11-01,EXP-85649,4,False,PC-2025-077,
PRC-2025-1557,GRT-2023-001,PRJ-2023-011,BDL-0008,VND-0117,LOC-MAN-001,FP-2025-05,STS-009,Quotation,Notebooks Pack for PRJ-2023-011,194,Litres,7900.0,1532600.0,TZS,2025-05-24,2025-06-30,2025-07-01,GRN-2025-1557,INV-VND-2025-1557,2025-07-02,2025-08-01,2025-07-22,EXP-83881,4,False,,
PRC-2025-1558,GRT-2024-001,PRJ-2024-002,BDL-0086,VND-0095,LOC-KIL-004,FP-2025-10,STS-009,Tender,Vegetable Seed Pack for PRJ-2024-002,786,Boxes,8100.0,6366600.0,TZS,2025-10-12,2025-11-21,2025-11-29,GRN-2025-1558,INV-VND-2025-1558,2025-12-06,2026-01-05,2025-12-27,EXP-99524,5,False,PC-2025-053,
PRC-2025-1559,GRT-2023-003,PRJ-2023-013,BDL-0073,VND-0039,LOC-ARU-001,FP-2025-08,STS-007,Quotation,Oral Rehydration Salts for PRJ-2023-013,98,Pieces,34500.0,3381000.0,TZS,2025-08-27,2025-09-13,2025-09-12,GRN-2025-1559,,,,,,4,False,PC-2025-123,
PRC-2025-1560,GRT-2023-003,PRJ-2023-013,BDL-0063,VND-0011,LOC-ARU-001,FP-2025-04,STS-006,Quotation,Paint 20L for PRJ-2023-013,19,Litres,87000.0,1653000.0,TZS,2025-04-20,06-04-2025,,,,,,,,5,False,PC-2025-138,
PRC-2025-1561,GRT-2023-002,PRJ-2023-004,BDL-0036,VND-0081,LOC-ARU-002,FP-2025-06,STS-006,Quotation,Indigenous Tree Seedlings for PRJ-2023-004,8371,Sets,500.0,4185500.0,TZS,2025-06-19,2025-07-07,,,,,,,,5,False,,
PRC-2025-1562,GRT-2023-003,PRJ-2023-013,BDL-0068,VND-0051,LOC-ARU-001,FP-2025-06,STS-010,Quotation,Filing Cabinet for PRJ-2023-013,2,Units,377300.0,754600.0,TZS,2025-06-24,2025-08-07,2025-08-21,GRN-2025-1562,,2025-08-25,2025-09-24,2025-09-22,EXP-76030,3,False,,
PRC-2025-1563,GRT-2023-002,PRJ-2023-012,BDL-0026,VND-0138,LOC-ARU-001,FP-2025-10,STS-009,Quotation,Participant Bags for PRJ-2023-012,87,Units,26200.0,2279400.0,TZS,2025-10-05,2025-10-27,2025-11-06,GRN-2025-1563,INV-VND-2025-1563,2025-11-10,2025-12-10,2026-01-15,EXP-96159,4,False,,
PRC-2025-1564,GRT-2024-003,PRJ-2024-005,BDL-0178,VND-0098,LOC-ARU-004,FP-2025-03,STS-005,Quotation,Projector Epson for PRJ-2024-005,1,Sets,1085200.0,1085200.0,TZS,2025-03-31,2025-05-02,,,,,,,,4,False,,
PRC-2025-1565,GRT-2024-001,PRJ-2024-001,BDL-0085,VND-0078,LOC-MAN-001,FP-2025-08,STS-006,Direct Purchase,Flipchart Paper Pad for PRJ-2024-001,12,Litres,18200.0,218400.0,TZS,2025-08-29,2025-09-15,,,,,,,,1,False,,
PRC-2025-1566,GRT-2024-003,PRJ-2024-005,BDL-0175,VND-0126,LOC-ARU-004,FP-2025-07,STS-009,Quotation,Training Handouts Printing for PRJ-2024-005,313,Boxes,38200.0,11956600.0,TZS,2025-07-07,2025-08-13,2025-08-14,GRN-2025-1566,INV-VND-2025-1566,2025-08-16,2025-09-15,2025-09-10,EXP-14356,5,False,PC-2025-051,
PRC-2025-1567,GRT-2024-001,PRJ-2024-002,BDL-0095,VND-0062,LOC-KIL-004,FP-2025-04,STS-009,Quotation,Flipchart Paper Pad for PRJ-2024-002,34,Kg,17000.0,578000.0,TZS,04-04-2025,2025-04-18,24-Apr-2025,GRN-2025-1567,INV-VND-2025-1567,2025-04-30,2025-05-30,2025-05-26,EXP-21071,5,False,,
PRC-2025-1568,GRT-2024-004,PRJ-2024-006,BDL-0216,VND-0134,LOC-MAN-002,FP-2025-07,STS-008,Direct Purchase,External Hard Drive for PRJ-2024-006,2,Sets,171000.0,342000.0,TZS,2025-07-06,2025-08-08,2025-08-06,GRN-2025-1568,INV-VND-2025-1568,2025-08-10,,,,1,False,,
PRC-2025-1569,GRT-2023-002,PRJ-2023-004,BDL-0022,VND-0017,LOC-ARU-002,FP-2025-10,STS-007,Quotation,Participant Bags for PRJ-2023-004,185,Pieces,23300.0,4310500.0,TZS,2025-10-14,2025-11-22,2025-12-06,GRN-2025-1569,,,,,,3,False,,
PRC-2025-1570,GRT-2024-004,PRJ-2024-006,BDL-0219,VND-0084,LOC-MAN-002,FP-2025-02,STS-003,Quotation,Toyota Land Cruiser 4x4 for PRJ-2024-006,1,Litres,42220300.0,42220300.0,TZS,2025-02-14,2025-03-22,,,,,,,,3,False,PC-2025-074,
PRC-2025-1571,GRT-2023-002,PRJ-2023-004,BDL-0024,VND-0084,LOC-ARU-002,FP-2025-08,STS-009,Quotation,Indigenous Tree Seedlings for PRJ-2023-004,8588,Boxes,600.0,5152800.0,TZS,2025-08-28,2025-09-26,24-Sep-2025,GRN-2025-1571,INV-VND-2025-1571,2025-10-01,31-Oct-2025,2025-10-26,EXP-82351,5,False,PC-2025-005,
PRC-2025-1572,GRT-2024-001,PRJ-2024-001,BDL-0090,VND-0046,LOC-MAN-001,FP-2025-05,STS-008,Quotation,Indigenous Tree Seedlings for PRJ-2024-001,12352,Kg,700.0,8646400.0,TZS,2025-05-06,2025-06-07,13-Jun-2025,GRN-2025-1572,INV-VND-2025-1572,2025-06-20,,,,4,False,PC-2025-168,
PRC-2025-1573,GRT-2024-001,PRJ-2024-001,BDL-0088,VND-0076,LOC-MAN-001,FP-2025-02,STS-009,Direct Purchase,Network Switch for PRJ-2024-001,1,Litres,365500.0,365500.0,TZS,2025-02-04,2025-02-13,2025-02-18,GRN-2025-1573,INV-VND-2025-1573,2025-02-23,2025-03-25,,EXP-12382,1,False,,
PRC-2025-1574,GRT-2024-001,PRJ-2024-007,BDL-0095,VND-0032,LOC-ARU-002,FP-2025-02,STS-008,Direct Purchase,Flipchart Paper Pad for PRJ-2024-007,26,Litres,18500.0,481000.0,TZS,2025-02-21,2025-03-31,2025-03-28,GRN-2025-1574,INV-VND-2025-1574,2025-04-02,,,,1,False,,
PRC-2025-1575,GRT-2024-001,PRJ-2024-001,BDL-0095,VND-0115,LOC-MAN-001,FP-2025-07,STS-010,Quotation,Motorcycle Honda for PRJ-2024-001,1,Sets,4111500.0,4111500.0,TZS,2025-07-31,2025-08-16,2025-08-24,GRN-2025-1575,INV-VND-2025-1575,2025-08-25,2025-09-24,2025-09-19,EXP-38709,4,False,,
PRC-2025-1576,GRT-2023-001,PRJ-2023-011,BDL-0021,VND-0116,LOC-MAN-001,FP-2025-03,STS-009,Quotation,Sunflower Seeds 1kg for PRJ-2023-011,111,Units,13700.0,1520700.0,TZS,2025-03-17,2025-04-22,2025-04-26,GRN-2025-1576,INV-VND-2025-1576,2025-04-27,2025-05-27,,EXP-22327,5,False,PC-2025-166,
PRC-2025-1577,GRT-2023-004,PRJ-2023-009,BDL-0108,VND-0128,LOC-MAN-003,FP-2025-06,STS-009,Quotation,Toyota Hilux Double Cab for PRJ-2023-009,1,Sets,36548400.0,36548400.0,TZS,2025-06-10,2025-07-10,2025-07-15,GRN-2025-1577,INV-VND-2025-1577,2025-07-21,2025-08-20,2025-08-19,EXP-38730,7,False,PC-2025-107,
PRC-2025-1578,GRT-2024-001,PRJ-2024-002,BDL-0088,VND-0047,LOC-KIL-004,FP-2025-05,STS-007,Quotation,Participant Bags for PRJ-2024-002,50,Pieces,27500.0,1375000.0,TZS,2025-05-28,2025-06-21,2025-06-18,GRN-2025-1578,,,,,,4,False,PC-2025-169,
PRC-2025-1579,GRT-2023-002,PRJ-2023-012,BDL-0028,VND-0097,LOC-ARU-001,FP-2025-01,STS-003,Quotation,Toyota Land Cruiser 4x4 for PRJ-2023-012,1,Pieces,43378100.0,43378100.0,TZS,2025-01-19,2025-03-03,,,,,,,,5,False,PC-2025-089,
PRC-2025-1580,GRT-2024-001,PRJ-2024-002,BDL-0083,VND-0107,LOC-KIL-004,FP-2025-02,STS-005,Quotation,Cement Bags for PRJ-2024-002,253,Boxes,27100.0,6856300.0,TZS,2025-02-20,2025-03-08,,,,,,,,3,False,PC-2025-113,
PRC-2025-1581,GRT-2024-004,PRJ-2024-006,BDL-0213,VND-0092,LOC-MAN-002,FP-2025-08,STS-008,Quotation,Conference Table for PRJ-2024-006,1,Litres,1154200.0,1154200.0,TZS,2025-08-22,2025-09-26,2025-10-02,GRN-2025-1581,INV-VND-2025-1581,2025-10-07,,,,3,False,,
PRC-2025-1582,GRT-2024-003,PRJ-2024-005,BDL-0183,VND-0112,LOC-ARU-004,FP-2025-09,STS-007,Quotation,Sunflower Seeds 1kg for PRJ-2024-005,282,Units,14200.0,4004400.0,TZS,2025-09-25,2025-10-12,2025-10-21,GRN-2025-1582,,,,,,3,False,PC-2025-052,
PRC-2025-1583,GRT-2023-005,PRJ-2023-010,BDL-0153,VND-0058,LOC-KIL-001,FP-2025-04,STS-009,Quotation,Iron Sheets for PRJ-2023-010,82,Units,40900.0,3353800.0,TZS,2025-04-30,2025-05-13,2025-05-25,GRN-2025-1583,INV-VND-2025-1583,2025-05-26,2025-06-25,,EXP-15404,3,False,,
PRC-2025-1584,GRT-2024-002,PRJ-2024-004,BDL-0166,VND-0061,LOC-MAN-004,FP-2025-03,STS-002,Direct Purchase,Pens and Pencils Box for PRJ-2024-004,43,Litres,11200.0,481600.0,TZS,2025-03-17,2025-05-01,,,,,,,,1,False,,
PRC-2025-1585,GRT-2021-001,PRJ-2023-007,BDL-0192,VND-0023,LOC-ARU-001,FP-2025-02,STS-006,Quotation,Bean Seeds 2kg for PRJ-2023-007,403,Litres,12400.0,4997200.0,TZS,2025-02-28,2025-03-27,,,,,,,,3,False,PC-2025-093,
PRC-2025-1586,GRT-2024-002,PRJ-2024-004,BDL-0165,VND-0117,LOC-MAN-004,FP-2025-09,STS-010,Quotation,Office Desk for PRJ-2024-004,9,Boxes,651700.0,5865300.0,TZS,2025-09-25,2025-11-06,2025-11-07,GRN-2025-1586,INV-VND-2025-1586,2025-11-10,2025-12-10,,EXP-29191,4,False,PC-2025-080,
PRC-2025-1587,GRT-2023-001,PRJ-2023-011,BDL-0020,VND-0013,LOC-MAN-001,FP-2025-09,STS-010,Quotation,Toner Cartridge for PRJ-2023-011,14,Sets,47400.0,663600.0,TZS,2025-09-16,2025-10-15,2025-10-17,GRN-2025-1587,INV-VND-2025-1587,2025-10-21,2025-11-20,2025-11-14,EXP-59043,5,False,,
PRC-2025-1588,GRT-2023-001,PRJ-2023-011,BDL-0007,VND-0014,LOC-MAN-001,FP-2025-04,STS-001,Quotation,Flipchart Paper Pad for PRJ-2023-011,37,Boxes,19600.0,725200.0,TZS,2025-04-04,2025-04-12,,,,,,,,5,False,,
PRC-2025-1589,GRT-2023-001,PRJ-2023-001,BDL-0021,VND-0048,LOC-KIL-001,FP-2025-10,STS-009,Quotation,Vegetable Seed Pack for PRJ-2023-001,371,Boxes,9400.0,3487400.0,TZS,2025-10-13,2025-10-30,2025-10-29,GRN-2025-1589,INV-VND-2025-1589,2025-11-02,2025-12-02,2025-12-01,EXP-53276,5,False,PC-2025-115,
PRC-2025-1590,GRT-2024-001,PRJ-2024-007,BDL-0090,VND-0048,LOC-ARU-002,FP-2025-06,STS-009,Quotation,Vegetable Seed Pack for PRJ-2024-007,662,Sets,8400.0,5560800.0,TZS,2025-06-23,2025-07-23,2025-07-28,GRN-2025-1590,INV-VND-2025-1590,2025-07-29,2025-08-28,2025-10-12,EXP-85233,3,False,PC-2025-130,
PRC-2025-1591,GRT-2024-002,PRJ-2024-003,BDL-0154,VND-0021,LOC-ARU-003,FP-2025-01,STS-009,Quotation,Iron Sheets for PRJ-2024-003,65,Kg,44600.0,2899000.0,TZS,2025-01-31,2025-03-16,2025-03-14,GRN-2025-1591,INV-VND-2025-1591,2025-03-15,2025-04-14,2025-04-12,EXP-22450,3,False,PC-2025-190,
PRC-2025-1592,GRT-2024-001,PRJ-2024-007,BDL-0096,VND-0014,LOC-ARU-002,FP-2025-05,STS-010,Quotation,Dell Laptop Computer for PRJ-2024-007,1,Kg,1802600.0,1802600.0,TZS,2025-05-01,2025-05-28,2025-05-30,GRN-2025-1592,,2025-06-03,2025-07-03,2025-07-01,EXP-60229,3,False,PC-2025-159,
PRC-2025-1593,GRT-2024-001,PRJ-2024-001,BDL-0084,VND-0099,LOC-MAN-001,FP-2025-06,STS-009,Quotation,Dell Laptop Computer for PRJ-2024-001,1,Units,1658600.0,1658600.0,TZS,2025-06-26,08-01-2025,2025-08-06,GRN-2025-1593,INV-VND-2025-1593,2025-08-13,2025-09-12,2025-10-27,EXP-85059,4,False,PC-2025-031,
PRC-2025-1594,GRT-2023-005,PRJ-2023-010,BDL-0142,VND-0051,LOC-KIL-001,FP-2025-01,STS-006,Quotation,Eucalyptus Seedlings for PRJ-2023-010,6038,Sets,800.0,4830400.0,TZS,2025-01-29,2025-02-14,,,,,,,,4,False,,
PRC-2025-1595,GRT-2024-002,PRJ-2024-004,BDL-0167,VND-0130,LOC-MAN-004,FP-2025-06,STS-008,Quotation,Office Desk for PRJ-2024-004,3,Kg,679400.0,2038200.0,TZS,2025-06-11,2025-06-23,2025-06-29,GRN-2025-1595,INV-VND-2025-1595,2025-07-02,,,,3,False,PC-2025-094,
PRC-2025-1596,GRT-2023-001,PRJ-2023-011,BDL-0012,VND-0133,LOC-MAN-001,FP-2025-10,STS-009,Direct Purchase,Computer Accessories Set for PRJ-2023-011,1,Units,397600.0,397600.0,TZS,2025-10-10,2025-11-24,2025-11-24,GRN-2025-1596,INV-VND-2025-1596,2025-11-30,2025-12-30,2025-12-27,EXP-22928,1,False,,
PRC-2025-1597,GRT-2024-002,PRJ-2024-003,BDL-0163,VND-0089,LOC-ARU-003,FP-2025-05,STS-009,Tender,Malaria Rapid Test Kits Box for PRJ-2024-003,93,Litres,317500.0,29527500.0,TZS,2025-05-30,2025-06-11,2025-06-26,GRN-2025-1597,INV-VND-2025-1597,06-27-2025,27/07/2025,2025-07-21,EXP-88264,3,False,PC-2025-190,
PRC-2025-1598,GRT-2023-001,PRJ-2023-011,BDL-0013,VND-0061,LOC-MAN-001,FP-2025-05,STS-004,Quotation,Toner Cartridge for PRJ-2023-011,13,Kg,47800.0,621400.0,TZS,2025-05-04,2025-06-14,,,,,,,,3,False,,
PRC-2025-1599,GRT-2023-004,PRJ-2023-008,BDL-0110,VND-0036,LOC-MAN-002,FP-2025-06,STS-003,Quotation,Filing Cabinet for PRJ-2023-008,5,Sets,382100.0,1910500.0,TZS,2025-06-26,2025-07-21,,,,,,,,3,False,,
PRC-2025-1600,GRT-2024-001,PRJ-2024-001,BDL-0085,VND-0077,LOC-MAN-001,FP-2025-03,STS-010,Quotation,Bean Seeds 2kg for PRJ-2024-001,272,Units,12900.0,3508800.0,TZS,2025-03-18,2025-04-10,2025-04-22,GRN-2025-1600,INV-VND-2025-1600,2025-04-25,2025-05-25,,EXP-28939,4,False,PC-2025-170,
PRC-2025-1601,GRT-2024-004,PRJ-2024-006,BDL-0218,VND-0137,LOC-MAN-002,FP-2025-04,STS-009,Tender,Oral Rehydration Salts for PRJ-2024-006,171,Boxes,39700.0,6788700.0,TZS,2025-04-01,2025-04-23,2025-04-28,GRN-2025-1601,INV-VND-2025-1601,2025-05-02,2025-06-01,2025-05-30,EXP-18471,3,False,PC-2025-161,
PRC-2025-1602,GRT-2024-001,PRJ-2024-002,BDL-0092,VND-0012,LOC-KIL-004,FP-2025-08,STS-009,Quotation,Paracetamol Tablets for PRJ-2024-002,394,Kg,31700.0,12489800.0,TZS,2025-08-20,2025-09-11,2025-09-11,GRN-2025-1602,INV-VND-2025-1602,2025-09-12,2025-10-12,2025-10-04,EXP-88462,4,False,PC-2025-165,
PRC-2025-1603,GRT-2023-001,PRJ-2023-001,BDL-0009,VND-0130,LOC-KIL-001,FP-2025-05,STS-010,Tender,Indigenous Tree Seedlings for PRJ-2023-001,14303,Units,600.0,8581800.0,TZS,2025-05-18,2025-06-09,2025-06-14,GRN-2025-1603,INV-VND-2025-1603,2025-06-17,2025-07-17,2025-07-07,EXP-89784,6,False,PC-2025-079,
PRC-2025-1604,GRT-2023-001,PRJ-2023-011,BDL-0011,VND-0097,LOC-MAN-001,FP-2025-09,STS-009,Quotation,Manila Files Box for PRJ-2023-011,41,Boxes,13600.0,557600.0,TZS,2025-09-01,2025-09-25,2025-09-22,GRN-2025-1604,INV-VND-2025-1604,2025-09-25,2025-10-25,,EXP-52932,5,False,PC-2025-030,
PRC-2025-1605,GRT-2021-001,PRJ-2023-007,BDL-0209,VND-0049,LOC-ARU-001,FP-2025-06,STS-007,Quotation,Toyota Hilux Double Cab for PRJ-2023-007,1,Litres,36319300.0,36319300.0,TZS,2025-06-01,10-Jun-2025,2025-06-19,GRN-2025-1605,,,,,,3,False,PC-2025-153,
PRC-2025-1606,GRT-2023-001,PRJ-2023-002,BDL-0013,VND-0058,LOC-KIL-002,FP-2025-04,STS-004,Quotation,HP Desktop Computer for PRJ-2023-002,1,Sets,1547600.0,1547600.0,TZS,2025-04-01,2025-04-18,,,,,,,,4,False,,
PRC-2025-1607,GRT-2021-001,PRJ-2023-007,BDL-0206,VND-0053,LOC-ARU-001,FP-2025-05,STS-004,Direct Purchase,External Hard Drive for PRJ-2023-007,1,Sets,182700.0,182700.0,TZS,2025-05-28,2025-06-09,,,,,,,,1,False,,
PRC-2025-1608,GRT-2023-001,PRJ-2023-011,BDL-0008,VND-0067,LOC-MAN-001,FP-2025-02,STS-006,Quotation,Toyota Land Cruiser 4x4 for PRJ-2023-011,1,Litres,43982100.0,43982100.0,TZS,2025-02-01,2025-03-08,,,,,,,,3,False,PC-2025-156,
PRC-2025-1609,GRT-2023-003,PRJ-2023-013,BDL-0070,VND-0137,LOC-ARU-001,FP-2025-01,STS-010,Quotation,Notebooks Pack for PRJ-2023-013,199,Sets,7900.0,1572100.0,TZS,2025-01-16,2025-02-28,2025-03-08,GRN-2025-1609,INV-VND-2025-1609,2025-03-15,2025-04-14,2025-04-06,EXP-74447,4,False,PC-2025-058,
PRC-2025-1610,GRT-2024-004,PRJ-2024-006,BDL-0213,VND-0012,LOC-MAN-002,FP-2025-02,STS-010,Quotation,HP Desktop Computer for PRJ-2024-006,1,Pieces,1289800.0,1289800.0,TZS,2025-02-21,2025-03-15,2025-03-18,GRN-2025-1610,INV-VND-2025-1610,2025-03-19,2025-04-18,2025-04-15,EXP-58884,4,False,,
PRC-2025-1611,GRT-2022-004,PRJ-2023-005,BDL-0123,VND-0097,LOC-KIL-001,FP-2025-06,STS-010,Tender,Toyota Land Cruiser 4x4 for PRJ-2023-005,1,Sets,49335200.0,49335200.0,TZS,2025-06-19,2025-07-09,2025-07-24,GRN-2025-1611,INV-VND-2025-1611,2025-07-25,2025-08-24,2025-08-24,EXP-79047,6,False,PC-2025-016,
PRC-2025-1612,GRT-2023-003,PRJ-2023-006,BDL-0065,VND-0084,LOC-KIL-001,FP-2025-08,STS-009,Direct Purchase,Manila Files Box for PRJ-2023-006,25,Boxes,17200.0,430000.0,TZS,2025-08-31,2025-09-11,2025-09-19,GRN-2025-1612,INV-VND-2025-1612,2025-09-21,2025-10-21,2025-11-23,EXP-81231,1,False,,
PRC-2025-1613,GRT-2023-004,PRJ-2023-008,BDL-0117,VND-0008,LOC-MAN-002,FP-2025-07,STS-007,Quotation,Blood Pressure Monitors for PRJ-2023-008,5,Units,341700.0,1708500.0,TZS,2025-07-21,2025-08-17,2025-08-23,GRN-2025-1613,,,,,,5,False,,
PRC-2025-1614,GRT-2024-004,PRJ-2024-006,BDL-0226,VND-0136,LOC-MAN-002,FP-2025-05,STS-009,Quotation,Improved Maize Seed 5kg for PRJ-2024-006,750,Pieces,19700.0,14775000.0,TZS,2025-05-13,2025-06-22,2025-06-29,GRN-2025-1614,INV-VND-2025-1614,2025-07-01,2025-07-31,2025-07-23,EXP-46743,7,False,PC-2025-046,
PRC-2025-1615,GRT-2023-002,PRJ-2023-004,BDL-0032,VND-0064,LOC-ARU-002,FP-2025-08,STS-003,Quotation,Toner Cartridge for PRJ-2023-004,33,Kg,44800.0,1478400.0,TZS,2025-08-08,2025-08-28,,,,,,,,4,False,PC-2025-175,
PRC-2025-1616,GRT-2023-002,PRJ-2023-004,BDL-0040,VND-0059,LOC-ARU-002,FP-2025-05,STS-009,Quotation,Malaria Rapid Test Kits Box for PRJ-2023-004,69,Boxes,286300.0,19754700.0,TZS,2025-05-12,2025-06-19,2025-07-01,GRN-2025-1616,INV-VND-2025-1616,2025-07-05,2025-08-04,,EXP-73654,4,False,PC-2025-066,
PRC-2025-1617,GRT-2022-004,PRJ-2023-005,BDL-0122,VND-0099,LOC-KIL-001,FP-2025-09,STS-007,Tender,Vegetable Seed Pack for PRJ-2023-005,784,Sets,8300.0,6507200.0,TZS,2025-09-16,2025-10-08,2025-10-09,GRN-2025-1617,,,,,,6,False,PC-2025-144,
PRC-2025-1618,GRT-2023-003,PRJ-2023-013,BDL-0061,VND-0064,LOC-ARU-001,FP-2025-04,STS-010,Quotation,Paracetamol Tablets for PRJ-2023-013,342,Litres,31800.0,10875600.0,TZS,2025-04-06,2025-04-15,2025-04-23,GRN-2025-1618,INV-VND-2025-1618,2025-04-30,2025-05-30,2025-05-21,EXP-12974,4,False,PC-2025-007,
PRC-2025-1619,GRT-2023-004,PRJ-2023-009,BDL-0108,VND-0073,LOC-MAN-003,FP-2025-04,STS-007,Quotation,Indigenous Tree Seedlings for PRJ-2023-009,9360,Units,700.0,6552000.0,TZS,2025-04-19,2025-04-28,2025-05-05,GRN-2025-1619,,,,,,6,False,PC-2025-068,
PRC-2025-1620,GRT-2024-001,PRJ-2024-002,BDL-0096,VND-0009,LOC-KIL-004,FP-2025-05,STS-009,Quotation,Manila Files Box for PRJ-2024-002,84,Kg,13700.0,1150800.0,TZS,2025-05-19,2025-05-28,2025-05-25,GRN-2025-1620,INV-VND-2025-1620,2025-05-28,2025-06-27,2025-06-26,EXP-49743,5,False,PC-2025-101,
PRC-2025-1621,GRT-2024-001,PRJ-2024-001,BDL-0099,VND-0128,LOC-MAN-001,FP-2025-07,STS-006,Quotation,Reams of A4 Paper for PRJ-2024-001,112,Litres,4900.0,548800.0,TZS,2025-07-17,2025-08-09,,,,,,,,3,False,PC-2025-075,
PRC-2025-1622,GRT-2024-002,PRJ-2024-003,BDL-0167,VND-0011,LOC-ARU-003,FP-2025-04,STS-003,Quotation,Iron Sheets for PRJ-2024-003,89,Units,45000.0,4005000.0,TZS,2025-04-23,2025-06-02,,,,,,,,3,False,PC-2025-081,
PRC-2025-1623,GRT-2023-002,PRJ-2023-004,BDL-0034,VND-0122,LOC-ARU-002,FP-2025-03,STS-007,Quotation,Eucalyptus Seedlings for PRJ-2023-004,6676,Sets,700.0,4673200.0,TZS,2025-03-11,2025-04-08,2025-04-05,GRN-2025-1623,,,,,,5,False,PC-2025-085,
PRC-2025-1624,GRT-2023-001,PRJ-2023-011,BDL-0016,VND-0142,LOC-MAN-001,FP-2025-08,STS-009,Quotation,Dell Laptop Computer for PRJ-2023-011,1,Sets,2021700.0,2021700.0,TZS,2025-08-08,2025-09-14,2025-09-12,GRN-2025-1624,INV-VND-2025-1624,2025-09-15,2025-10-15,2025-10-14,EXP-64171,3,False,,
PRC-2025-1625,GRT-2024-001,PRJ-2024-001,BDL-0085,VND-0044,LOC-MAN-001,FP-2025-06,STS-004,Quotation,Cement Bags for PRJ-2024-001,360,Litres,31200.0,11232000.0,TZS,2025-06-06,2025-07-14,,,,,,,,6,False,PC-2025-162,
PRC-2025-1626,GRT-2024-001,PRJ-2024-001,BDL-0099,VND-0139,LOC-MAN-001,FP-2025-04,STS-006,Quotation,Manila Files Box for PRJ-2024-001,74,Boxes,14900.0,1102600.0,TZS,2025-04-04,2025-04-29,,,,,,,,5,False,PC-2025-066,
PRC-2025-1627,GRT-2023-001,PRJ-2023-011,BDL-0014,VND-0030,LOC-MAN-001,FP-2025-03,STS-006,Direct Purchase,Markers Set for PRJ-2023-011,35,Sets,10900.0,381500.0,TZS,2025-03-31,2025-04-29,,,,,,,,1,False,,
PRC-2025-1628,GRT-2024-003,PRJ-2024-005,BDL-0183,VND-0058,LOC-ARU-004,FP-2025-04,STS-009,Quotation,Participant Bags for PRJ-2024-005,113,Units,28400.0,3209200.0,TZS,2025-04-22,2025-05-22,2025-05-24,GRN-2025-1628,INV-VND-2025-1628,2025-05-27,2025-06-26,,EXP-96221,3,False,PC-2025-178,
PRC-2025-1629,GRT-2024-002,PRJ-2024-003,BDL-0167,VND-0129,LOC-ARU-003,FP-2025-08,STS-010,Direct Purchase,Network Switch for PRJ-2024-003,1,Kg,404800.0,404800.0,TZS,2025-08-31,07/10/2025,2025-10-19,GRN-2025-1629,INV-VND-2025-1629,2025-10-20,2025-11-19,2025-11-14,EXP-69019,1,False,,
PRC-2025-1630,GRT-2023-003,PRJ-2023-013,BDL-0080,VND-0132,LOC-ARU-001,FP-2025-05,STS-010,Quotation,Training Handouts Printing for PRJ-2023-013,139,Sets,34900.0,4851100.0,TZS,2025-05-31,2025-07-12,2025-07-17,GRN-2025-1630,INV-VND-2025-1630,2025-07-23,2025-08-22,,EXP-95786,5,False,PC-2025-056,
PRC-2025-1631,GRT-2024-001,PRJ-2024-007,BDL-0093,VND-0106,LOC-ARU-002,FP-2025-03,STS-004,Direct Purchase,Markers Set for PRJ-2024-007,36,Sets,13000.0,468000.0,TZS,2025-03-29,2025-05-05,,,,,,,,1,False,,
PRC-2025-1632,GRT-2024-001,PRJ-2024-007,BDL-0091,VND-0080,LOC-ARU-002,FP-2025-04,STS-009,Quotation,Conference Table for PRJ-2024-007,1,Sets,1202900.0,1202900.0,TZS,2025-04-20,2025-05-26,2025-06-05,GRN-2025-1632,INV-VND-2025-1632,2025-06-08,2025-07-08,2025-07-06,EXP-94072,4,False,PC-2025-157,
PRC-2025-1633,GRT-2024-003,PRJ-2024-005,BDL-0182,VND-0130,LOC-ARU-004,FP-2025-03,STS-010,Direct Purchase,Flipchart Paper Pad for PRJ-2024-005,22,Units,17500.0,385000.0,TZS,2025-03-13,2025-04-13,2025-04-16,GRN-2025-1633,INV-VND-2025-1633,2025-04-20,2025-05-20,2025-05-20,EXP-99993,1,False,,
PRC-2025-1634,GRT-2024-004,PRJ-2024-006,BDL-0214,VND-0005,LOC-MAN-002,FP-2025-06,STS-006,Direct Purchase,Flipchart Paper Pad for PRJ-2024-006,10,Boxes,16500.0,165000.0,TZS,2025-06-21,2025-08-04,,,,,,,,1,False,,
PRC-2025-1635,GRT-2024-001,PRJ-2024-007,BDL-0088,VND-0083,LOC-ARU-002,FP-2025-03,STS-007,Tender,Improved Maize Seed 5kg for PRJ-2024-007,664,Units,16600.0,11022400.0,TZS,2025-03-16,2025-03-30,2025-04-01,GRN-2025-1635,,,,,,7,False,PC-2025-164,
PRC-2025-1636,GRT-2023-002,PRJ-2023-004,BDL-0030,VND-0016,LOC-ARU-002,FP-2025-04,STS-005,Direct Purchase,UPS Battery for PRJ-2023-004,1,Sets,414200.0,414200.0,TZS,2025-04-21,2025-05-12,,,,,,,,1,False,,
PRC-2025-1637,GRT-2023-004,PRJ-2023-009,BDL-0104,VND-0085,LOC-MAN-003,FP-2025-06,STS-009,Quotation,Bean Seeds 2kg for PRJ-2023-009,400,Kg,11400.0,4560000.0,TZS,2025-06-10,2025-06-27,2025-07-10,GRN-2025-1637,INV-VND-2025-1637,2025-07-14,2025-08-13,2025-08-06,EXP-41630,4,False,PC-2025-092,
PRC-2025-1638,GRT-2022-003,PRJ-2023-003,BDL-0056,VND-0085,LOC-KIL-003,FP-2025-07,STS-010,Direct Purchase,External Hard Drive for PRJ-2023-003,1,Sets,164100.0,164100.0,TZS,2025-07-14,2025-08-02,2025-08-04,GRN-2025-1638,INV-VND-2025-1638,2025-08-09,2025-09-08,2025-09-04,EXP-95804,1,False,,
PRC-2025-1639,GRT-2024-004,PRJ-2024-006,BDL-0226,VND-0104,LOC-MAN-002,FP-2025-09,STS-009,Quotation,HP Desktop Computer for PRJ-2024-006,1,Sets,1598600.0,1598600.0,TZS,2025-09-26,2025-11-06,2025-11-15,GRN-2025-1639,INV-VND-2025-1639,2025-11-16,2025-12-16,2025-12-22,EXP-68079,4,False,PC-2025-043,
PRC-2025-1640,GRT-2024-001,PRJ-2024-002,BDL-0098,VND-0018,LOC-KIL-004,FP-2025-03,STS-001,Quotation,Cement Bags for PRJ-2024-002,142,Kg,27200.0,3862400.0,TZS,2025-03-08,2025-04-20,,,,,,,,4,False,PC-2025-020,
PRC-2025-1641,GRT-2023-003,PRJ-2023-006,BDL-0074,VND-0058,LOC-KIL-001,FP-2025-05,STS-003,Tender,Cement Bags for PRJ-2023-006,187,Kg,28000.0,5236000.0,TZS,02/05/2025,2025-06-01,,,,,,,,5,False,PC-2025-008,
PRC-2025-1642,GRT-2024-002,PRJ-2024-004,BDL-0168,VND-0064,LOC-MAN-004,FP-2025-09,STS-009,Quotation,Paracetamol Tablets for PRJ-2024-004,117,Sets,25500.0,2983500.0,TZS,2025-09-08,2025-10-02,2025-10-17,GRN-2025-1642,,2025-10-21,2025-11-20,,EXP-75492,5,False,,
PRC-2025-1643,GRT-2023-001,PRJ-2023-001,BDL-0004,VND-0117,LOC-KIL-001,FP-2025-05,STS-009,Quotation,Toyota Hilux Double Cab for PRJ-2023-001,1,Pieces,35416700.0,35416700.0,TZS,2025-05-28,2025-06-04,2025-06-01,GRN-2025-1643,INV-VND-2025-1643,2025-06-03,2025-07-03,2025-06-28,EXP-45379,4,False,PC-2025-186,
PRC-2025-1644,GRT-2023-001,PRJ-2023-011,BDL-0003,VND-0134,LOC-MAN-001,FP-2025-03,STS-010,Quotation,Reams of A4 Paper for PRJ-2023-011,387,Kg,4900.0,1896300.0,TZS,2025-03-13,2025-04-25,2025-05-02,GRN-2025-1644,INV-VND-2025-1644,2025-05-09,2025-06-08,2025-06-08,EXP-29805,3,False,PC-2025-081,
PRC-2025-1645,GRT-2023-001,PRJ-2023-002,BDL-0011,VND-0074,LOC-KIL-002,FP-2025-05,STS-007,Quotation,Fruit Tree Seedlings for PRJ-2023-002,1449,Units,1200.0,1738800.0,TZS,2025-05-28,2025-06-07,2025-06-16,GRN-2025-1645,,,,,,3,False,,
PRC-2025-1646,GRT-2023-004,PRJ-2023-009,BDL-0103,VND-0138,LOC-MAN-003,FP-2025-03,STS-009,Quotation,Toyota Hilux Double Cab for PRJ-2023-009,1,Sets,29675000.0,29675000.0,TZS,2025-03-05,2025-04-05,2025-04-03,GRN-2025-1646,INV-VND-2025-1646,2025-04-08,2025-05-08,2025-05-17,EXP-84386,5,False,PC-2025-144,
PRC-2025-1647,GRT-2023-001,PRJ-2023-002,BDL-0009,VND-0095,LOC-KIL-002,FP-2025-05,STS-010,Tender,Improved Maize Seed 5kg for PRJ-2023-002,926,Boxes,20300.0,18797800.0,TZS,2025-05-28,2025-06-13,2025-06-22,GRN-2025-1647,INV-VND-2025-1647,2025-06-28,2025-07-28,2025-09-05,EXP-17941,4,False,PC-2025-160,
PRC-2025-1648,GRT-2023-003,PRJ-2023-013,BDL-0075,VND-0117,LOC-ARU-001,FP-2025-01,STS-010,Quotation,Toyota Hilux Double Cab for PRJ-2023-013,1,Pieces,34605000.0,34605000.0,TZS,2025-01-17,2025-02-21,2025-03-02,GRN-2025-1648,INV-VND-2025-1648,2025-03-03,2025-04-02,2025-04-02,EXP-15779,5,False,PC-2025-039,
PRC-2025-1649,GRT-2023-005,PRJ-2023-010,BDL-0150,VND-0002,LOC-KIL-001,FP-2025-08,STS-009,Quotation,Notebooks Pack for PRJ-2023-010,87,Boxes,9500.0,826500.0,TZS,2025-08-24,2025-08-31,2025-08-30,GRN-2025-1649,,2025-09-06,2025-10-06,2025-10-05,EXP-80370,3,False,,
PRC-2025-1650,GRT-2023-001,PRJ-2023-011,BDL-0016,VND-0033,LOC-MAN-001,FP-2025-05,STS-005,Quotation,Conference Table for PRJ-2023-011,1,Boxes,1107700.0,1107700.0,TZS,2025-05-14,2025-06-09,,,,,,,,5,False,PC-2025-041,
PRC-2025-1651,GRT-2023-003,PRJ-2023-006,BDL-0072,VND-0028,LOC-KIL-001,FP-2025-10,STS-002,Quotation,Iron Sheets for PRJ-2023-006,39,Litres,51200.0,1996800.0,TZS,2025-10-10,2025-11-22,,,,,,,,4,False,PC-2025-072,
PRC-2025-1652,GRT-2024-003,PRJ-2024-005,BDL-0186,VND-0150,LOC-ARU-004,FP-2025-03,STS-006,Quotation,Motorcycle Honda for PRJ-2024-005,1,Units,4435000.0,4435000.0,TZS,2025-03-05,2025-03-12,,,,,,,,4,False,,
PRC-2025-1653,GRT-2023-003,PRJ-2023-006,BDL-0062,VND-0042,LOC-KIL-001,FP-2025-03,STS-010,Quotation,Paracetamol Tablets for PRJ-2023-006,118,Pieces,31500.0,3717000.0,TZS,2025-03-10,2025-04-06,2025-04-06,GRN-2025-1653,INV-VND-2025-1653,2025-04-10,2025-05-10,,EXP-64178,4,False,,
PRC-2025-1654,GRT-2024-002,PRJ-2024-003,BDL-0161,VND-0122,LOC-ARU-003,FP-2025-07,STS-010,Quotation,Markers Set for PRJ-2024-003,56,Kg,13200.0,739200.0,TZS,2025-07-18,2025-07-27,2025-08-10,GRN-2025-1654,INV-VND-2025-1654,2025-08-11,2025-09-10,2025-09-06,EXP-12404,5,False,,
PRC-2025-1655,GRT-2024-001,PRJ-2024-001,BDL-0086,VND-0062,LOC-MAN-001,FP-2025-05,STS-010,Quotation,Toner Cartridge for PRJ-2024-001,21,Sets,46600.0,978600.0,TZS,2025-05-18,30-Jun-2025,2025-07-04,GRN-2025-1655,INV-VND-2025-1655,2025-07-11,2025-08-10,2025-09-11,EXP-18123,5,False,PC-2025-074,
PRC-2025-1656,GRT-2024-001,PRJ-2024-007,BDL-0090,VND-0007,LOC-ARU-002,FP-2025-05,STS-010,Quotation,Projector Epson for PRJ-2024-007,1,Units,1220200.0,1220200.0,TZS,2025-05-19,2025-05-29,03/06/2025,GRN-2025-1656,INV-VND-2025-1656,2025-06-05,2025-07-05,2025-06-27,EXP-85621,5,False,PC-2025-014,
PRC-2025-1657,GRT-2023-003,PRJ-2023-013,BDL-0078,VND-0104,LOC-ARU-001,FP-2025-09,STS-007,Quotation,Fruit Tree Seedlings for PRJ-2023-013,2446,Units,1400.0,3424400.0,TZS,2025-09-20,2025-10-16,2025-10-13,GRN-2025-1657,,,,,,5,False,,
PRC-2025-1658,GRT-2023-001,PRJ-2023-001,BDL-0012,VND-0025,LOC-KIL-001,FP-2025-09,STS-005,Quotation,Eucalyptus Seedlings for PRJ-2023-001,4897,Pieces,800.0,3917600.0,TZS,2025-09-11,09-23-2025,,,,,,,,3,False,,
PRC-2025-1659,GRT-2023-003,PRJ-2023-013,BDL-0064,VND-0073,LOC-ARU-001,FP-2025-01,STS-004,Quotation,Improved Maize Seed 5kg for PRJ-2023-013,634,Pieces,17800.0,11285200.0,TZS,2025-01-16,2025-02-23,,,,,,,,5,False,PC-2025-027,
PRC-2025-1660,GRT-2023-003,PRJ-2023-013,BDL-0067,VND-0042,LOC-ARU-001,FP-2025-05,STS-010,Quotation,Participant Bags for PRJ-2023-013,155,Units,23400.0,3627000.0,TZS,2025-05-30,2025-07-04,2025-07-08,GRN-2025-1660,INV-VND-2025-1660,2025-07-15,2025-08-14,2025-08-14,EXP-84363,4,False,PC-2025-144,
PRC-2025-1661,GRT-2024-001,PRJ-2024-001,BDL-0086,VND-0083,LOC-MAN-001,FP-2025-02,STS-010,Quotation,Oral Rehydration Salts for PRJ-2024-001,176,Boxes,36900.0,6494400.0,TZS,2025-02-19,2025-04-03,2025-04-07,GRN-2025-1661,INV-VND-2025-1661,2025-04-11,2025-05-11,2025-05-08,EXP-66449,5,False,PC-2025-138,
PRC-2025-1662,GRT-2023-004,PRJ-2023-009,BDL-0111,VND-0064,LOC-MAN-003,FP-2025-03,STS-007,Direct Purchase,Computer Accessories Set for PRJ-2023-009,1,Sets,362500.0,362500.0,TZS,2025-03-11,2025-04-05,2025-04-14,GRN-2025-1662,,,,,,1,False,,
PRC-2025-1663,GRT-2023-004,PRJ-2023-008,BDL-0107,VND-0007,LOC-MAN-002,FP-2025-10,STS-009,Quotation,Malaria Rapid Test Kits Box for PRJ-2023-008,46,Units,308700.0,14200200.0,TZS,2025-10-10,2025-11-01,11-01-2025,GRN-2025-1663,INV-VND-2025-1663,2025-11-05,2025-12-05,2025-12-19,EXP-52519,4,False,PC-2025-057,
PRC-2025-1664,GRT-2023-005,PRJ-2023-010,BDL-0147,VND-0057,LOC-KIL-001,FP-2025-10,STS-009,Quotation,Toner Cartridge for PRJ-2023-010,29,Litres,44900.0,1302100.0,TZS,2025-10-01,2025-11-15,2025-11-25,GRN-2025-1664,INV-VND-2025-1664,2025-11-27,2025-12-27,2025-12-27,EXP-56782,5,False,PC-2025-042,
PRC-2025-1665,GRT-2023-001,PRJ-2023-001,BDL-0003,VND-0028,LOC-KIL-001,FP-2025-08,STS-004,Quotation,Iron Sheets for PRJ-2023-001,47,Kg,46100.0,2166700.0,TZS,2025-08-05,2025-08-20,,,INV-VND-2025-1647,,,,,5,False,PC-2025-176,
PRC-2025-1666,GRT-2021-001,PRJ-2023-007,BDL-0202,VND-0146,LOC-ARU-001,FP-2025-01,STS-008,Quotation,Motorcycle Honda for PRJ-2023-007,1,Units,4126500.0,4126500.0,TZS,2025-01-22,2025-02-22,2025-03-03,GRN-2025-1666,INV-VND-2025-1666,2025-03-08,,,,4,False,PC-2025-140,
PRC-2025-1667,GRT-2023-004,PRJ-2023-009,BDL-0112,VND-0059,LOC-MAN-003,FP-2025-03,STS-009,Quotation,Toner Cartridge for PRJ-2023-009,26,Pieces,41300.0,1073800.0,TZS,2025-03-07,2025-04-12,2025-04-23,GRN-2025-1667,,2025-04-24,2025-05-24,,EXP-79621,4,False,,
PRC-2025-1668,GRT-2023-004,PRJ-2023-009,BDL-0117,VND-0116,LOC-MAN-003,FP-2025-08,STS-009,Tender,Vegetable Seed Pack for PRJ-2023-009,740,Units,8300.0,6142000.0,TZS,2025-08-01,2025-08-11,2025-08-13,GRN-2025-1668,INV-VND-2025-1668,2025-08-14,2025-09-13,2025-09-05,EXP-13873,6,False,PC-2025-189,
PRC-2025-1669,GRT-2023-001,PRJ-2023-001,BDL-0017,VND-0138,LOC-KIL-001,FP-2025-05,STS-010,Quotation,Cement Bags for PRJ-2023-001,352,Pieces,26700.0,9398400.0,TZS,2025-05-18,2025-06-22,2025-06-22,GRN-2025-1669,INV-VND-2025-1669,2025-06-28,2025-07-28,2025-07-20,EXP-79140,5,False,PC-2025-181,
PRC-2025-1670,GRT-2024-001,PRJ-2024-001,BDL-0088,VND-0097,LOC-MAN-001,FP-2025-05,STS-009,Quotation,Fruit Tree Seedlings for PRJ-2024-001,3946,Boxes,1200.0,4735200.0,TZS,2025-05-21,06-09-2025,2025-06-09,GRN-2025-1670,INV-VND-2025-1670,2025-06-14,2025-07-14,2025-07-11,EXP-15114,5,False,,
PRC-2025-1671,GRT-2023-004,PRJ-2023-009,BDL-0100,VND-0083,LOC-MAN-003,FP-2025-10,STS-009,Quotation,Participant Bags for PRJ-2023-009,94,Sets,28600.0,2688400.0,TZS,2025-10-03,2025-10-30,2025-11-09,GRN-2025-1671,INV-VND-2025-1671,2025-11-11,2025-12-11,2025-12-06,EXP-97030,3,False,PC-2025-030,
PRC-2025-1672,GRT-2023-005,PRJ-2023-010,BDL-0146,VND-0112,LOC-KIL-001,FP-2025-05,STS-005,Quotation,Toner Cartridge for PRJ-2023-010,29,Litres,41600.0,1206400.0,TZS,2025-05-14,2025-06-25,,,,,,,,4,False,,
PRC-2025-1673,GRT-2023-002,PRJ-2023-012,BDL-0041,VND-0099,LOC-ARU-001,FP-2025-08,STS-009,Tender,Toyota Land Cruiser 4x4 for PRJ-2023-012,1,Units,50413200.0,50413200.0,TZS,2025-08-18,2025-09-05,2025-09-20,GRN-2025-1673,INV-VND-2025-1673,2025-09-24,2025-10-24,2025-10-24,EXP-39708,7,False,PC-2025-167,
PRC-2025-1674,GRT-2024-001,PRJ-2024-007,BDL-0088,VND-0080,LOC-ARU-002,FP-2025-02,STS-008,Direct Purchase,Markers Set for PRJ-2024-007,43,Units,10800.0,464400.0,TZS,02-10-2025,2025-02-21,2025-02-22,GRN-2025-1674,INV-VND-2025-1674,2025-02-26,,,,1,False,,
PRC-2025-1675,GRT-2023-001,PRJ-2023-001,BDL-0002,VND-0026,LOC-KIL-001,FP-2025-05,STS-007,Quotation,Conference Table for PRJ-2023-001,1,Sets,1279800.0,1279800.0,TZS,2025-05-22,2025-05-31,2025-05-29,GRN-2025-1675,,,,,,4,False,,
PRC-2025-1676,GRT-2024-001,PRJ-2024-001,BDL-0088,VND-0029,LOC-MAN-001,FP-2025-04,STS-009,Tender,Eucalyptus Seedlings for PRJ-2024-001,8660,Kg,700.0,6062000.0,TZS,2025-04-26,2025-05-13,2025-05-13,GRN-2025-1676,INV-VND-2025-1676,2025-05-17,2025-06-16,2025-06-10,EXP-84652,4,False,PC-2025-015,
PRC-2025-1677,GRT-2023-004,PRJ-2023-009,BDL-0100,VND-0093,LOC-MAN-003,FP-2025-05,STS-010,Quotation,Eucalyptus Seedlings for PRJ-2023-009,9628,Pieces,800.0,7702400.0,TZS,2025-05-26,2025-06-17,2025-06-23,GRN-2025-1677,INV-VND-2025-1677,2025-06-29,2025-07-29,2025-07-19,EXP-64250,4,False,PC-2025-118,
PRC-2025-1678,GRT-2022-003,PRJ-2023-003,BDL-0044,VND-0051,LOC-KIL-003,FP-2025-09,STS-010,Quotation,Motorcycle Honda for PRJ-2023-003,1,Pieces,4694600.0,4694600.0,TZS,2025-09-27,2025-10-25,2025-11-02,GRN-2025-1678,INV-VND-2025-1678,2025-11-07,2025-12-07,2025-12-02,EXP-83895,4,False,PC-2025-050,
PRC-2025-1679,GRT-2023-001,PRJ-2023-002,BDL-0004,VND-0086,LOC-KIL-002,FP-2025-06,STS-009,Quotation,Malaria Rapid Test Kits Box for PRJ-2023-002,93,Sets,269200.0,25035600.0,TZS,2025-06-06,2025-07-01,2025-07-07,GRN-2025-1679,INV-VND-2025-1679,2025-07-14,2025-08-13,2025-08-11,EXP-87744,7,False,PC-2025-127,
PRC-2025-1680,GRT-2024-003,PRJ-2024-005,BDL-0178,VND-0006,LOC-ARU-004,FP-2025-03,STS-009,Quotation,Filing Cabinet for PRJ-2024-005,5,Pieces,387700.0,1938500.0,TZS,2025-03-08,2025-04-20,2025-04-17,GRN-2025-1680,INV-VND-2025-1680,2025-04-23,2025-05-23,2025-05-13,EXP-19761,5,False,,
PRC-2025-1681,GRT-2022-004,PRJ-2023-005,BDL-0122,VND-0020,LOC-KIL-001,FP-2025-10,STS-005,Tender,Toyota Hilux Double Cab for PRJ-2023-005,1,Litres,31589200.0,31589200.0,TZS,2025-10-06,2025-11-19,,,,,,,,3,False,PC-2025-197,
PRC-2025-1682,GRT-2024-004,PRJ-2024-006,BDL-0218,VND-0015,LOC-MAN-002,FP-2025-05,STS-006,Quotation,Fruit Tree Seedlings for PRJ-2024-006,2050,Sets,1100.0,2255000.0,TZS,30/05/2025,2025-06-23,,,,,,,,3,False,,
PRC-2025-1683,GRT-2023-004,PRJ-2023-008,BDL-0118,VND-0045,LOC-MAN-002,FP-2025-01,STS-010,Quotation,Bean Seeds 2kg for PRJ-2023-008,295,Sets,12100.0,3569500.0,TZS,2025-01-25,2025-03-03,2025-03-06,GRN-2025-1683,INV-VND-2025-1683,2025-03-12,2025-04-11,2025-04-09,EXP-78556,5,False,PC-2025-168,
PRC-2025-1684,GRT-2023-001,PRJ-2023-011,BDL-0018,VND-0006,LOC-MAN-001,FP-2025-01,STS-001,Direct Purchase,Flipchart Paper Pad for PRJ-2023-011,24,Boxes,17900.0,429600.0,TZS,2025-01-27,2025-02-26,,,,,,,,1,False,,
PRC-2025-1685,GRT-2023-004,PRJ-2023-009,BDL-0106,VND-0134,LOC-MAN-003,FP-2025-09,STS-006,Quotation,Fruit Tree Seedlings for PRJ-2023-009,1458,Kg,1400.0,2041200.0,TZS,2025-09-23,2025-10-02,,,,,,,,4,False,PC-2025-156,
PRC-2025-1686,GRT-2024-004,PRJ-2024-006,BDL-0225,VND-0062,LOC-MAN-002,FP-2025-03,STS-009,Tender,Eucalyptus Seedlings for PRJ-2024-006,7752,Kg,900.0,6976800.0,TZS,2025-03-11,2025-04-20,2025-04-26,GRN-2025-1686,INV-VND-2025-1686,2025-04-29,2025-05-29,,EXP-81479,4,False,PC-2025-100,
PRC-2025-1687,GRT-2023-005,PRJ-2023-010,BDL-0151,VND-0124,LOC-KIL-001,FP-2025-09,STS-010,Tender,Indigenous Tree Seedlings for PRJ-2023-010,12681,Kg,600.0,7608600.0,TZS,2025-09-24,2025-10-07,2025-10-15,GRN-2025-1687,INV-VND-2025-1687,2025-10-21,2025-11-20,2025-11-17,EXP-19263,5,False,PC-2025-115,
PRC-2025-1688,GRT-2023-005,PRJ-2023-010,BDL-0150,VND-0085,LOC-KIL-001,FP-2025-10,STS-005,Quotation,Filing Cabinet for PRJ-2023-010,4,Litres,355500.0,1422000.0,TZS,2025-10-12,2025-11-15,,,,,,,,3,False,PC-2025-006,
PRC-2025-1689,GRT-2024-003,PRJ-2024-005,BDL-0175,VND-0058,LOC-ARU-004,FP-2025-04,STS-009,Quotation,HP Desktop Computer for PRJ-2024-005,1,Kg,1339600.0,1339600.0,TZS,2025-04-23,2025-05-06,2025-05-03,GRN-2025-1689,INV-VND-2025-1689,2025-05-05,2025-06-04,2025-05-29,EXP-88391,5,False,PC-2025-014,
PRC-2025-1690,GRT-2023-003,PRJ-2023-006,BDL-0066,VND-0007,LOC-KIL-001,FP-2025-07,STS-009,Direct Purchase,Network Switch for PRJ-2023-006,1,Units,350400.0,350400.0,TZS,2025-07-12,2025-07-29,2025-08-03,GRN-2025-1690,INV-VND-2025-1690,2025-08-05,2025-09-04,2025-09-02,EXP-96026,1,False,,
PRC-2025-1691,GRT-2024-001,PRJ-2024-007,BDL-0095,VND-0078,LOC-ARU-002,FP-2025-04,STS-006,Tender,Indigenous Tree Seedlings for PRJ-2024-007,10896,Boxes,700.0,7627200.0,TZS,2025-04-28,2025-06-09,,,INV-VND-2025-1677,,,,,4,False,PC-2025-163,
PRC-2025-1692,GRT-2022-003,PRJ-2023-003,BDL-0053,VND-0096,LOC-KIL-003,FP-2025-03,STS-007,Direct Purchase,Filing Cabinet for PRJ-2023-003,1,Boxes,384200.0,384200.0,TZS,2025-03-12,2025-04-22,2025-04-23,GRN-2025-1692,,,,,,1,False,,
PRC-2025-1693,GRT-2023-001,PRJ-2023-001,BDL-0016,VND-0103,LOC-KIL-001,FP-2025-02,STS-008,Direct Purchase,Computer Accessories Set for PRJ-2023-001,1,Units,379900.0,379900.0,TZS,2025-02-23,2025-03-28,2025-04-06,GRN-2025-1693,INV-VND-2025-1693,2025-04-12,,,,1,False,,
PRC-2025-1694,GRT-2023-001,PRJ-2023-001,BDL-0006,VND-0084,LOC-KIL-001,FP-2025-08,STS-009,Quotation,Fruit Tree Seedlings for PRJ-2023-001,2360,Pieces,1300.0,3068000.0,TZS,05-Aug-2025,2025-09-04,2025-09-15,GRN-2025-1694,INV-VND-2025-1694,2025-09-21,2025-10-21,2025-11-25,EXP-72874,4,False,PC-2025-095,
PRC-2025-1695,GRT-2024-001,PRJ-2024-001,BDL-0096,VND-0004,LOC-MAN-001,FP-2025-09,STS-006,Quotation,Vegetable Seed Pack for PRJ-2024-001,581,Boxes,9500.0,5519500.0,TZS,2025-09-08,2025-09-29,,,,,,,,6,False,PC-2025-086,
PRC-2025-1696,GRT-2023-001,PRJ-2023-011,BDL-0017,VND-0013,LOC-MAN-001,FP-2025-02,STS-007,Quotation,Office Chair for PRJ-2023-011,13,Boxes,256400.0,3333200.0,TZS,2025-02-12,2025-03-21,2025-03-21,GRN-2025-1696,,,,,,5,False,,
PRC-2025-1697,GRT-2024-001,PRJ-2024-007,BDL-0084,VND-0123,LOC-ARU-002,FP-2025-09,STS-010,Direct Purchase,External Hard Drive for PRJ-2024-007,2,Units,187800.0,375600.0,TZS,2025-09-12,2025-10-17,2025-10-27,GRN-2025-1697,INV-VND-2025-1697,2025-10-28,2025-11-27,2025-11-23,EXP-64055,1,False,,
PRC-2025-1698,GRT-2024-004,PRJ-2024-006,BDL-0217,VND-0147,LOC-MAN-002,FP-2025-07,STS-006,Quotation,Training Handouts Printing for PRJ-2024-006,313,Boxes,35500.0,11111500.0,TZS,2025-07-12,2025-08-13,,,,,,,,5,False,PC-2025-200,
PRC-2025-1699,GRT-2024-004,PRJ-2024-006,BDL-0215,VND-0054,LOC-MAN-002,FP-2025-07,STS-007,Quotation,Manila Files Box for PRJ-2024-006,78,Sets,13700.0,1068600.0,TZS,2025-07-15,2025-07-23,2025-07-23,GRN-2025-1699,,,,,,4,False,PC-2025-066,
PRC-2025-1700,GRT-2024-001,PRJ-2024-002,BDL-0095,VND-0078,LOC-KIL-004,FP-2025-06,STS-010,Quotation,Cement Bags for PRJ-2024-002,183,Boxes,28900.0,5288700.0,TZS,2025-06-21,2025-08-05,2025-08-05,GRN-2025-1700,INV-VND-2025-1700,2025-08-09,2025-09-08,2025-10-03,EXP-17331,5,False,PC-2025-193,
PRC-2025-1701,GRT-2023-004,PRJ-2023-008,BDL-0103,VND-0017,LOC-MAN-002,FP-2025-02,STS-010,Quotation,Dell Laptop Computer for PRJ-2023-008,1,Pieces,1791500.0,1791500.0,TZS,2025-02-08,2025-03-06,2025-03-16,GRN-2025-1701,INV-VND-2025-1701,2025-03-19,2025-04-18,2025-04-18,EXP-55497,5,False,,
PRC-2025-1702,GRT-2022-003,PRJ-2023-003,BDL-0047,VND-0117,LOC-KIL-003,FP-2025-10,STS-008,Quotation,Projector Epson for PRJ-2023-003,1,Units,1230200.0,1230200.0,TZS,2025-10-09,2025-10-20,2025-10-26,GRN-2025-1702,INV-VND-2025-1702,2025-10-27,,,,4,False,,
PRC-2025-1703,GRT-2023-004,PRJ-2023-009,BDL-0105,VND-0133,LOC-MAN-003,FP-2025-07,STS-009,Direct Purchase,Flipchart Paper Pad for PRJ-2023-009,26,Pieces,16300.0,423800.0,TZS,2025-07-10,2025-08-21,2025-08-22,GRN-2025-1703,INV-VND-2025-1703,2025-08-28,27/09/2025,2025-11-10,EXP-94873,1,False,,
PRC-2025-1704,GRT-2024-004,PRJ-2024-006,BDL-0223,VND-0027,LOC-MAN-002,FP-2025-09,STS-007,Quotation,Indigenous Tree Seedlings for PRJ-2024-006,10700,Litres,600.0,6420000.0,TZS,2025-09-11,2025-10-14,2025-10-19,GRN-2025-1704,,,,,,5,False,PC-2025-157,
PRC-2025-1705,GRT-2023-003,PRJ-2023-013,BDL-0079,VND-0148,LOC-ARU-001,FP-2025-03,STS-009,Quotation,Pens and Pencils Box for PRJ-2023-013,89,Sets,13200.0,1174800.0,TZS,2025-03-24,2025-04-09,2025-04-20,GRN-2025-1705,INV-VND-2025-1705,2025-04-24,2025-05-24,2025-05-17,EXP-17191,3,False,,
PRC-2025-1706,GRT-2023-004,PRJ-2023-009,BDL-0108,VND-0027,LOC-MAN-003,FP-2025-08,STS-007,Quotation,HP Desktop Computer for PRJ-2023-009,1,Boxes,1261500.0,1261500.0,TZS,2025-08-10,2025-09-24,2025-09-29,GRN-2025-1706,,,,,,3,False,PC-2025-081,
PRC-2025-1707,GRT-2024-002,PRJ-2024-003,BDL-0161,VND-0071,LOC-ARU-003,FP-2025-04,STS-009,Quotation,Training Handouts Printing for PRJ-2024-003,104,Pieces,38100.0,3962400.0,TZS,2025-04-10,2025-05-07,2025-05-08,GRN-2025-1707,INV-VND-2025-1707,2025-05-14,2025-06-13,2025-06-09,EXP-40766,5,False,,
PRC-2025-1708,GRT-2023-001,PRJ-2023-001,BDL-0016,VND-0144,LOC-KIL-001,FP-2025-02,STS-009,Quotation,Eucalyptus Seedlings for PRJ-2023-001,2592,Sets,900.0,2332800.0,TZS,2025-02-06,2025-03-04,2025-03-17,GRN-2025-1708,INV-VND-2025-1708,2025-03-20,2025-04-19,05-28-2025,EXP-30871,5,False,PC-2025-084,
PRC-2025-1709,GRT-2023-003,PRJ-2023-006,BDL-0081,VND-0039,LOC-KIL-001,FP-2025-03,STS-007,Direct Purchase,Markers Set for PRJ-2023-006,32,Sets,12400.0,396800.0,TZS,2025-03-24,2025-04-08,2025-04-18,GRN-2025-1709,,,,,,1,False,,
PRC-2025-1710,GRT-2022-003,PRJ-2023-003,BDL-0053,VND-0115,LOC-KIL-003,FP-2025-06,STS-010,Quotation,Flipchart Paper Pad for PRJ-2023-003,39,Sets,17200.0,670800.0,TZS,2025-06-10,2025-07-15,2025-07-27,GRN-2025-1710,INV-VND-2025-1710,2025-08-03,2025-09-02,2025-08-25,EXP-76758,4,False,,
PRC-2025-1711,GRT-2024-001,PRJ-2024-002,BDL-0090,VND-0106,LOC-KIL-004,FP-2025-08,STS-009,Quotation,Projector Epson for PRJ-2024-002,1,Kg,1291300.0,1291300.0,TZS,2025-08-02,2025-08-30,2025-09-10,GRN-2025-1711,INV-VND-2025-1711,2025-09-13,2025-10-13,2025-10-03,EXP-73795,5,False,,
PRC-2025-1712,GRT-2021-001,PRJ-2023-007,BDL-0198,VND-0056,LOC-ARU-001,FP-2025-09,STS-009,Tender,Bean Seeds 2kg for PRJ-2023-007,414,Sets,12900.0,5340600.0,TZS,2025-09-01,2025-09-12,2025-09-26,GRN-2025-1712,INV-VND-2025-1712,2025-09-30,2025-10-30,2025-12-01,EXP-84750,3,False,PC-2025-054,
PRC-2025-1713,GRT-2024-001,PRJ-2024-007,BDL-0099,VND-0092,LOC-ARU-002,FP-2025-02,STS-009,Quotation,Notebooks Pack for PRJ-2024-007,154,Boxes,8700.0,1339800.0,TZS,2025-02-13,2025-03-07,17-Mar-2025,GRN-2025-1713,INV-VND-2025-1713,2025-03-23,2025-04-22,2025-05-21,EXP-88446,4,False,PC-2025-180,
PRC-2025-1714,GRT-2023-002,PRJ-2023-012,BDL-0038,VND-0048,LOC-ARU-001,FP-2025-01,STS-010,Quotation,Projector Epson for PRJ-2023-012,1,Boxes,1363000.0,1363000.0,TZS,2025-01-30,2025-03-11,2025-03-10,GRN-2025-1714,INV-VND-2025-1714,11-Mar-2025,2025-04-10,2025-04-06,EXP-88097,5,False,PC-2025-195,
PRC-2025-1715,GRT-2023-004,PRJ-2023-009,BDL-0108,VND-0021,LOC-MAN-003,FP-2025-05,STS-006,Tender,Toyota Land Cruiser 4x4 for PRJ-2023-009,1,Boxes,42455100.0,42455100.0,TZS,2025-05-09,2025-05-20,,,,,,,,6,False,PC-2025-107,
PRC-2025-1716,GRT-2023-004,PRJ-2023-008,BDL-0101,VND-0025,LOC-MAN-002,FP-2025-01,STS-009,Tender,Training Handouts Printing for PRJ-2023-008,387,Units,34800.0,13467600.0,TZS,2025-01-31,2025-02-11,2025-02-24,GRN-2025-1716,INV-VND-2025-1716,2025-02-28,2025-03-30,2025-03-28,EXP-88431,4,False,PC-2025-031,
PRC-2025-1717,GRT-2022-004,PRJ-2023-005,BDL-0125,VND-0025,LOC-KIL-001,FP-2025-06,STS-009,Direct Purchase,External Hard Drive for PRJ-2023-005,2,Boxes,182100.0,364200.0,TZS,2025-06-21,09/07/2025,07-13-2025,GRN-2025-1717,INV-VND-2025-1717,2025-07-17,2025-08-16,2025-08-08,EXP-81361,1,False,,
PRC-2025-1718,GRT-2024-002,PRJ-2024-004,BDL-0156,VND-0043,LOC-MAN-004,FP-2025-09,STS-010,Quotation,Dell Laptop Computer for PRJ-2024-004,1,Kg,1721400.0,1721400.0,TZS,2025-09-07,2025-10-22,24/10/2025,GRN-2025-1718,INV-VND-2025-1718,2025-10-25,2025-11-24,2025-11-14,EXP-32268,3,False,PC-2025-005,
PRC-2025-1719,GRT-2023-003,PRJ-2023-013,BDL-0070,VND-0039,LOC-ARU-001,FP-2025-09,STS-002,Quotation,Vegetable Seed Pack for PRJ-2023-013,569,Pieces,7800.0,4438200.0,TZS,2025-09-10,2025-10-18,,,,,,,,5,False,PC-2025-061,
PRC-2025-1720,GRT-2024-001,PRJ-2024-007,BDL-0083,VND-0010,LOC-ARU-002,FP-2025-04,STS-008,Quotation,Medical Gloves Box for PRJ-2024-007,84,Units,51300.0,4309200.0,TZS,2025-04-20,2025-05-23,05-24-2025,GRN-2025-1720,INV-VND-2025-1720,2025-05-25,,,,4,False,,
PRC-2025-1721,GRT-2024-001,PRJ-2024-002,BDL-0086,VND-0025,LOC-KIL-004,FP-2025-01,STS-007,Quotation,Toyota Land Cruiser 4x4 for PRJ-2024-002,1,Kg,45485200.0,45485200.0,TZS,2025-01-15,2025-02-21,2025-02-27,GRN-2025-1721,,,,,,7,False,PC-2025-039,
PRC-2025-1722,GRT-2023-001,PRJ-2023-002,BDL-0008,VND-0103,LOC-KIL-002,FP-2025-01,STS-010,Quotation,Timber Planks for PRJ-2023-002,122,Sets,14300.0,1744600.0,TZS,2025-01-24,2025-01-31,2025-01-28,GRN-2025-1722,INV-VND-2025-1722,2025-01-31,2025-03-02,2025-03-16,EXP-99347,5,False,PC-2025-026,
PRC-2025-1723,GRT-2023-004,PRJ-2023-008,BDL-0118,VND-0038,LOC-MAN-002,FP-2025-04,STS-009,Quotation,Fruit Tree Seedlings for PRJ-2023-008,2532,Pieces,1300.0,-3291600.0,TZS,2025-04-07,2025-04-17,2025-04-17,GRN-2025-1723,INV-VND-2025-1723,2025-04-24,24-May-2025,15-May-2025,EXP-12786,5,False,,
PRC-2025-1724,GRT-2023-001,PRJ-2023-011,BDL-0012,VND-0143,LOC-MAN-001,FP-2025-07,STS-009,Quotation,Eucalyptus Seedlings for PRJ-2023-011,9393,Litres,900.0,8453700.0,TZS,2025-07-15,2025-07-23,2025-07-28,GRN-2025-1724,INV-VND-2025-1724,2025-08-01,2025-08-31,2025-08-21,EXP-29053,6,False,PC-2025-119,
PRC-2025-1725,GRT-2023-001,PRJ-2023-011,BDL-0006,VND-0081,LOC-MAN-001,FP-2025-07,STS-010,Quotation,Notebooks Pack for PRJ-2023-011,176,Kg,9700.0,1707200.0,TZS,2025-07-30,2025-08-27,2025-08-31,GRN-2025-1725,INV-VND-2025-1725,2025-09-04,2025-10-04,2025-10-03,EXP-43098,4,False,PC-2025-021,
PRC-2025-1726,GRT-2024-001,PRJ-2024-001,BDL-0094,VND-0124,LOC-MAN-001,FP-2025-07,STS-010,Quotation,Manila Files Box for PRJ-2024-001,97,Kg,13700.0,1328900.0,TZS,2025-07-13,2025-08-08,2025-08-20,GRN-2025-1726,INV-VND-2025-1726,2025-08-23,2025-09-22,2025-09-18,EXP-27725,5,False,PC-2025-159,
PRC-2025-1727,GRT-2023-001,PRJ-2023-002,BDL-0021,VND-0004,LOC-KIL-002,FP-2025-09,STS-007,Quotation,Filing Cabinet for PRJ-2023-002,3,Boxes,356300.0,1068900.0,TZS,2025-09-23,2025-10-03,2025-10-13,GRN-2025-1727,,,,,,3,False,,
PRC-2025-1728,GRT-2022-003,PRJ-2023-003,BDL-0056,VND-0106,LOC-KIL-003,FP-2025-01,STS-006,Quotation,Motorcycle Honda for PRJ-2023-003,1,Pieces,4698000.0,4698000.0,TZS,2025-01-31,2025-02-13,,,,,,,,4,False,PC-2025-018,
PRC-2025-1729,GRT-2023-003,PRJ-2023-006,BDL-0078,VND-0119,LOC-KIL-001,FP-2025-03,STS-009,Quotation,Oral Rehydration Salts for PRJ-2023-006,80,Sets,38100.0,3048000.0,TZS,2025-03-08,2025-03-16,2025-03-30,GRN-2025-1729,INV-VND-2025-1729,2025-04-04,2025-05-04,2025-04-24,EXP-56392,5,False,PC-2025-191,
PRC-2025-1730,GRT-2023-002,PRJ-2023-012,BDL-0033,VND-0047,LOC-ARU-001,FP-2025-06,STS-010,Quotation,Eucalyptus Seedlings for PRJ-2023-012,6663,Pieces,900.0,5996700.0,TZS,2025-06-20,2025-07-12,2025-07-27,GRN-2025-1730,INV-VND-2025-1730,2025-07-29,2025-08-28,2025-08-28,EXP-86037,3,False,PC-2025-167,
PRC-2025-1731,GRT-2024-001,PRJ-2024-002,BDL-0087,VND-0147,LOC-KIL-004,FP-2025-03,STS-004,Quotation,Motorcycle Honda for PRJ-2024-002,1,Boxes,4659200.0,4659200.0,TZS,2025-03-18,2025-04-30,,,,,,,,4,False,PC-2025-087,
PRC-2025-1732,GRT-2023-001,PRJ-2023-002,BDL-0011,VND-0005,LOC-KIL-002,FP-2025-10,STS-002,Quotation,Conference Table for PRJ-2023-002,1,Sets,1084500.0,1084500.0,TZS,2025-10-11,2025-11-05,,,,,,,,5,False,,
PRC-2025-1733,GRT-2022-003,PRJ-2023-003,BDL-0060,VND-0097,LOC-KIL-003,FP-2025-09,STS-004,Direct Purchase,Notebooks Pack for PRJ-2023-003,51,Pieces,8700.0,443700.0,TZS,2025-09-06,2025-09-15,,,,,,,,1,False,,
PRC-2025-1734,GRT-2023-001,PRJ-2023-001,BDL-0014,VND-0087,LOC-KIL-001,FP-2025-05,STS-009,Tender,Bean Seeds 2kg for PRJ-2023-001,379,Sets,13200.0,5002800.0,TZS,2025-05-20,2025-06-03,2025-06-10,GRN-2025-1734,INV-VND-2025-1734,2025-06-13,2025-07-13,2025-07-07,EXP-89728,4,False,PC-2025-142,
PRC-2025-1735,GRT-2023-004,PRJ-2023-008,BDL-0115,VND-0064,LOC-MAN-002,FP-2025-03,STS-007,Quotation,Projector Epson for PRJ-2023-008,1,Litres,1376500.0,1376500.0,TZS,2025-03-11,2025-04-03,2025-04-02,GRN-2025-1735,,,,,,4,False,PC-2025-105,
PRC-2025-1736,GRT-2024-004,PRJ-2024-006,BDL-0224,VND-0067,LOC-MAN-002,FP-2025-03,STS-009,Quotation,Cement Bags for PRJ-2024-006,292,Boxes,30400.0,8876800.0,TZS,2025-03-08,2025-04-14,2025-04-11,GRN-2025-1736,INV-VND-2025-1736,2025-04-14,2025-05-14,2025-05-11,EXP-66067,5,False,PC-2025-185,
PRC-2025-1737,GRT-2021-001,PRJ-2023-007,BDL-0201,VND-0063,LOC-ARU-001,FP-2025-09,STS-010,Quotation,External Hard Drive for PRJ-2023-007,3,Pieces,168400.0,505200.0,TZS,2025-09-08,2025-10-09,2025-10-11,GRN-2025-1737,,2025-10-13,2025-11-12,2025-11-04,EXP-73108,3,False,,
PRC-2025-1738,GRT-2022-003,PRJ-2023-003,BDL-0045,VND-0075,LOC-KIL-003,FP-2025-10,STS-001,Quotation,Timber Planks for PRJ-2023-003,138,Litres,15000.0,2070000.0,TZS,2025-10-09,2025-11-23,,,,,,,,3,False,PC-2025-122,
PRC-2025-1739,GRT-2023-002,PRJ-2023-004,BDL-0034,VND-0146,LOC-ARU-002,FP-2025-02,STS-009,Quotation,Manila Files Box for PRJ-2023-004,64,Pieces,13700.0,876800.0,TZS,2025-02-03,2025-02-18,24-Feb-2025,GRN-2025-1739,INV-VND-2025-1739,2025-02-28,2025-03-30,2025-03-28,EXP-82842,5,False,PC-2025-068,
PRC-2025-1740,GRT-2023-004,PRJ-2023-009,BDL-0118,VND-0077,LOC-MAN-003,FP-2025-01,STS-009,Quotation,Dell Laptop Computer for PRJ-2023-009,1,Sets,2029900.0,2029900.0,TZS,2025-01-18,2025-02-13,2025-02-20,GRN-2025-1740,,2025-02-22,2025-03-24,2025-05-01,EXP-40127,3,False,PC-2025-151,
PRC-2025-1741,GRT-2023-002,PRJ-2023-004,BDL-0028,VND-0095,LOC-ARU-002,FP-2025-02,STS-004,Quotation,Markers Set for PRJ-2023-004,54,Kg,11300.0,610200.0,TZS,2025-02-22,2025-03-24,,,,,,,,4,False,PC-2025-179,
PRC-2025-1742,GRT-2023-003,PRJ-2023-006,BDL-0063,VND-0132,LOC-KIL-001,FP-2025-06,STS-006,Direct Purchase,Flipchart Paper Pad for PRJ-2023-006,22,Sets,19100.0,420200.0,TZS,23-Jun-2025,2025-07-04,,,,,,,,1,False,,
PRC-2025-1743,GRT-2023-001,PRJ-2023-011,BDL-0006,VND-0150,LOC-MAN-001,FP-2025-02,STS-009,Quotation,Improved Maize Seed 5kg for PRJ-2023-011,252,Units,19300.0,4863600.0,TZS,2025-02-22,2025-03-12,2025-03-25,GRN-2025-1743,INV-VND-2025-1743,2025-03-27,2025-04-26,2025-04-16,EXP-39018,3,False,,
PRC-2025-1744,GRT-2024-004,PRJ-2024-006,BDL-0213,VND-0122,LOC-MAN-002,FP-2025-08,STS-010,Direct Purchase,UPS Battery for PRJ-2024-006,1,Units,440600.0,440600.0,TZS,2025-08-18,2025-10-01,2025-10-14,GRN-2025-1744,INV-VND-2025-1744,2025-10-16,2025-11-15,2025-11-13,EXP-15601,1,False,,
PRC-2025-1745,GRT-2023-003,PRJ-2023-006,BDL-0068,VND-0021,LOC-KIL-001,FP-2025-02,STS-002,Quotation,Conference Table for PRJ-2023-006,1,Pieces,1099400.0,1099400.0,TZS,2025-02-27,2025-03-23,,,,,,,,5,False,,
PRC-2025-1746,GRT-2023-003,PRJ-2023-006,BDL-0062,VND-0116,LOC-KIL-001,FP-2025-09,STS-006,Quotation,Office Chair for PRJ-2023-006,9,Boxes,283300.0,2549700.0,TZS,2025-09-01,2025-10-12,,,,,,,,5,False,PC-2025-085,
PRC-2025-1747,GRT-2023-005,PRJ-2023-010,BDL-0139,VND-0071,LOC-KIL-001,FP-2025-02,STS-009,Quotation,Oral Rehydration Salts for PRJ-2023-010,181,Kg,37500.0,6787500.0,TZS,2025-02-09,2025-03-15,2025-03-23,GRN-2025-1747,INV-VND-2025-1747,2025-03-26,2025-04-25,2025-05-26,EXP-87812,4,False,PC-2025-105,
PRC-2025-1748,GRT-2024-004,PRJ-2024-006,BDL-0218,VND-0054,LOC-MAN-002,FP-2025-06,STS-009,Quotation,Fruit Tree Seedlings for PRJ-2024-006,2358,Boxes,1300.0,3065400.0,TZS,2025-06-05,2025-07-03,2025-07-16,GRN-2025-1748,INV-VND-2025-1748,2025-07-17,16/08/2025,2025-08-06,EXP-77247,5,False,PC-2025-093,
PRC-2025-1749,GRT-2023-003,PRJ-2023-006,BDL-0072,VND-0064,LOC-KIL-001,FP-2025-07,STS-009,Direct Purchase,Pens and Pencils Box for PRJ-2023-006,34,Litres,12200.0,414800.0,TZS,2025-07-04,2025-08-17,2025-08-31,GRN-2025-1749,INV-VND-2025-1749,2025-09-01,2025-10-01,,EXP-10441,1,False,,
PRC-2025-1750,GRT-2021-001,PRJ-2023-007,BDL-0205,VND-0028,LOC-ARU-001,FP-2025-06,STS-008,Quotation,Toyota Hilux Double Cab for PRJ-2023-007,1,Units,35375900.0,35375900.0,TZS,2025-06-27,2025-07-11,2025-07-08,GRN-2025-1750,INV-VND-2025-1750,2025-07-15,,,,7,False,PC-2025-188,
PRC-2025-1751,GRT-2021-001,PRJ-2023-007,BDL-0192,VND-0124,LOC-ARU-001,FP-2025-06,STS-009,Direct Purchase,UPS Battery for PRJ-2023-007,1,Sets,481100.0,481100.0,TZS,2025-06-12,2025-06-30,2025-07-08,GRN-2025-1751,INV-VND-2025-1751,2025-07-09,08-Aug-2025,2025-08-02,EXP-58952,1,False,,
PRC-2025-1752,GRT-2023-001,PRJ-2023-001,BDL-0011,VND-0002,LOC-KIL-001,FP-2025-02,STS-007,Quotation,Fruit Tree Seedlings for PRJ-2023-001,2436,Units,1200.0,2923200.0,TZS,2025-02-10,2025-03-25,2025-04-03,GRN-2025-1752,,,,,,5,False,PC-2025-196,
PRC-2025-1753,GRT-2022-003,PRJ-2023-003,BDL-0052,VND-0059,LOC-KIL-003,FP-2025-09,STS-008,Quotation,Participant Bags for PRJ-2023-003,110,Sets,27500.0,3025000.0,TZS,2025-09-09,2025-10-23,2025-10-22,GRN-2025-1753,INV-VND-2025-1753,2025-10-25,,,,3,False,,
PRC-2025-1754,GRT-2024-002,PRJ-2024-003,BDL-0162,VND-0044,LOC-ARU-003,FP-2025-10,STS-006,Quotation,Office Chair for PRJ-2024-003,9,Sets,322000.0,2898000.0,TZS,2025-10-10,2025-11-20,,,,,,,,4,False,,
PRC-2025-1755,GRT-2023-001,PRJ-2023-002,BDL-0018,VND-0085,LOC-KIL-002,FP-2025-08,STS-001,Quotation,Training Handouts Printing for PRJ-2023-002,255,Kg,31800.0,8109000.0,TZS,2025-08-17,2025-09-07,,,,,,,,5,False,PC-2025-164,
PRC-2025-1756,GRT-2023-004,PRJ-2023-008,BDL-0114,VND-0023,LOC-MAN-002,FP-2025-05,STS-007,Quotation,Motorcycle Honda for PRJ-2023-008,1,Pieces,4733200.0,4733200.0,TZS,2025-05-05,2025-05-16,2025-05-18,GRN-2025-1756,,,,,,3,False,PC-2025-154,
PRC-2025-1757,GRT-2023-001,PRJ-2023-001,BDL-0002,VND-0115,LOC-KIL-001,FP-2025-07,STS-006,Quotation,Fruit Tree Seedlings for PRJ-2023-001,2162,Sets,1300.0,2810600.0,TZS,2025-07-29,2025-08-18,,,,,,,,5,False,,
PRC-2025-1758,GRT-2024-002,PRJ-2024-003,BDL-0157,VND-0022,LOC-ARU-003,FP-2025-04,STS-010,Quotation,HP Desktop Computer for PRJ-2024-003,1,Sets,1419400.0,1419400.0,TZS,2025-04-28,2025-05-13,2025-05-14,GRN-2025-1758,INV-VND-2025-1758,2025-05-19,2025-06-18,2025-06-15,EXP-71330,4,False,PC-2025-125,
PRC-2025-1759,GRT-2023-001,PRJ-2023-001,BDL-0006,VND-0135,LOC-KIL-001,FP-2025-08,STS-010,Quotation,UPS Battery for PRJ-2023-001,3,Litres,427900.0,1283700.0,TZS,2025-08-31,2025-10-02,2025-10-17,GRN-2025-1759,INV-VND-2025-1759,2025-10-18,11-17-2025,2025-11-11,EXP-60709,5,False,,
PRC-2025-1760,GRT-2022-003,PRJ-2023-003,BDL-0051,VND-0083,LOC-KIL-003,FP-2025-06,STS-009,Tender,Medical Gloves Box for PRJ-2023-003,137,Sets,48900.0,6699300.0,TZS,2025-06-13,2025-07-06,2025-07-17,GRN-2025-1760,INV-VND-2025-1760,2025-07-21,2025-08-20,2025-09-02,EXP-57487,7,False,PC-2025-014,
PRC-2025-1761,GRT-2023-001,PRJ-2023-002,BDL-0015,VND-0005,LOC-KIL-002,FP-2025-01,STS-009,Quotation,Printer Canon for PRJ-2023-002,1,Sets,963000.0,963000.0,TZS,2025-01-30,2025-02-20,2025-02-27,GRN-2025-1761,INV-VND-2025-1761,2025-03-04,03/04/2025,2025-04-02,EXP-98600,4,False,,
PRC-2025-1762,GRT-2021-001,PRJ-2023-007,BDL-0209,VND-0111,LOC-ARU-001,FP-2025-08,STS-009,Quotation,Conference Table for PRJ-2023-007,1,Litres,1359100.0,1359100.0,TZS,2025-08-04,2025-08-26,2025-08-25,GRN-2025-1762,INV-VND-2025-1762,2025-08-29,2025-09-28,2025-09-27,EXP-77996,4,False,PC-2025-178,
PRC-2025-1763,GRT-2023-002,PRJ-2023-012,BDL-0025,VND-0135,LOC-ARU-001,FP-2025-06,STS-009,Quotation,Blood Pressure Monitors for PRJ-2023-012,8,Pieces,320800.0,2566400.0,TZS,2025-06-19,2025-06-27,2025-07-02,GRN-2025-1763,INV-VND-2025-1763,2025-07-05,2025-08-04,2025-07-31,EXP-84320,4,False,PC-2025-176,
PRC-2025-1764,GRT-2023-002,PRJ-2023-004,BDL-0026,VND-0045,LOC-ARU-002,FP-2025-10,STS-009,Quotation,Participant Bags for PRJ-2023-004,75,Pieces,28200.0,2115000.0,TZS,2025-10-13,04-Nov-2025,2025-11-09,GRN-2025-1764,INV-VND-2025-1764,2025-11-11,2025-12-11,,EXP-98356,5,False,PC-2025-009,
PRC-2025-1765,GRT-2022-003,PRJ-2023-003,BDL-0047,VND-0116,LOC-KIL-003,FP-2025-03,STS-010,Direct Purchase,Computer Accessories Set for PRJ-2023-003,1,Boxes,341300.0,341300.0,TZS,2025-03-18,2025-04-14,2025-04-25,GRN-2025-1765,INV-VND-2025-1765,2025-05-01,2025-05-31,2025-05-29,EXP-70577,1,False,,
PRC-2025-1766,GRT-2023-004,PRJ-2023-008,BDL-0107,VND-0114,LOC-MAN-002,FP-2025-08,STS-007,Quotation,Filing Cabinet for PRJ-2023-008,5,Litres,343900.0,1719500.0,TZS,2025-08-04,2025-09-04,2025-09-03,GRN-2025-1766,,,,,,5,False,,
PRC-2025-1767,GRT-2023-001,PRJ-2023-002,BDL-0014,VND-0117,LOC-KIL-002,FP-2025-09,STS-009,Direct Purchase,Pens and Pencils Box for PRJ-2023-002,30,Sets,11700.0,351000.0,TZS,2025-09-21,2025-10-13,2025-10-15,GRN-2025-1767,INV-VND-2025-1767,2025-10-18,2025-11-17,2025-11-14,EXP-43506,1,False,,
PRC-2025-1768,GRT-2023-005,PRJ-2023-010,BDL-0146,VND-0032,LOC-KIL-001,FP-2025-10,STS-005,Quotation,Filing Cabinet for PRJ-2023-010,2,Boxes,346900.0,693800.0,TZS,2025-10-03,2025-11-17,,,,,,,,5,False,PC-2025-193,
PRC-2025-1769,GRT-2023-004,PRJ-2023-009,BDL-0105,VND-0020,LOC-MAN-003,FP-2025-10,STS-009,Quotation,Office Chair for PRJ-2023-009,17,Sets,289300.0,4918100.0,TZS,2025-10-03,2025-10-15,2025-10-19,GRN-2025-1769,INV-VND-2025-1769,2025-10-24,2025-11-23,16-Nov-2025,EXP-53659,4,False,PC-2025-192,
PRC-2025-1770,GRT-2022-004,PRJ-2023-005,BDL-0127,VND-0026,LOC-KIL-001,FP-2025-08,STS-001,Quotation,Fruit Tree Seedlings for PRJ-2023-005,2253,Litres,1200.0,2703600.0,TZS,2025-08-23,2025-09-05,,,,,,,,3,False,PC-2025-016,
PRC-2025-1771,GRT-2022-004,PRJ-2023-005,BDL-0129,VND-0016,LOC-KIL-001,FP-2025-05,STS-009,Tender,Malaria Rapid Test Kits Box for PRJ-2023-005,48,Boxes,271100.0,13012800.0,TZS,2025-05-23,2025-06-16,2025-06-17,GRN-2025-1771,INV-VND-2025-1771,2025-06-23,2025-07-23,2025-07-13,EXP-12210,4,False,PC-2025-196,
PRC-2025-1772,GRT-2024-001,PRJ-2024-002,BDL-0089,VND-0104,LOC-KIL-004,FP-2025-08,STS-009,Quotation,Medical Gloves Box for PRJ-2024-002,145,Sets,49100.0,7119500.0,TZS,2025-08-01,2025-08-17,2025-08-14,GRN-2025-1772,INV-VND-2025-1772,2025-08-20,2025-09-19,2025-09-14,EXP-55376,4,False,PC-2025-191,
PRC-2025-1773,GRT-2023-004,PRJ-2023-008,BDL-0107,VND-0094,LOC-MAN-002,FP-2025-08,STS-009,Quotation,Dell Laptop Computer for PRJ-2023-008,1,Boxes,1778000.0,1778000.0,TZS,2025-08-28,2025-10-07,2025-10-09,GRN-2025-1773,INV-VND-2025-1773,14/10/2025,2025-11-13,2025-11-13,EXP-98978,5,False,PC-2025-130,
PRC-2025-1774,GRT-2024-001,PRJ-2024-007,BDL-0099,VND-0141,LOC-ARU-002,FP-2025-07,STS-009,Quotation,Toner Cartridge for PRJ-2024-007,32,Units,44300.0,1417600.0,TZS,2025-07-27,2025-09-01,2025-08-29,GRN-2025-1774,INV-VND-2025-1774,31/08/2025,09-30-2025,2025-09-22,EXP-93737,4,False,PC-2025-041,
PRC-2025-1775,GRT-2022-004,PRJ-2023-005,BDL-0120,VND-0053,LOC-KIL-001,FP-2025-05,STS-008,Quotation,Projector Epson for PRJ-2023-005,1,Pieces,1374300.0,1374300.0,TZS,2025-05-27,2025-07-07,2025-07-12,GRN-2025-1775,INV-VND-2025-1775,07-16-2025,,,,3,False,,
PRC-2025-1776,GRT-2023-002,PRJ-2023-004,BDL-0040,VND-0114,LOC-ARU-002,FP-2025-02,STS-010,Quotation,Cement Bags for PRJ-2023-004,136,Units,26500.0,3604000.0,TZS,2025-02-20,2025-03-24,2025-03-29,GRN-2025-1776,INV-VND-2025-1776,2025-04-02,2025-05-02,2025-06-16,EXP-61420,3,False,,
PRC-2025-1777,GRT-2023-001,PRJ-2023-001,BDL-0018,VND-0082,LOC-KIL-001,FP-2025-05,STS-010,Tender,Malaria Rapid Test Kits Box for PRJ-2023-001,73,Kg,257300.0,18782900.0,TZS,2025-05-08,2025-05-26,2025-05-25,GRN-2025-1777,INV-VND-2025-1777,05-30-2025,06-29-2025,2025-06-29,EXP-74525,3,False,PC-2025-163,
PRC-2025-1778,GRT-2023-004,PRJ-2023-008,BDL-0103,VND-0032,LOC-MAN-002,FP-2025-06,STS-006,Tender,Toyota Land Cruiser 4x4 for PRJ-2023-008,1,Sets,51651700.0,51651700.0,TZS,2025-06-07,2025-07-14,,,,,,,,7,False,PC-2025-190,
PRC-2025-1779,GRT-2023-001,PRJ-2023-011,BDL-0015,VND-0148,LOC-MAN-001,FP-2025-05,STS-001,Tender,Improved Maize Seed 5kg for PRJ-2023-011,657,Sets,16400.0,10774800.0,TZS,2025-05-26,2025-07-02,,,,,,,,4,False,PC-2025-156,
PRC-2025-1780,GRT-2024-002,PRJ-2024-004,BDL-0162,VND-0023,LOC-MAN-004,FP-2025-05,STS-010,Quotation,Filing Cabinet for PRJ-2024-004,3,Litres,377200.0,1131600.0,TZS,2025-05-10,2025-06-11,2025-06-22,GRN-2025-1780,INV-VND-2025-1780,2025-06-25,2025-07-25,2025-07-21,EXP-74120,4,False,PC-2025-116,
PRC-2025-1781,GRT-2023-002,PRJ-2023-012,BDL-0034,VND-0007,LOC-ARU-001,FP-2025-01,STS-010,Quotation,Malaria Rapid Test Kits Box for PRJ-2023-012,65,Pieces,272200.0,17693000.0,TZS,2025-01-27,2025-02-19,2025-03-05,GRN-2025-1781,INV-VND-2025-1781,2025-03-12,2025-04-11,2025-04-11,EXP-10281,4,False,PC-2025-068,
PRC-2025-1782,GRT-2022-003,PRJ-2023-003,BDL-0055,VND-0045,LOC-KIL-003,FP-2025-07,STS-006,Quotation,Toyota Hilux Double Cab for PRJ-2023-003,1,Sets,32568800.0,32568800.0,TZS,2025-07-12,2025-08-20,,,,,,,,4,False,PC-2025-014,
PRC-2025-1783,GRT-2023-001,PRJ-2023-001,BDL-0018,VND-0006,LOC-KIL-001,FP-2025-07,STS-005,Tender,Improved Maize Seed 5kg for PRJ-2023-001,651,Sets,19300.0,12564300.0,TZS,2025-07-22,2025-08-30,,,,,,,,3,False,PC-2025-028,
PRC-2025-1784,GRT-2024-003,PRJ-2024-005,BDL-0189,VND-0092,LOC-ARU-004,FP-2025-03,STS-009,Quotation,HP Desktop Computer for PRJ-2024-005,1,Kg,1505800.0,1505800.0,TZS,2025-03-04,2025-04-09,2025-04-19,GRN-2025-1784,INV-VND-2025-1784,2025-04-21,05-21-2025,2025-05-19,EXP-21173,5,False,,
PRC-2025-1785,GRT-2023-005,PRJ-2023-010,BDL-0143,VND-0094,LOC-KIL-001,FP-2025-07,STS-008,Tender,Improved Maize Seed 5kg for PRJ-2023-010,468,Litres,20200.0,9453600.0,TZS,2025-07-05,2025-07-24,2025-08-04,GRN-2025-1785,INV-VND-2025-1785,2025-08-06,,,,7,False,PC-2025-080,
PRC-2025-1786,GRT-2023-004,PRJ-2023-008,BDL-0118,VND-0016,LOC-MAN-002,FP-2025-01,STS-009,Quotation,Conference Table for PRJ-2023-008,1,Pieces,1297500.0,1297500.0,TZS,2025-01-30,2025-02-12,2025-02-17,GRN-2025-1786,INV-VND-2025-1786,2025-02-18,2025-03-20,2025-03-15,EXP-94735,5,False,,
PRC-2025-1787,GRT-2023-004,PRJ-2023-008,BDL-0104,VND-0063,LOC-MAN-002,FP-2025-07,STS-004,Tender,Vegetable Seed Pack for PRJ-2023-008,746,Sets,8000.0,5968000.0,TZS,2025-07-10,2025-07-31,,,,,,,,3,False,PC-2025-180,
PRC-2025-1788,GRT-2024-001,PRJ-2024-007,BDL-0083,VND-0060,LOC-ARU-002,FP-2025-04,STS-009,Tender,Cement Bags for PRJ-2024-007,196,Boxes,30100.0,5899600.0,TZS,2025-04-23,2025-05-01,2025-05-16,GRN-2025-1788,INV-VND-2025-1788,2025-05-19,2025-06-18,2025-06-08,EXP-78416,6,False,PC-2025-014,
PRC-2025-1789,GRT-2023-003,PRJ-2023-013,BDL-0081,VND-0106,LOC-ARU-001,FP-2025-08,STS-004,Direct Purchase,Markers Set for PRJ-2023-013,28,Pieces,12900.0,361200.0,TZS,2025-08-20,2025-09-25,,,,,,,,1,False,,
PRC-2025-1790,GRT-2024-001,PRJ-2024-001,BDL-0098,VND-0092,LOC-MAN-001,FP-2025-04,STS-001,Quotation,Printer Canon for PRJ-2024-001,1,Litres,877300.0,877300.0,TZS,2025-04-13,2025-05-27,,,,,,,,5,False,PC-2025-078,
PRC-2025-1791,GRT-2023-004,PRJ-2023-009,BDL-0116,VND-0028,LOC-MAN-003,FP-2025-03,STS-009,Quotation,Toyota Hilux Double Cab for PRJ-2023-009,1,Pieces,30445900.0,30445900.0,TZS,2025-03-22,2025-05-03,2025-05-14,GRN-2025-1791,INV-VND-2025-1791,2025-05-18,2025-06-17,2025-06-17,EXP-43568,4,False,PC-2025-087,
PRC-2025-1792,GRT-2023-003,PRJ-2023-013,BDL-0073,VND-0039,LOC-ARU-001,FP-2025-09,STS-008,Direct Purchase,External Hard Drive for PRJ-2023-013,2,Sets,165000.0,330000.0,TZS,2025-09-08,21-Sep-2025,2025-09-25,GRN-2025-1792,INV-VND-2025-1792,01/10/2025,,,,1,False,,
PRC-2025-1793,GRT-2024-003,PRJ-2024-005,BDL-0182,VND-0049,LOC-ARU-004,FP-2025-05,STS-004,Tender,Cement Bags for PRJ-2024-005,245,Boxes,28100.0,6884500.0,TZS,2025-05-22,2025-06-05,,,,,,,,7,False,PC-2025-077,
PRC-2025-1794,GRT-2023-002,PRJ-2023-012,BDL-0027,VND-0112,LOC-ARU-001,FP-2025-04,STS-010,Quotation,Eucalyptus Seedlings for PRJ-2023-012,4652,Litres,900.0,4186800.0,TZS,2025-04-21,2025-05-21,25/05/2025,GRN-2025-1794,INV-VND-2025-1794,2025-05-29,2025-06-28,2025-06-23,EXP-50816,5,False,,
PRC-2025-1795,GRT-2022-003,PRJ-2023-003,BDL-0047,VND-0139,LOC-KIL-003,FP-2025-02,STS-009,Quotation,Medical Gloves Box for PRJ-2023-003,127,Units,43700.0,5549900.0,TZS,2025-02-21,2025-03-08,2025-03-19,GRN-2025-1795,INV-VND-2025-1795,2025-03-25,2025-04-24,2025-05-19,EXP-60485,3,False,PC-2025-035,
PRC-2025-1796,GRT-2023-001,PRJ-2023-001,BDL-0017,VND-0009,LOC-KIL-001,FP-2025-08,STS-009,Quotation,Malaria Rapid Test Kits Box for PRJ-2023-001,84,Pieces,320000.0,26880000.0,TZS,2025-08-09,2025-09-01,2025-09-01,GRN-2025-1796,INV-VND-2025-1796,2025-09-08,2025-10-08,2025-09-30,EXP-48720,4,False,PC-2025-145,
PRC-2025-1797,GRT-2023-003,PRJ-2023-006,BDL-0068,VND-0001,LOC-KIL-001,FP-2025-01,STS-009,Quotation,Fruit Tree Seedlings for PRJ-2023-006,1535,Litres,1200.0,1842000.0,TZS,2025-01-28,2025-02-11,2025-02-24,GRN-2025-1797,INV-VND-2025-1797,2025-03-01,2025-03-31,2025-04-20,EXP-10006,3,False,,
PRC-2025-1798,GRT-2022-004,PRJ-2023-005,BDL-0120,VND-0047,LOC-KIL-001,FP-2025-08,STS-003,Direct Purchase,Flipchart Paper Pad for PRJ-2023-005,11,Sets,20100.0,221100.0,TZS,2025-08-20,2025-10-02,,,,,,,,1,False,,
PRC-2025-1799,GRT-2023-003,PRJ-2023-006,BDL-0064,VND-0046,LOC-KIL-001,FP-2025-02,STS-010,Direct Purchase,Computer Accessories Set for PRJ-2023-006,1,Boxes,376000.0,376000.0,TZS,2025-02-14,2025-03-21,2025-03-18,GRN-2025-1799,INV-VND-2025-1799,2025-03-24,2025-04-23,2025-04-16,EXP-27575,1,False,,
PRC-2025-1800,GRT-2024-002,PRJ-2024-004,BDL-0160,VND-0067,LOC-MAN-004,FP-2025-03,STS-002,Quotation,Paint 20L for PRJ-2024-004,29,Sets,82200.0,2383800.0,TZS,2025-03-28,2025-04-18,,,,,,,,4,False,PC-2025-090,
PRC-2025-1801,GRT-2024-004,PRJ-2024-006,BDL-0217,VND-0112,LOC-MAN-002,FP-2025-07,STS-009,Tender,Oral Rehydration Salts for PRJ-2024-006,172,Units,32400.0,5572800.0,TZS,2025-07-13,2025-08-09,2025-08-23,GRN-2025-1801,INV-VND-2025-1801,2025-08-25,2025-09-24,2025-11-08,EXP-29606,3,False,PC-2025-170,
PRC-2025-1802,GRT-2024-001,PRJ-2024-007,BDL-0093,VND-0033,LOC-ARU-002,FP-2025-06,STS-009,Quotation,Motorcycle Honda for PRJ-2024-007,1,Litres,4572200.0,4572200.0,TZS,2025-06-04,2025-07-02,2025-07-07,GRN-2025-1802,INV-VND-2025-1802,2025-07-08,2025-08-07,2025-07-30,EXP-90737,5,False,PC-2025-158,
PRC-2025-1803,GRT-2023-003,PRJ-2023-006,BDL-0074,VND-0080,LOC-KIL-001,FP-2025-02,STS-010,Quotation,Paint 20L for PRJ-2023-006,20,Pieces,88000.0,1760000.0,TZS,2025-02-12,2025-03-26,2025-03-23,GRN-2025-1803,INV-VND-2025-1803,2025-03-30,2025-04-29,2025-06-09,EXP-75239,3,False,PC-2025-127,
PRC-2025-1804,GRT-2024-002,PRJ-2024-003,BDL-0167,VND-0080,LOC-ARU-003,FP-2025-03,STS-009,Quotation,Timber Planks for PRJ-2024-003,113,Units,15700.0,1774100.0,TZS,03-12-2025,2025-03-27,30-Mar-2025,GRN-2025-1804,INV-VND-2025-1804,2025-04-01,2025-05-01,2025-04-29,EXP-48456,3,False,,
PRC-2025-1805,GRT-2023-001,PRJ-2023-002,BDL-0020,VND-0059,LOC-KIL-002,FP-2025-02,STS-006,Quotation,Markers Set for PRJ-2023-002,52,Units,12400.0,644800.0,TZS,2025-02-11,2025-03-24,,,,,,,,4,False,PC-2025-074,
PRC-2025-1806,GRT-2023-001,PRJ-2023-002,BDL-0002,VND-0043,LOC-KIL-002,FP-2025-03,STS-006,Quotation,Vegetable Seed Pack for PRJ-2023-002,384,Litres,9300.0,3571200.0,TZS,2025-03-24,2025-04-02,,,,,,,,3,False,,
PRC-2025-1807,GRT-2023-004,PRJ-2023-008,BDL-0106,VND-0089,LOC-MAN-002,FP-2025-07,STS-007,Quotation,Motorcycle Honda for PRJ-2023-008,1,Kg,4475400.0,4475400.0,TZS,2025-07-03,2025-08-11,2025-08-21,GRN-2025-1807,,,,,,4,False,PC-2025-093,
PRC-2025-1808,GRT-2024-004,PRJ-2024-006,BDL-0225,VND-0073,LOC-MAN-002,FP-2025-07,STS-002,Quotation,Filing Cabinet for PRJ-2024-006,5,Boxes,390500.0,1952500.0,TZS,2025-07-09,2025-08-07,,,,,,,,3,False,,
PRC-2025-1809,GRT-2024-002,PRJ-2024-003,BDL-0158,VND-0011,LOC-ARU-003,FP-2025-07,STS-008,Quotation,Timber Planks for PRJ-2024-003,93,Units,13500.0,1255500.0,TZS,2025-07-02,2025-08-02,2025-08-05,GRN-2025-1809,INV-VND-2025-1809,2025-08-09,,,,3,False,PC-2025-177,
PRC-2025-1810,GRT-2024-003,PRJ-2024-005,BDL-0185,VND-0024,LOC-ARU-004,FP-2025-04,STS-010,Direct Purchase,UPS Battery for PRJ-2024-005,1,Kg,469700.0,469700.0,TZS,2025-04-22,2025-05-14,2025-05-15,GRN-2025-1810,INV-VND-2025-1810,2025-05-20,2025-06-19,,EXP-70557,1,False,,
PRC-2025-1811,GRT-2023-004,PRJ-2023-009,BDL-0117,VND-0106,LOC-MAN-003,FP-2025-06,STS-009,Quotation,UPS Battery for PRJ-2023-009,2,Kg,454300.0,908600.0,TZS,2025-06-02,2025-07-09,2025-07-14,GRN-2025-1811,INV-VND-2025-1811,2025-07-16,2025-08-15,2025-08-11,EXP-72909,4,False,PC-2025-058,
PRC-2025-1812,GRT-2024-003,PRJ-2024-005,BDL-0186,VND-0010,LOC-ARU-004,FP-2025-06,STS-008,Quotation,Indigenous Tree Seedlings for PRJ-2024-005,12086,Kg,600.0,7251600.0,TZS,2025-06-26,2025-07-13,2025-07-12,GRN-2025-1812,INV-VND-2025-1812,07-16-2025,,,,3,False,PC-2025-159,
PRC-2025-1813,GRT-2023-001,PRJ-2023-011,BDL-0010,VND-0047,LOC-MAN-001,FP-2025-06,STS-008,Quotation,Timber Planks for PRJ-2023-011,188,Boxes,15800.0,2970400.0,TZS,28-Jun-2025,2025-07-28,2025-08-12,GRN-2025-1813,INV-VND-2025-1813,2025-08-13,,,,5,False,PC-2025-196,
PRC-2025-1814,GRT-2023-004,PRJ-2023-008,BDL-0111,VND-0144,LOC-MAN-002,FP-2025-04,STS-005,Quotation,Motorcycle Honda for PRJ-2023-008,1,Pieces,4886500.0,4886500.0,TZS,2025-04-15,2025-05-15,,,,,,,,4,False,PC-2025-084,
PRC-2025-1815,GRT-2023-002,PRJ-2023-004,BDL-0034,VND-0072,LOC-ARU-002,FP-2025-08,STS-009,Tender,Training Handouts Printing for PRJ-2023-004,331,Kg,34400.0,11386400.0,TZS,2025-08-13,2025-09-01,2025-09-02,GRN-2025-1815,INV-VND-2025-1815,03-Sep-2025,2025-10-03,2025-10-02,EXP-70905,7,False,PC-2025-033,
PRC-2025-1816,GRT-2023-004,PRJ-2023-009,BDL-0106,VND-0078,LOC-MAN-003,FP-2025-07,STS-006,Quotation,Office Desk for PRJ-2023-009,3,Litres,747500.0,2242500.0,TZS,2025-07-21,2025-08-22,,,,,,,,5,False,PC-2025-097,
PRC-2025-1817,GRT-2023-003,PRJ-2023-006,BDL-0071,VND-0149,LOC-KIL-001,FP-2025-04,STS-009,Quotation,Indigenous Tree Seedlings for PRJ-2023-006,12664,Boxes,600.0,7598400.0,TZS,2025-04-26,2025-05-27,2025-06-09,GRN-2025-1817,INV-VND-2025-1817,2025-06-12,2025-07-12,2025-07-02,EXP-50893,5,False,PC-2025-025,
PRC-2025-1818,GRT-2023-001,PRJ-2023-002,BDL-0011,VND-0037,LOC-KIL-002,FP-2025-10,STS-006,Quotation,Toner Cartridge for PRJ-2023-002,36,Pieces,51300.0,1846800.0,TZS,2025-10-13,2025-11-27,,,,,,,,3,False,,
PRC-2025-1819,GRT-2024-002,PRJ-2024-003,BDL-0167,VND-0147,LOC-ARU-003,FP-2025-02,STS-009,Quotation,Blood Pressure Monitors for PRJ-2024-003,5,Pieces,364000.0,1820000.0,TZS,2025-02-16,2025-03-28,2025-03-29,GRN-2025-1819,INV-VND-2025-1819,2025-03-31,2025-04-30,2025-04-23,EXP-48939,4,False,PC-2025-062,
PRC-2025-1820,GRT-2023-001,PRJ-2023-001,BDL-0015,VND-0028,LOC-KIL-001,FP-2025-07,STS-006,Tender,Toyota Hilux Double Cab for PRJ-2023-001,1,Kg,28807800.0,28807800.0,TZS,2025-07-23,2025-07-31,,,,,,,,3,False,PC-2025-078,
PRC-2025-1821,GRT-2024-001,PRJ-2024-002,BDL-0099,VND-0016,LOC-KIL-004,FP-2025-03,STS-009,Quotation,Filing Cabinet for PRJ-2024-002,3,Units,379700.0,1139100.0,TZS,2025-03-24,2025-04-10,2025-04-13,GRN-2025-1821,INV-VND-2025-1821,2025-04-15,2025-05-15,2025-06-04,EXP-12378,5,False,PC-2025-128,
PRC-2025-1822,GRT-2023-004,PRJ-2023-008,BDL-0110,VND-0109,LOC-MAN-002,FP-2025-04,STS-002,Direct Purchase,Computer Accessories Set for PRJ-2023-008,1,Litres,327900.0,327900.0,TZS,2025-04-03,2025-05-15,,,,,,,,1,False,,
PRC-2025-1823,GRT-2023-002,PRJ-2023-004,BDL-0030,VND-0007,LOC-ARU-002,FP-2025-04,STS-009,Quotation,Motorcycle Honda for PRJ-2023-004,1,Litres,4421100.0,4421100.0,TZS,2025-04-12,2025-05-07,2025-05-11,GRN-2025-1823,,2025-05-13,2025-06-12,2025-06-12,EXP-11976,3,False,,
PRC-2025-1824,GRT-2023-001,PRJ-2023-011,BDL-0019,VND-0135,LOC-MAN-001,FP-2025-08,STS-010,Quotation,Medical Gloves Box for PRJ-2023-011,84,Litres,42300.0,3553200.0,TZS,2025-08-13,2025-08-31,2025-09-15,GRN-2025-1824,INV-VND-2025-1824,2025-09-21,2025-10-21,2025-10-17,EXP-63464,4,False,,
PRC-2025-1825,GRT-2024-002,PRJ-2024-004,BDL-0156,VND-0130,LOC-MAN-004,FP-2025-05,STS-010,Quotation,Iron Sheets for PRJ-2024-004,25,Kg,45700.0,1142500.0,TZS,2025-05-16,2025-06-16,2025-06-14,GRN-2025-1825,INV-VND-2025-1825,2025-06-16,2025-07-16,2025-07-11,EXP-65452,5,False,,
PRC-2025-1826,GRT-2023-002,PRJ-2023-012,BDL-0040,VND-0147,LOC-ARU-001,FP-2025-04,STS-010,Quotation,Participant Bags for PRJ-2023-012,79,Units,27000.0,2133000.0,TZS,2025-04-04,2025-04-15,2025-04-20,GRN-2025-1826,INV-VND-2025-1826,2025-04-25,2025-05-25,2025-05-23,EXP-31052,3,False,,
PRC-2025-1827,GRT-2023-001,PRJ-2023-001,BDL-0013,VND-0101,LOC-KIL-001,FP-2025-06,STS-010,Quotation,Manila Files Box for PRJ-2023-001,89,Kg,14600.0,1299400.0,TZS,2025-06-17,2025-06-28,2025-06-30,GRN-2025-1827,INV-VND-2025-1827,2025-07-02,2025-08-01,,EXP-42982,3,False,PC-2025-185,
PRC-2025-1828,GRT-2023-005,PRJ-2023-010,BDL-0153,VND-0064,LOC-KIL-001,FP-2025-07,STS-006,Quotation,Printer Canon for PRJ-2023-010,1,Litres,967800.0,967800.0,TZS,2025-07-09,2025-08-20,,,,,,,,4,False,,
PRC-2025-1829,GRT-2023-003,PRJ-2023-013,BDL-0061,VND-0133,LOC-ARU-001,FP-2025-10,STS-007,Quotation,Manila Files Box for PRJ-2023-013,72,Boxes,14500.0,1044000.0,TZS,2025-10-02,10-20-2025,10-28-2025,GRN-2025-1829,,,,,,5,False,,
PRC-2025-1830,GRT-2022-003,PRJ-2023-003,BDL-0059,VND-0070,LOC-KIL-003,FP-2025-03,STS-007,Quotation,Sunflower Seeds 1kg for PRJ-2023-003,218,Pieces,15200.0,3313600.0,TZS,2025-03-06,2025-03-30,2025-04-13,GRN-2025-1830,,,,,,4,False,PC-2025-185,
PRC-2025-1831,GRT-2022-004,PRJ-2023-005,BDL-0123,VND-0113,LOC-KIL-001,FP-2025-05,STS-009,Quotation,Pens and Pencils Box for PRJ-2023-005,49,Sets,11200.0,548800.0,TZS,2025-05-30,2025-06-12,2025-06-12,GRN-2025-1831,INV-VND-2025-1831,2025-06-13,2025-07-13,2025-07-08,EXP-56541,5,False,PC-2025-095,
PRC-2025-1832,GRT-2023-004,PRJ-2023-009,BDL-0101,VND-0080,LOC-MAN-003,FP-2025-05,STS-006,Direct Purchase,Network Switch for PRJ-2023-009,1,Kg,345400.0,345400.0,TZS,2025-05-31,2025-06-17,,,,,,,,1,False,,
PRC-2025-1833,GRT-2023-004,PRJ-2023-009,BDL-0107,VND-0020,LOC-MAN-003,FP-2025-05,STS-002,Direct Purchase,Computer Accessories Set for PRJ-2023-009,1,Boxes,341100.0,341100.0,TZS,2025-05-01,2025-06-07,,,,,,,,1,False,,
PRC-2025-1834,GRT-2022-003,PRJ-2023-003,BDL-0052,VND-0123,LOC-KIL-003,FP-2025-02,STS-010,Tender,Malaria Rapid Test Kits Box for PRJ-2023-003,71,Sets,314500.0,22329500.0,TZS,2025-02-23,2025-03-13,2025-03-15,GRN-2025-1834,INV-VND-2025-1834,2025-03-17,2025-04-16,2025-04-10,EXP-46128,4,False,PC-2025-187,
PRC-2025-1835,GRT-2023-004,PRJ-2023-008,BDL-0101,VND-0146,LOC-MAN-002,FP-2025-06,STS-004,Quotation,Toner Cartridge for PRJ-2023-008,25,Pieces,48800.0,1220000.0,TZS,2025-06-14,2025-07-09,,,,,,,,5,False,PC-2025-018,
PRC-2025-1836,GRT-2024-004,PRJ-2024-006,BDL-0225,VND-0048,LOC-MAN-002,FP-2025-02,STS-009,Quotation,Projector Epson for PRJ-2024-006,1,Units,1156900.0,1156900.0,TZS,2025-02-15,2025-03-22,2025-03-24,GRN-2025-1836,INV-VND-2025-1836,2025-03-30,2025-04-29,,EXP-84713,3,False,PC-2025-014,
PRC-2025-1837,GRT-2023-001,PRJ-2023-002,BDL-0009,VND-0032,LOC-KIL-002,FP-2025-06,STS-009,Quotation,Notebooks Pack for PRJ-2023-002,105,Units,7700.0,808500.0,TZS,2025-06-26,2025-07-05,07-14-2025,GRN-2025-1837,INV-VND-2025-1837,2025-07-21,2025-08-20,2025-08-15,EXP-94866,3,False,PC-2025-094,
PRC-2025-1838,GRT-2022-004,PRJ-2023-005,BDL-0121,VND-0030,LOC-KIL-001,FP-2025-04,STS-009,Quotation,Paint 20L for PRJ-2023-005,13,Pieces,97000.0,1261000.0,TZS,2025-04-14,05-21-2025,2025-05-21,GRN-2025-1838,INV-VND-2025-1838,2025-05-28,2025-06-27,2025-06-24,EXP-44504,3,False,,
PRC-2025-1839,GRT-2023-001,PRJ-2023-002,BDL-0016,VND-0117,LOC-KIL-002,FP-2025-06,STS-009,Quotation,HP Desktop Computer for PRJ-2023-002,1,Boxes,1413500.0,1413500.0,TZS,2025-06-20,2025-07-17,2025-07-19,GRN-2025-1839,INV-VND-2025-1839,2025-07-20,19-Aug-2025,2025-08-13,EXP-14519,4,False,,
PRC-2025-1840,GRT-2023-004,PRJ-2023-008,BDL-0102,VND-0144,LOC-MAN-002,FP-2025-09,STS-010,Quotation,Improved Maize Seed 5kg for PRJ-2023-008,269,Units,18900.0,5084100.0,TZS,2025-09-03,2025-09-17,2025-10-02,GRN-2025-1840,INV-VND-2025-1840,2025-10-08,2025-11-07,2025-10-28,EXP-34213,4,False,PC-2025-185,
PRC-2025-1841,GRT-2021-001,PRJ-2023-007,BDL-0199,VND-0092,LOC-ARU-001,FP-2025-08,STS-010,Tender,Toyota Hilux Double Cab for PRJ-2023-007,1,Kg,33958200.0,33958200.0,TZS,2025-08-24,2025-10-08,2025-10-17,GRN-2025-1841,INV-VND-2025-1841,2025-10-20,2025-11-19,11-18-2025,EXP-14918,4,False,PC-2025-137,
PRC-2025-1842,GRT-2023-001,PRJ-2023-011,BDL-0020,VND-0053,LOC-MAN-001,FP-2025-05,STS-010,Quotation,Conference Table for PRJ-2023-011,1,Litres,1100000.0,1100000.0,TZS,2025-05-23,2025-06-02,2025-06-15,GRN-2025-1842,INV-VND-2025-1842,2025-06-17,2025-07-17,2025-07-16,EXP-38702,4,False,PC-2025-001,
PRC-2025-1843,GRT-2024-002,PRJ-2024-004,BDL-0159,VND-0116,LOC-MAN-004,FP-2025-08,STS-008,Quotation,Markers Set for PRJ-2024-004,41,Units,13700.0,561700.0,TZS,2025-08-08,2025-08-18,01/09/2025,GRN-2025-1843,INV-VND-2025-1843,2025-09-05,,,,5,False,PC-2025-030,
PRC-2025-1844,GRT-2023-003,PRJ-2023-006,BDL-0082,VND-0117,LOC-KIL-001,FP-2025-05,STS-010,Quotation,Markers Set for PRJ-2023-006,49,Units,10900.0,534100.0,TZS,06-May-2025,2025-06-19,2025-06-27,GRN-2025-1844,INV-VND-2025-1839,2025-07-01,2025-07-31,2025-07-21,EXP-74648,5,False,,
PRC-2025-1845,GRT-2023-005,PRJ-2023-010,BDL-0149,VND-0073,LOC-KIL-001,FP-2025-06,STS-010,Quotation,Eucalyptus Seedlings for PRJ-2023-010,7688,Units,800.0,6150400.0,TZS,2025-06-15,2025-07-11,2025-07-10,GRN-2025-1845,INV-VND-2025-1845,2025-07-16,2025-08-15,2025-08-14,EXP-26620,5,False,PC-2025-095,
PRC-2025-1846,GRT-2022-003,PRJ-2023-003,BDL-0060,VND-0025,LOC-KIL-003,FP-2025-01,STS-009,Quotation,Cement Bags for PRJ-2023-003,322,Pieces,31500.0,10143000.0,TZS,2025-01-22,2025-02-13,2025-02-14,GRN-2025-1846,INV-VND-2025-1846,2025-02-15,2025-03-17,2025-03-13,EXP-83857,6,False,PC-2025-127,
PRC-2025-1847,GRT-2024-001,PRJ-2024-002,BDL-0089,VND-0010,LOC-KIL-004,FP-2025-05,STS-007,Quotation,Training Handouts Printing for PRJ-2024-002,293,Sets,37300.0,10928900.0,TZS,2025-05-21,2025-07-02,2025-07-11,GRN-2025-1847,,,,,,4,False,PC-2025-159,
PRC-2025-1848,GRT-2024-002,PRJ-2024-003,BDL-0166,VND-0047,LOC-ARU-003,FP-2025-09,STS-009,Quotation,Medical Gloves Box for PRJ-2024-003,191,Kg,50500.0,9645500.0,TZS,2025-09-24,10-19-2025,2025-10-22,GRN-2025-1848,INV-VND-2025-1848,2025-10-24,2025-11-23,2025-11-15,EXP-23717,5,False,PC-2025-170,
PRC-2025-1849,GRT-2023-001,PRJ-2023-001,BDL-0017,VND-0032,LOC-KIL-001,FP-2025-10,STS-007,Quotation,Improved Maize Seed 5kg for PRJ-2023-001,859,Sets,18000.0,15462000.0,TZS,2025-10-08,2025-11-18,2025-11-26,GRN-2025-1849,,,,,,7,False,PC-2025-119,
PRC-2025-1850,GRT-2023-003,PRJ-2023-013,BDL-0062,VND-0118,LOC-ARU-001,FP-2025-03,STS-010,Quotation,UPS Battery for PRJ-2023-013,3,Units,484400.0,1453200.0,TZS,2025-03-28,2025-04-12,2025-04-14,GRN-2025-1850,INV-VND-2025-1850,2025-04-20,2025-05-20,2025-05-13,EXP-27332,4,False,,
PRC-2025-1851,GRT-2023-005,PRJ-2023-010,BDL-0144,VND-0077,LOC-KIL-001,FP-2025-08,STS-009,Quotation,Printer Canon for PRJ-2023-010,1,Litres,915300.0,915300.0,TZS,2025-08-08,2025-08-31,2025-09-15,GRN-2025-1851,INV-VND-2025-1851,2025-09-22,2025-10-22,2025-10-13,EXP-68954,5,False,,
PRC-2025-1852,GRT-2024-001,PRJ-2024-001,BDL-0091,VND-0060,LOC-MAN-001,FP-2025-08,STS-009,Quotation,Paracetamol Tablets for PRJ-2024-001,371,Boxes,27800.0,10313800.0,TZS,2025-08-27,2025-09-24,28/09/2025,GRN-2025-1852,INV-VND-2025-1852,2025-10-02,2025-11-01,2025-10-25,EXP-61425,7,False,PC-2025-016,
PRC-2025-1853,GRT-2024-001,PRJ-2024-002,BDL-0088,VND-0012,LOC-KIL-004,FP-2025-08,STS-008,Quotation,Office Desk for PRJ-2024-002,4,Pieces,713300.0,2853200.0,TZS,2025-08-09,2025-08-16,2025-08-29,GRN-2025-1853,INV-VND-2025-1853,2025-09-02,,,,3,False,PC-2025-029,
PRC-2025-1854,GRT-2024-001,PRJ-2024-001,BDL-0087,VND-0110,LOC-MAN-001,FP-2025-02,STS-009,Quotation,Indigenous Tree Seedlings for PRJ-2024-001,5569,Pieces,600.0,3341400.0,TZS,2025-02-05,2025-03-03,2025-03-09,GRN-2025-1854,INV-VND-2025-1854,2025-03-10,2025-04-09,2025-03-31,EXP-82159,5,False,,
PRC-2025-1855,GRT-2024-001,PRJ-2024-001,BDL-0099,VND-0028,LOC-MAN-001,FP-2025-05,STS-009,Quotation,Motorcycle Honda for PRJ-2024-001,1,Kg,4942900.0,4942900.0,TZS,2025-05-09,2025-05-20,2025-05-28,GRN-2025-1855,INV-VND-2025-1855,05-30-2025,2025-06-29,2025-07-05,EXP-71118,3,False,PC-2025-047,
PRC-2025-1856,GRT-2023-004,PRJ-2023-008,BDL-0107,VND-0056,LOC-MAN-002,FP-2025-02,STS-007,Quotation,HP Desktop Computer for PRJ-2023-008,1,Kg,1312100.0,1312100.0,TZS,2025-02-28,2025-04-08,2025-04-11,GRN-2025-1856,,,,,,5,False,,
PRC-2025-1857,GRT-2024-002,PRJ-2024-003,BDL-0154,VND-0001,LOC-ARU-003,FP-2025-02,STS-010,Quotation,Oral Rehydration Salts for PRJ-2024-003,176,Pieces,31900.0,5614400.0,TZS,2025-02-14,2025-02-24,2025-03-07,GRN-2025-1857,INV-VND-2025-1857,2025-03-11,2025-04-10,,EXP-53784,7,False,PC-2025-092,
PRC-2025-1858,GRT-2023-004,PRJ-2023-008,BDL-0112,VND-0077,LOC-MAN-002,FP-2025-03,STS-010,Quotation,Paracetamol Tablets for PRJ-2023-008,120,Boxes,26500.0,3180000.0,TZS,2025-03-03,2025-04-06,2025-04-10,GRN-2025-1858,INV-VND-2025-1858,2025-04-13,2025-05-13,2025-05-12,EXP-94051,4,False,,
PRC-2025-1859,GRT-2023-003,PRJ-2023-006,BDL-0075,VND-0103,LOC-KIL-001,FP-2025-02,STS-008,Quotation,Participant Bags for PRJ-2023-006,80,Kg,27300.0,2184000.0,TZS,2025-02-24,2025-04-03,2025-04-08,GRN-2025-1859,INV-VND-2025-1859,2025-04-13,,,,3,False,PC-2025-067,
PRC-2025-1860,GRT-2024-001,PRJ-2024-002,BDL-0096,VND-0083,LOC-KIL-004,FP-2025-01,STS-007,Quotation,Iron Sheets for PRJ-2024-002,71,Pieces,51300.0,3642300.0,TZS,2025-01-15,2025-01-30,2025-02-03,GRN-2025-1860,,,,,,4,False,PC-2025-123,
PRC-2025-1861,GRT-2023-001,PRJ-2023-001,BDL-0005,VND-0073,LOC-KIL-001,FP-2025-07,STS-009,Tender,Toyota Hilux Double Cab for PRJ-2023-001,1,Litres,35181100.0,35181100.0,TZS,2025-07-26,2025-09-01,2025-09-09,GRN-2025-1861,,2025-09-13,2025-10-13,2025-10-09,EXP-54702,5,False,PC-2025-047,
PRC-2025-1862,GRT-2024-002,PRJ-2024-004,BDL-0163,VND-0129,LOC-MAN-004,FP-2025-09,STS-008,Quotation,Manila Files Box for PRJ-2024-004,44,Sets,13600.0,598400.0,TZS,2025-09-30,2025-10-19,2025-10-16,GRN-2025-1862,INV-VND-2025-1862,2025-10-21,,,,4,False,PC-2025-067,
PRC-2025-1863,GRT-2022-004,PRJ-2023-005,BDL-0135,VND-0088,LOC-KIL-001,FP-2025-09,STS-004,Tender,Indigenous Tree Seedlings for PRJ-2023-005,10212,Pieces,600.0,6127200.0,TZS,2025-09-10,2025-10-02,,,,,,,,4,False,PC-2025-007,
PRC-2025-1864,GRT-2023-004,PRJ-2023-009,BDL-0117,VND-0135,LOC-MAN-003,FP-2025-02,STS-009,Quotation,Conference Table for PRJ-2023-009,1,Units,1347000.0,1347000.0,TZS,2025-02-07,2025-03-20,2025-03-31,GRN-2025-1864,INV-VND-2025-1864,2025-04-07,2025-05-07,2025-04-27,EXP-32819,5,False,PC-2025-183,
PRC-2025-1865,GRT-2023-005,PRJ-2023-010,BDL-0140,VND-0021,LOC-KIL-001,FP-2025-05,STS-010,Direct Purchase,External Hard Drive for PRJ-2023-010,1,Sets,204000.0,204000.0,TZS,2025-05-15,2025-06-24,2025-07-06,GRN-2025-1865,INV-VND-2025-1865,2025-07-09,2025-08-08,2025-09-22,EXP-38246,1,False,,
PRC-2025-1866,GRT-2023-002,PRJ-2023-012,BDL-0038,VND-0050,LOC-ARU-001,FP-2025-09,STS-005,Quotation,Conference Table for PRJ-2023-012,1,Litres,1198000.0,1198000.0,TZS,2025-09-09,2025-10-22,,,,,,,,5,False,PC-2025-020,
PRC-2025-1867,GRT-2024-003,PRJ-2024-005,BDL-0177,VND-0139,LOC-ARU-004,FP-2025-03,STS-009,Direct Purchase,Computer Accessories Set for PRJ-2024-005,1,Boxes,364900.0,364900.0,TZS,2025-03-28,2025-04-25,2025-05-06,GRN-2025-1867,INV-VND-2025-1867,2025-05-12,2025-06-11,2025-06-06,EXP-29835,1,False,,
PRC-2025-1868,GRT-2024-001,PRJ-2024-001,BDL-0098,VND-0119,LOC-MAN-001,FP-2025-07,STS-010,Quotation,Fruit Tree Seedlings for PRJ-2024-001,2553,Litres,1100.0,2808300.0,TZS,2025-07-04,2025-07-16,2025-07-27,GRN-2025-1868,INV-VND-2025-1868,2025-08-01,2025-08-31,2025-08-24,EXP-13409,3,False,PC-2025-017,
PRC-2025-1869,GRT-2024-001,PRJ-2024-002,BDL-0090,VND-0009,LOC-KIL-004,FP-2025-04,STS-006,Quotation,Filing Cabinet for PRJ-2024-002,2,Sets,372600.0,745200.0,TZS,2025-04-14,2025-04-26,,,,,,,,3,False,PC-2025-058,
PRC-2025-1870,GRT-2023-003,PRJ-2023-013,BDL-0063,VND-0099,LOC-ARU-001,FP-2025-09,STS-004,Quotation,UPS Battery for PRJ-2023-013,3,Litres,490800.0,1472400.0,TZS,2025-09-17,2025-09-24,,,,,,,,4,False,,
PRC-2025-1871,GRT-2023-004,PRJ-2023-009,BDL-0106,VND-0086,LOC-MAN-003,FP-2025-05,STS-009,Quotation,Fruit Tree Seedlings for PRJ-2023-009,3413,Units,1300.0,4436900.0,TZS,2025-05-12,06-15-2025,2025-06-28,GRN-2025-1871,INV-VND-2025-1871,2025-07-02,2025-08-01,2025-07-28,EXP-97694,4,False,PC-2025-121,
PRC-2025-1872,GRT-2021-001,PRJ-2023-007,BDL-0208,VND-0059,LOC-ARU-001,FP-2025-03,STS-009,Quotation,Toner Cartridge for PRJ-2023-007,34,Sets,49300.0,1676200.0,TZS,2025-03-31,2025-04-15,2025-04-14,GRN-2025-1872,INV-VND-2025-1872,2025-04-21,2025-05-21,2025-05-14,EXP-44425,4,False,PC-2025-036,
PRC-2025-1873,GRT-2023-001,PRJ-2023-011,BDL-0005,VND-0096,LOC-MAN-001,FP-2025-02,STS-010,Quotation,Toyota Land Cruiser 4x4 for PRJ-2023-011,1,Sets,42199000.0,42199000.0,TZS,2025-02-04,2025-02-17,2025-02-25,GRN-2025-1873,INV-VND-2025-1873,2025-03-04,2025-04-03,2025-03-24,EXP-58175,7,False,PC-2025-194,
PRC-2025-1874,GRT-2023-001,PRJ-2023-002,BDL-0010,VND-0077,LOC-KIL-002,FP-2025-04,STS-003,Tender,Indigenous Tree Seedlings for PRJ-2023-002,15795,Sets,600.0,9477000.0,TZS,04-27-2025,2025-05-11,,,,,,,,7,False,PC-2025-005,
PRC-2025-1875,GRT-2023-002,PRJ-2023-004,BDL-0025,VND-0029,LOC-ARU-002,FP-2025-09,STS-003,Quotation,UPS Battery for PRJ-2023-004,2,Litres,488200.0,976400.0,TZS,2025-09-14,2025-10-29,,,,,,,,5,False,,
PRC-2025-1876,GRT-2022-003,PRJ-2023-003,BDL-0049,VND-0007,LOC-KIL-003,FP-2025-03,STS-009,Direct Purchase,External Hard Drive for PRJ-2023-003,2,Units,176300.0,352600.0,TZS,2025-03-21,2025-03-29,2025-04-06,GRN-2025-1876,INV-VND-2025-1876,2025-04-09,2025-05-09,2025-05-06,EXP-62156,1,False,,
PRC-2025-1877,GRT-2021-001,PRJ-2023-007,BDL-0203,VND-0102,LOC-ARU-001,FP-2025-09,STS-010,Quotation,Filing Cabinet for PRJ-2023-007,2,Units,370400.0,740800.0,TZS,2025-09-24,2025-10-14,2025-10-15,GRN-2025-1877,INV-VND-2025-1877,2025-10-22,2025-11-21,2025-11-21,EXP-25274,5,False,PC-2025-051,
PRC-2025-1878,GRT-2023-002,PRJ-2023-012,BDL-0039,VND-0111,LOC-ARU-001,FP-2025-07,STS-008,Tender,Cement Bags for PRJ-2023-012,359,Units,27300.0,9800700.0,TZS,2025-07-03,2025-07-30,2025-08-07,GRN-2025-1878,INV-VND-2025-1878,2025-08-08,,,,3,False,PC-2025-068,
PRC-2025-1879,GRT-2024-001,PRJ-2024-001,BDL-0086,VND-0020,LOC-MAN-001,FP-2025-02,STS-009,Quotation,Printer Canon for PRJ-2024-001,1,Litres,885400.0,885400.0,TZS,2025-02-21,2025-03-25,2025-04-03,GRN-2025-1879,INV-VND-2025-1879,2025-04-09,2025-05-09,2025-06-06,EXP-30338,5,False,,
PRC-2025-1880,GRT-2023-004,PRJ-2023-009,BDL-0104,VND-0054,LOC-MAN-003,FP-2025-06,STS-009,Quotation,Manila Files Box for PRJ-2023-009,75,Units,15500.0,1162500.0,TZS,2025-06-30,2025-08-06,2025-08-19,GRN-2025-1880,INV-VND-2025-1880,2025-08-24,2025-09-23,2025-09-15,EXP-15909,3,False,PC-2025-084,
PRC-2025-1881,GRT-2024-004,PRJ-2024-006,BDL-0221,VND-0096,LOC-MAN-002,FP-2025-01,STS-006,Quotation,Toner Cartridge for PRJ-2024-006,17,Pieces,45700.0,776900.0,TZS,2025-01-26,2025-03-11,,,,,,,,5,False,PC-2025-020,
PRC-2025-1882,GRT-2023-002,PRJ-2023-004,BDL-0029,VND-0071,LOC-ARU-002,FP-2025-03,STS-007,Quotation,Office Desk for PRJ-2023-004,6,Litres,590400.0,3542400.0,TZS,2025-03-11,2025-03-26,2025-03-29,GRN-2025-1882,,,,,,3,False,PC-2025-071,
PRC-2025-1883,GRT-2023-004,PRJ-2023-008,BDL-0118,VND-0034,LOC-MAN-002,FP-2025-08,STS-009,Quotation,Fruit Tree Seedlings for PRJ-2023-008,2294,Sets,1200.0,2752800.0,TZS,2025-08-31,2025-09-10,2025-09-09,GRN-2025-1883,INV-VND-2025-1883,2025-09-10,2025-10-10,2025-09-30,EXP-26934,3,False,PC-2025-040,
PRC-2025-1884,GRT-2023-001,PRJ-2023-002,BDL-0020,VND-0016,LOC-KIL-002,FP-2025-08,STS-008,Quotation,Eucalyptus Seedlings for PRJ-2023-002,9485,Kg,800.0,7588000.0,TZS,2025-08-14,09-26-2025,2025-10-02,GRN-2025-1884,INV-VND-2025-1838,2025-10-08,,,,4,False,PC-2025-032,
PRC-2025-1885,GRT-2024-002,PRJ-2024-003,BDL-0166,VND-0079,LOC-ARU-003,FP-2025-05,STS-004,Quotation,Blood Pressure Monitors for PRJ-2024-003,4,Units,346200.0,1384800.0,TZS,2025-05-18,2025-06-13,,,,,,,,3,False,PC-2025-100,
PRC-2025-1886,GRT-2023-003,PRJ-2023-013,BDL-0081,VND-0043,LOC-ARU-001,FP-2025-01,STS-009,Quotation,Oral Rehydration Salts for PRJ-2023-013,151,Units,39000.0,5889000.0,TZS,2025-01-18,2025-02-11,2025-02-13,GRN-2025-1886,INV-VND-2025-1886,2025-02-14,2025-03-16,,EXP-62068,5,False,PC-2025-187,
PRC-2025-1887,GRT-2024-002,PRJ-2024-003,BDL-0172,VND-0038,LOC-ARU-003,FP-2025-07,STS-009,Direct Purchase,Flipchart Paper Pad for PRJ-2024-003,21,Boxes,17700.0,371700.0,TZS,2025-07-16,2025-08-15,2025-08-17,GRN-2025-1887,INV-VND-2025-1887,2025-08-20,2025-09-19,,EXP-28423,1,False,,
PRC-2025-1888,GRT-2023-003,PRJ-2023-006,BDL-0061,VND-0029,LOC-KIL-001,FP-2025-03,STS-009,Quotation,External Hard Drive for PRJ-2023-006,3,Boxes,179300.0,537900.0,TZS,2025-03-30,2025-04-08,2025-04-14,GRN-2025-1888,INV-VND-2025-1888,2025-04-21,2025-05-21,,EXP-42011,3,False,PC-2025-168,
PRC-2025-1889,GRT-2023-001,PRJ-2023-001,BDL-0001,VND-0008,LOC-KIL-001,FP-2025-09,STS-007,Tender,Malaria Rapid Test Kits Box for PRJ-2023-001,46,Litres,273200.0,12567200.0,TZS,2025-09-10,2025-10-17,2025-10-30,GRN-2025-1889,,,,,,4,False,PC-2025-022,
PRC-2025-1890,GRT-2023-001,PRJ-2023-011,BDL-0001,VND-0021,LOC-MAN-001,FP-2025-10,STS-009,Quotation,Notebooks Pack for PRJ-2023-011,134,Kg,8500.0,1139000.0,TZS,2025-10-07,2025-11-11,2025-11-13,GRN-2025-1890,INV-VND-2025-1890,2025-11-19,2025-12-19,2025-12-09,EXP-50071,5,False,PC-2025-122,
PRC-2025-1891,GRT-2021-001,PRJ-2023-007,BDL-0196,VND-0079,LOC-ARU-001,FP-2025-02,STS-009,Quotation,Cement Bags for PRJ-2023-007,383,Litres,28300.0,10838900.0,TZS,2025-02-08,2025-03-09,2025-03-11,GRN-2025-1891,INV-VND-2025-1891,2025-03-12,2025-04-11,2025-05-16,EXP-11076,7,False,PC-2025-073,
PRC-2025-1892,GRT-2024-001,PRJ-2024-001,BDL-0090,VND-0091,LOC-MAN-001,FP-2025-08,STS-009,Quotation,Office Desk for PRJ-2024-001,5,Sets,651000.0,3255000.0,TZS,2025-08-14,2025-09-27,2025-10-09,GRN-2025-1892,,2025-10-10,2025-11-09,2025-12-17,EXP-86027,5,False,PC-2025-171,
PRC-2025-1893,GRT-2024-002,PRJ-2024-003,BDL-0170,VND-0138,LOC-ARU-003,FP-2025-06,STS-009,Quotation,Toyota Hilux Double Cab for PRJ-2024-003,1,Pieces,30481900.0,30481900.0,TZS,2025-06-10,2025-07-11,2025-07-26,GRN-2025-1893,INV-VND-2025-1893,2025-07-30,2025-08-29,2025-09-20,EXP-70514,5,False,PC-2025-087,
PRC-2025-1894,GRT-2023-004,PRJ-2023-009,BDL-0109,VND-0111,LOC-MAN-003,FP-2025-05,STS-007,Quotation,Pens and Pencils Box for PRJ-2023-009,79,Litres,13300.0,1050700.0,TZS,2025-05-13,2025-06-17,2025-06-20,GRN-2025-1894,,,,,,5,False,,
PRC-2025-1895,GRT-2023-002,PRJ-2023-004,BDL-0025,VND-0144,LOC-ARU-002,FP-2025-08,STS-009,Direct Purchase,External Hard Drive for PRJ-2023-004,1,Boxes,169600.0,169600.0,TZS,2025-08-28,2025-09-18,2025-09-24,GRN-2025-1895,INV-VND-2025-1895,2025-09-28,2025-10-28,2025-10-22,EXP-67429,1,False,,
PRC-2025-1896,GRT-2024-004,PRJ-2024-006,BDL-0213,VND-0016,LOC-MAN-002,FP-2025-07,STS-009,Quotation,Training Handouts Printing for PRJ-2024-006,356,Pieces,32600.0,11605600.0,TZS,2025-07-14,2025-08-11,2025-08-22,GRN-2025-1896,INV-VND-2025-1896,2025-08-28,27/09/2025,2025-09-20,EXP-88791,5,False,PC-2025-071,
PRC-2025-1897,GRT-2023-004,PRJ-2023-009,BDL-0103,VND-0045,LOC-MAN-003,FP-2025-07,STS-009,Quotation,Toyota Hilux Double Cab for PRJ-2023-009,1,Pieces,29667500.0,29667500.0,TZS,2025-07-29,2025-09-02,2025-09-03,GRN-2025-1897,INV-VND-2025-1897,2025-09-06,2025-10-06,2025-09-26,EXP-92113,7,False,PC-2025-161,
PRC-2025-1898,GRT-2023-004,PRJ-2023-009,BDL-0106,VND-0111,LOC-MAN-003,FP-2025-01,STS-007,Quotation,Motorcycle Honda for PRJ-2023-009,1,Kg,4929900.0,4929900.0,TZS,2025-01-16,2025-02-18,2025-02-24,GRN-2025-1898,,,,,,3,False,,
PRC-2025-1899,GRT-2023-004,PRJ-2023-009,BDL-0116,VND-0033,LOC-MAN-003,FP-2025-05,STS-002,Quotation,Manila Files Box for PRJ-2023-009,55,Litres,17100.0,940500.0,TZS,2025-05-17,2025-06-03,,,,,,,,4,False,,
PRC-2025-1900,GRT-2024-002,PRJ-2024-003,BDL-0154,VND-0071,LOC-ARU-003,FP-2025-07,STS-009,Quotation,Eucalyptus Seedlings for PRJ-2024-003,5477,Kg,800.0,4381600.0,TZS,2025-07-05,15/08/2025,2025-08-28,GRN-2025-1900,INV-VND-2025-1900,2025-09-03,03-Oct-2025,2025-09-30,EXP-62025,5,False,PC-2025-030,
PRC-2025-1901,GRT-2023-001,PRJ-2023-002,BDL-0010,VND-0112,LOC-KIL-002,FP-2025-09,STS-010,Tender,Toyota Land Cruiser 4x4 for PRJ-2023-002,1,Units,41586700.0,41586700.0,TZS,2025-09-10,2025-10-07,2025-10-07,GRN-2025-1901,INV-VND-2025-1901,2025-10-11,2025-11-10,2025-11-08,EXP-85573,3,False,PC-2025-179,
PRC-2025-1902,GRT-2023-001,PRJ-2023-002,BDL-0010,VND-0150,LOC-KIL-002,FP-2025-07,STS-010,Quotation,Toner Cartridge for PRJ-2023-002,23,Sets,42400.0,975200.0,TZS,2025-07-04,2025-08-12,2025-08-27,GRN-2025-1902,INV-VND-2025-1902,2025-08-31,2025-09-30,2025-09-26,EXP-31547,5,False,,
PRC-2025-1903,GRT-2024-004,PRJ-2024-006,BDL-0226,VND-0092,LOC-MAN-002,FP-2025-05,STS-009,Quotation,Dell Laptop Computer for PRJ-2024-006,1,Units,1634900.0,1634900.0,TZS,2025-05-01,2025-06-10,2025-06-14,GRN-2025-1903,INV-VND-2025-1903,2025-06-16,2025-07-16,2025-08-19,EXP-74722,4,False,PC-2025-045,
PRC-2025-1904,GRT-2023-004,PRJ-2023-009,BDL-0113,VND-0055,LOC-MAN-003,FP-2025-09,STS-007,Quotation,HP Desktop Computer for PRJ-2023-009,1,Units,1398600.0,1398600.0,TZS,2025-09-11,2025-10-25,2025-10-29,GRN-2025-1904,,,,,,5,False,,
PRC-2025-1905,GRT-2024-002,PRJ-2024-004,BDL-0173,VND-0136,LOC-MAN-004,FP-2025-07,STS-009,Quotation,Participant Bags for PRJ-2024-004,60,Sets,23400.0,1404000.0,TZS,2025-07-21,2025-08-13,2025-08-19,GRN-2025-1905,INV-VND-2025-1905,2025-08-25,2025-09-24,2025-10-15,EXP-36005,5,False,PC-2025-110,
PRC-2025-1906,GRT-2023-003,PRJ-2023-006,BDL-0068,VND-0066,LOC-KIL-001,FP-2025-07,STS-009,Tender,Vegetable Seed Pack for PRJ-2023-006,600,Litres,9300.0,5580000.0,TZS,2025-07-16,2025-07-28,2025-07-27,GRN-2025-1906,INV-VND-2025-1906,2025-07-28,2025-08-27,2025-08-22,EXP-61500,3,False,PC-2025-076,
PRC-2025-1907,GRT-2023-003,PRJ-2023-006,BDL-0082,VND-0106,LOC-KIL-001,FP-2025-03,STS-010,Quotation,Projector Epson for PRJ-2023-006,1,Boxes,1167400.0,1167400.0,TZS,2025-03-28,2025-04-26,2025-04-30,GRN-2025-1907,INV-VND-2025-1907,2025-05-01,2025-05-31,2025-05-26,EXP-72705,3,False,,
PRC-2025-1908,GRT-2023-004,PRJ-2023-008,BDL-0113,VND-0130,LOC-MAN-002,FP-2025-04,STS-002,Direct Purchase,Markers Set for PRJ-2023-008,25,Pieces,12800.0,320000.0,TZS,2025-04-27,2025-05-16,,,,,,,,1,False,,
PRC-2025-1909,GRT-2024-002,PRJ-2024-004,BDL-0167,VND-0051,LOC-MAN-004,FP-2025-01,STS-006,Quotation,Office Desk for PRJ-2024-004,6,Litres,588600.0,3531600.0,TZS,2025-01-27,2025-02-06,,,,,,,,5,False,PC-2025-095,
PRC-2025-1910,GRT-2023-001,PRJ-2023-001,BDL-0009,VND-0130,LOC-KIL-001,FP-2025-03,STS-006,Quotation,Printer Canon for PRJ-2023-001,1,Litres,814900.0,814900.0,TZS,2025-03-13,2025-04-02,,,,,,,,3,False,PC-2025-116,
PRC-2025-1911,GRT-2022-004,PRJ-2023-005,BDL-0132,VND-0039,LOC-KIL-001,FP-2025-03,STS-009,Quotation,Timber Planks for PRJ-2023-005,181,Litres,14700.0,2660700.0,TZS,2025-03-20,2025-04-11,2025-04-15,GRN-2025-1911,INV-VND-2025-1911,2025-04-21,2025-05-21,2025-05-13,EXP-38084,3,False,PC-2025-128,
PRC-2025-1912,GRT-2023-005,PRJ-2023-010,BDL-0153,VND-0040,LOC-KIL-001,FP-2025-02,STS-009,Quotation,Cement Bags for PRJ-2023-010,276,Boxes,28700.0,7921200.0,TZS,2025-02-15,2025-03-10,2025-03-07,GRN-2025-1912,INV-VND-2025-1912,2025-03-09,2025-04-08,2025-04-06,EXP-67355,7,False,PC-2025-137,
PRC-2025-1913,GRT-2023-001,PRJ-2023-011,BDL-0006,VND-0053,LOC-MAN-001,FP-2025-03,STS-007,Direct Purchase,Computer Accessories Set for PRJ-2023-011,1,Sets,335800.0,335800.0,TZS,2025-03-05,2025-04-06,2025-04-21,GRN-2025-1913,,,,,,1,False,,
PRC-2025-1914,GRT-2024-002,PRJ-2024-004,BDL-0164,VND-0089,LOC-MAN-004,FP-2025-05,STS-010,Quotation,Manila Files Box for PRJ-2024-004,54,Kg,16400.0,885600.0,TZS,2025-05-10,2025-05-29,2025-06-13,GRN-2025-1914,INV-VND-2025-1914,2025-06-20,2025-07-20,2025-07-15,EXP-70855,4,False,PC-2025-152,
PRC-2025-1915,GRT-2022-004,PRJ-2023-005,BDL-0119,VND-0060,LOC-KIL-001,FP-2025-07,STS-007,Quotation,Oral Rehydration Salts for PRJ-2023-005,67,Pieces,37700.0,2525900.0,TZS,2025-07-20,2025-07-30,2025-08-09,GRN-2025-1915,,,,,,5,False,PC-2025-068,
PRC-2025-1916,GRT-2024-003,PRJ-2024-005,BDL-0187,VND-0055,LOC-ARU-004,FP-2025-04,STS-003,Quotation,Projector Epson for PRJ-2024-005,1,Litres,1259100.0,1259100.0,TZS,2025-04-19,2025-05-04,,,,,,,,4,False,PC-2025-150,
PRC-2025-1917,GRT-2023-002,PRJ-2023-004,BDL-0031,VND-0040,LOC-ARU-002,FP-2025-04,STS-010,Quotation,Notebooks Pack for PRJ-2023-004,79,Pieces,9100.0,718900.0,TZS,2025-04-04,2025-05-08,2025-05-11,GRN-2025-1917,INV-VND-2025-1917,2025-05-15,2025-06-14,2025-06-10,EXP-45836,3,False,PC-2025-076,
PRC-2025-1918,GRT-2024-004,PRJ-2024-006,BDL-0212,VND-0047,LOC-MAN-002,FP-2025-07,STS-009,Quotation,Vegetable Seed Pack for PRJ-2024-006,322,Kg,8600.0,2769200.0,TZS,2025-07-21,2025-08-31,2025-09-04,GRN-2025-1918,INV-VND-2025-1918,2025-09-07,2025-10-07,2025-10-25,EXP-40821,3,False,PC-2025-009,
PRC-2025-1919,GRT-2024-001,PRJ-2024-001,BDL-0090,VND-0068,LOC-MAN-001,FP-2025-07,STS-010,Quotation,Flipchart Paper Pad for PRJ-2024-001,28,Boxes,20500.0,574000.0,TZS,2025-07-12,2025-08-04,2025-08-15,GRN-2025-1919,INV-VND-2025-1919,2025-08-21,2025-09-20,2025-09-16,EXP-37679,3,False,,
PRC-2025-1920,GRT-2022-004,PRJ-2023-005,BDL-0120,VND-0114,LOC-KIL-001,FP-2025-02,STS-009,Quotation,Motorcycle Honda for PRJ-2023-005,1,Litres,4715900.0,4715900.0,TZS,2025-02-05,2025-02-23,2025-03-08,GRN-2025-1920,INV-VND-2025-1920,2025-03-11,2025-04-10,2025-03-31,EXP-82962,5,False,,
PRC-2025-1921,GRT-2023-003,PRJ-2023-013,BDL-0067,VND-0027,LOC-ARU-001,FP-2025-03,STS-010,Quotation,Eucalyptus Seedlings for PRJ-2023-013,7972,Boxes,800.0,6377600.0,TZS,2025-03-12,2025-04-02,12-Apr-2025,GRN-2025-1921,INV-VND-2025-1921,2025-04-15,2025-05-15,,EXP-66502,4,False,PC-2025-133,
PRC-2025-1922,GRT-2023-001,PRJ-2023-011,BDL-0009,VND-0124,LOC-MAN-001,FP-2025-06,STS-009,Quotation,Filing Cabinet for PRJ-2023-011,5,Litres,418400.0,2092000.0,TZS,2025-06-18,2025-06-25,2025-07-04,GRN-2025-1922,INV-VND-2025-1922,2025-07-08,2025-08-07,2025-09-19,EXP-65860,3,False,PC-2025-028,
PRC-2025-1923,GRT-2024-003,PRJ-2024-005,BDL-0188,VND-0001,LOC-ARU-004,FP-2025-03,STS-010,Quotation,Paint 20L for PRJ-2024-005,30,Pieces,86900.0,2607000.0,TZS,2025-03-29,2025-04-28,2025-05-06,GRN-2025-1923,INV-VND-2025-1923,2025-05-07,2025-06-06,2025-06-01,EXP-52756,4,False,PC-2025-004,
PRC-2025-1924,GRT-2024-003,PRJ-2024-005,BDL-0178,VND-0016,LOC-ARU-004,FP-2025-05,STS-007,Quotation,Fruit Tree Seedlings for PRJ-2024-005,2037,Kg,1200.0,2444400.0,TZS,2025-05-27,2025-06-11,2025-06-19,GRN-2025-1924,,,,,,5,False,,
PRC-2025-1925,GRT-2023-003,PRJ-2023-006,BDL-0077,VND-0098,LOC-KIL-001,FP-2025-06,STS-006,Tender,Malaria Rapid Test Kits Box for PRJ-2023-006,95,Litres,262400.0,24928000.0,TZS,2025-06-22,2025-07-11,,,,,,,,6,False,PC-2025-132,
PRC-2025-1926,GRT-2024-003,PRJ-2024-005,BDL-0187,VND-0138,LOC-ARU-004,FP-2025-06,STS-009,Quotation,Indigenous Tree Seedlings for PRJ-2024-005,15174,Sets,600.0,9104400.0,TZS,2025-06-02,2025-06-23,2025-07-05,GRN-2025-1926,INV-VND-2025-1926,2025-07-07,2025-08-06,2025-08-04,EXP-75875,4,False,PC-2025-086,
PRC-2025-1927,GRT-2023-003,PRJ-2023-013,BDL-0069,VND-0128,LOC-ARU-001,FP-2025-02,STS-006,Quotation,Filing Cabinet for PRJ-2023-013,3,Kg,404400.0,1213200.0,TZS,2025-02-15,2025-04-01,,,,,,,,5,False,PC-2025-068,
PRC-2025-1928,GRT-2021-001,PRJ-2023-007,BDL-0209,VND-0071,LOC-ARU-001,FP-2025-02,STS-006,Direct Purchase,Computer Accessories Set for PRJ-2023-007,1,Litres,376700.0,376700.0,TZS,2025-02-20,2025-03-21,,,,,,,,1,False,,
PRC-2025-1929,GRT-2022-004,PRJ-2023-005,BDL-0128,VND-0125,LOC-KIL-001,FP-2025-09,STS-009,Quotation,Fruit Tree Seedlings for PRJ-2023-005,1785,Litres,1200.0,2142000.0,TZS,2025-09-10,2025-09-18,2025-09-21,GRN-2025-1929,INV-VND-2025-1929,2025-09-25,2025-10-25,2025-10-22,EXP-16552,4,False,PC-2025-041,
PRC-2025-1930,GRT-2023-002,PRJ-2023-004,BDL-0041,VND-0014,LOC-ARU-002,FP-2025-06,STS-009,Quotation,Markers Set for PRJ-2023-004,52,Kg,13700.0,712400.0,TZS,2025-06-03,2025-06-17,16/06/2025,GRN-2025-1930,INV-VND-2025-1930,2025-06-21,2025-07-21,2025-07-19,EXP-28239,4,False,,
PRC-2025-1931,GRT-2024-001,PRJ-2024-001,BDL-0097,VND-0067,LOC-MAN-001,FP-2025-07,STS-007,Direct Purchase,Markers Set for PRJ-2024-001,42,Pieces,11000.0,462000.0,TZS,2025-07-23,2025-08-19,2025-08-20,GRN-2025-1931,,,,,,1,False,,
PRC-2025-1932,GRT-2024-001,PRJ-2024-001,BDL-0093,VND-0094,LOC-MAN-001,FP-2025-06,STS-006,Quotation,Sunflower Seeds 1kg for PRJ-2024-001,140,Pieces,14900.0,2086000.0,TZS,2025-06-21,2025-07-24,,,,,,,,3,False,PC-2025-054,
PRC-2025-1933,GRT-2023-002,PRJ-2023-012,BDL-0026,VND-0033,LOC-ARU-001,FP-2025-05,STS-010,Tender,Malaria Rapid Test Kits Box for PRJ-2023-012,33,Kg,307600.0,10150800.0,TZS,2025-05-29,2025-07-12,2025-07-10,GRN-2025-1933,INV-VND-2025-1933,2025-07-16,2025-08-15,2025-08-12,EXP-48097,5,False,PC-2025-170,
PRC-2025-1934,GRT-2023-001,PRJ-2023-002,BDL-0015,VND-0046,LOC-KIL-002,FP-2025-08,STS-001,Quotation,Toyota Land Cruiser 4x4 for PRJ-2023-002,1,Sets,46477300.0,46477300.0,TZS,2025-08-25,2025-09-13,,,,,,,,6,False,PC-2025-172,
PRC-2025-1935,GRT-2023-002,PRJ-2023-004,BDL-0024,VND-0098,LOC-ARU-002,FP-2025-09,STS-008,Quotation,Cement Bags for PRJ-2023-004,146,Pieces,31300.0,4569800.0,TZS,2025-09-17,2025-09-24,2025-09-25,GRN-2025-1935,INV-VND-2025-1935,2025-10-01,,,,5,False,,
PRC-2025-1936,GRT-2021-001,PRJ-2023-007,BDL-0201,VND-0139,LOC-ARU-001,FP-2025-01,STS-007,Quotation,Motorcycle Honda for PRJ-2023-007,1,Boxes,4715800.0,4715800.0,TZS,2025-01-23,2025-02-09,2025-02-13,GRN-2025-1936,,,,,,5,False,,
PRC-2025-1937,GRT-2023-004,PRJ-2023-009,BDL-0110,VND-0007,LOC-MAN-003,FP-2025-10,STS-009,Quotation,Manila Files Box for PRJ-2023-009,73,Boxes,16000.0,1168000.0,TZS,2025-10-08,2025-11-08,2025-11-12,GRN-2025-1937,INV-VND-2025-1937,2025-11-14,2025-12-14,2025-12-04,EXP-21748,5,False,,
PRC-2025-1938,GRT-2024-001,PRJ-2024-001,BDL-0084,VND-0100,LOC-MAN-001,FP-2025-07,STS-009,Quotation,Vegetable Seed Pack for PRJ-2024-001,434,Pieces,9000.0,3906000.0,TZS,2025-07-10,2025-08-07,2025-08-09,GRN-2025-1938,,2025-08-10,2025-09-09,2025-09-08,EXP-93160,5,False,,
PRC-2025-1939,GRT-2023-002,PRJ-2023-012,BDL-0036,VND-0021,LOC-ARU-001,FP-2025-03,STS-009,Tender,Toyota Land Cruiser 4x4 for PRJ-2023-012,1,Kg,47831800.0,47831800.0,TZS,2025-03-24,2025-04-22,2025-04-27,GRN-2025-1939,INV-VND-2025-1939,2025-05-03,2025-06-02,,EXP-41601,5,False,PC-2025-158,
PRC-2025-1940,GRT-2022-004,PRJ-2023-005,BDL-0138,VND-0137,LOC-KIL-001,FP-2025-02,STS-006,Quotation,UPS Battery for PRJ-2023-005,3,Kg,455400.0,1366200.0,TZS,2025-02-12,2025-02-22,,,,,,,,4,False,,
PRC-2025-1941,GRT-2023-001,PRJ-2023-001,BDL-0006,VND-0084,LOC-KIL-001,FP-2025-04,STS-009,Direct Purchase,External Hard Drive for PRJ-2023-001,2,Boxes,181700.0,363400.0,TZS,2025-04-14,2025-04-28,2025-04-30,GRN-2025-1941,INV-VND-2025-1941,2025-05-04,2025-06-03,,EXP-38060,1,False,,
PRC-2025-1942,GRT-2023-003,PRJ-2023-006,BDL-0080,VND-0096,LOC-KIL-001,FP-2025-05,STS-009,Quotation,Manila Files Box for PRJ-2023-006,92,Pieces,15600.0,1435200.0,TZS,2025-05-01,2025-06-05,2025-06-15,GRN-2025-1942,INV-VND-2025-1942,2025-06-22,2025-07-22,2025-07-14,EXP-32986,4,False,PC-2025-020,
PRC-2025-1943,GRT-2024-001,PRJ-2024-002,BDL-0098,VND-0038,LOC-KIL-004,FP-2025-08,STS-009,Quotation,Notebooks Pack for PRJ-2024-002,67,Sets,8500.0,569500.0,TZS,2025-08-14,07/09/2025,2025-09-14,GRN-2025-1943,INV-VND-2025-1943,2025-09-17,2025-10-17,,EXP-51027,4,False,,
PRC-2025-1944,GRT-2023-002,PRJ-2023-012,BDL-0023,VND-0091,LOC-ARU-001,FP-2025-04,STS-009,Quotation,Conference Table for PRJ-2023-012,1,Boxes,1287800.0,1287800.0,TZS,18-Apr-2025,2025-05-27,2025-06-04,GRN-2025-1944,,2025-06-07,2025-07-07,,EXP-70907,5,False,,
PRC-2025-1945,GRT-2024-001,PRJ-2024-007,BDL-0092,VND-0091,LOC-ARU-002,FP-2025-05,STS-009,Tender,Office Chair for PRJ-2024-007,18,Boxes,278500.0,5013000.0,TZS,2025-05-29,2025-07-12,2025-07-24,GRN-2025-1945,INV-VND-2025-1945,2025-07-27,2025-08-26,2025-08-24,EXP-98201,3,False,PC-2025-076,
PRC-2025-1946,GRT-2024-001,PRJ-2024-001,BDL-0085,VND-0024,LOC-MAN-001,FP-2025-09,STS-009,Tender,Eucalyptus Seedlings for PRJ-2024-001,9579,Boxes,900.0,8621100.0,TZS,2025-09-14,2025-10-11,2025-10-10,GRN-2025-1946,INV-VND-2025-1946,2025-10-11,2025-11-10,2025-11-10,EXP-18617,4,False,PC-2025-035,
PRC-2025-1947,GRT-2023-001,PRJ-2023-001,BDL-0019,VND-0100,LOC-KIL-001,FP-2025-03,STS-009,Quotation,Dell Laptop Computer for PRJ-2023-001,1,Pieces,1621300.0,1621300.0,TZS,2025-03-08,2025-04-12,2025-04-17,GRN-2025-1947,INV-VND-2025-1947,2025-04-24,05-24-2025,2025-05-15,EXP-74323,5,False,,
PRC-2025-1948,GRT-2024-001,PRJ-2024-001,BDL-0085,VND-0033,LOC-MAN-001,FP-2025-02,STS-007,Quotation,Filing Cabinet for PRJ-2024-001,2,Litres,345400.0,690800.0,TZS,2025-02-01,2025-03-03,2025-03-09,GRN-2025-1948,,,,,,4,False,PC-2025-141,
PRC-2025-1949,GRT-2024-003,PRJ-2024-005,BDL-0174,VND-0047,LOC-ARU-004,FP-2025-05,STS-007,Quotation,Office Desk for PRJ-2024-005,9,Boxes,695800.0,6262200.0,TZS,2025-05-03,2025-06-02,2025-06-02,GRN-2025-1949,,,,,,6,False,PC-2025-151,
PRC-2025-1950,GRT-2024-002,PRJ-2024-003,BDL-0172,VND-0008,LOC-ARU-003,FP-2025-03,STS-010,Tender,Toyota Hilux Double Cab for PRJ-2024-003,1,Boxes,29292700.0,29292700.0,TZS,2025-03-25,2025-04-27,2025-04-27,GRN-2025-1950,INV-VND-2025-1950,01-May-2025,2025-05-31,2025-05-21,EXP-43007,7,False,PC-2025-159,
PRC-2025-1951,GRT-2023-001,PRJ-2023-001,BDL-0020,VND-0116,LOC-KIL-001,FP-2025-04,STS-009,Direct Purchase,Network Switch for PRJ-2023-001,1,Litres,373800.0,373800.0,TZS,2025-04-30,2025-05-23,2025-05-28,GRN-2025-1951,INV-VND-2025-1951,2025-06-02,2025-07-02,2025-06-22,EXP-96566,1,False,,
PRC-2025-1952,GRT-2024-004,PRJ-2024-006,BDL-0225,VND-0044,LOC-MAN-002,FP-2025-09,STS-006,Quotation,Cement Bags for PRJ-2024-006,288,Pieces,29800.0,8582400.0,TZS,2025-09-14,2025-10-11,,,,,,,,3,False,PC-2025-185,
PRC-2025-1953,GRT-2023-001,PRJ-2023-001,BDL-0015,VND-0039,LOC-KIL-001,FP-2025-02,STS-009,Quotation,Participant Bags for PRJ-2023-001,165,Pieces,25100.0,4141500.0,TZS,2025-02-04,2025-03-15,2025-03-14,GRN-2025-1953,INV-VND-2025-1953,2025-03-16,2025-04-15,2025-04-15,EXP-76517,3,False,PC-2025-191,
PRC-2025-1954,GRT-2023-002,PRJ-2023-012,BDL-0025,VND-0082,LOC-ARU-001,FP-2025-07,STS-009,Quotation,UPS Battery for PRJ-2023-012,2,Units,495400.0,990800.0,TZS,2025-07-08,2025-08-21,2025-08-18,GRN-2025-1954,,2025-08-25,2025-09-24,2025-09-22,EXP-77005,3,False,PC-2025-075,
PRC-2025-1955,GRT-2023-002,PRJ-2023-004,BDL-0029,VND-0032,LOC-ARU-002,FP-2025-04,STS-009,Quotation,Bean Seeds 2kg for PRJ-2023-004,265,Units,11500.0,3047500.0,TZS,2025-04-12,2025-05-10,2025-05-09,GRN-2025-1955,INV-VND-2025-1955,2025-05-11,2025-06-10,2025-06-05,EXP-78230,3,False,PC-2025-088,
PRC-2025-1956,GRT-2023-005,PRJ-2023-010,BDL-0147,VND-0036,LOC-KIL-001,FP-2025-02,STS-008,Quotation,Office Chair for PRJ-2023-010,6,Sets,279000.0,1674000.0,TZS,2025-02-06,2025-03-17,2025-03-18,GRN-2025-1956,INV-VND-2025-1956,2025-03-25,,,,4,False,PC-2025-003,
PRC-2025-1957,GRT-2021-001,PRJ-2023-007,BDL-0202,VND-0007,LOC-ARU-001,FP-2025-03,STS-010,Tender,Toyota Land Cruiser 4x4 for PRJ-2023-007,1,Litres,43258900.0,43258900.0,TZS,2025-03-09,2025-03-31,2025-04-05,GRN-2025-1957,INV-VND-2025-1957,2025-04-10,2025-05-10,2025-05-01,EXP-52758,3,False,PC-2025-163,
PRC-2025-1958,GRT-2024-001,PRJ-2024-007,BDL-0091,VND-0136,LOC-ARU-002,FP-2025-02,STS-005,Direct Purchase,Markers Set for PRJ-2024-007,30,Kg,12200.0,366000.0,TZS,2025-02-12,2025-03-09,,,,,,,,1,False,,
PRC-2025-1959,GRT-2023-005,PRJ-2023-010,BDL-0142,VND-0135,LOC-KIL-001,FP-2025-06,STS-007,Quotation,Projector Epson for PRJ-2023-010,1,Pieces,1324000.0,1324000.0,TZS,2025-06-20,2025-07-23,2025-07-31,GRN-2025-1959,,,,,,4,False,PC-2025-026,
PRC-2025-1960,GRT-2024-004,PRJ-2024-006,BDL-0227,VND-0082,LOC-MAN-002,FP-2025-02,STS-006,Quotation,Filing Cabinet for PRJ-2024-006,5,Boxes,426100.0,2130500.0,TZS,2025-02-26,2025-04-04,,,,,,,,5,False,PC-2025-059,
PRC-2025-1961,GRT-2023-003,PRJ-2023-013,BDL-0076,VND-0001,LOC-ARU-001,FP-2025-03,STS-010,Quotation,Iron Sheets for PRJ-2023-013,71,Pieces,46000.0,3266000.0,TZS,2025-03-18,2025-04-17,2025-04-22,GRN-2025-1961,INV-VND-2025-1961,2025-04-24,2025-05-24,2025-05-22,EXP-51594,4,False,PC-2025-034,
PRC-2025-1962,GRT-2022-004,PRJ-2023-005,BDL-0120,VND-0066,LOC-KIL-001,FP-2025-02,STS-002,Direct Purchase,External Hard Drive for PRJ-2023-005,2,Litres,199000.0,398000.0,TZS,2025-02-10,2025-03-16,,,,,,,,1,False,,
PRC-2025-1963,GRT-2023-001,PRJ-2023-011,BDL-0015,VND-0044,LOC-MAN-001,FP-2025-07,STS-009,Quotation,Eucalyptus Seedlings for PRJ-2023-011,3227,Pieces,700.0,2258900.0,TZS,2025-07-21,2025-08-19,2025-09-02,GRN-2025-1963,INV-VND-2025-1963,2025-09-09,2025-10-09,2025-10-03,EXP-39670,4,False,,
PRC-2025-1964,GRT-2024-001,PRJ-2024-007,BDL-0099,VND-0053,LOC-ARU-002,FP-2025-09,STS-009,Quotation,Dell Laptop Computer for PRJ-2024-007,1,Pieces,1979600.0,1979600.0,TZS,2025-09-26,2025-11-07,2025-11-11,GRN-2025-1964,INV-VND-2025-1964,2025-11-18,2025-12-18,2025-12-12,EXP-43450,5,False,,
PRC-2025-1965,GRT-2023-003,PRJ-2023-013,BDL-0075,VND-0055,LOC-ARU-001,FP-2025-03,STS-005,Quotation,Notebooks Pack for PRJ-2023-013,57,Units,9600.0,547200.0,TZS,2025-03-31,2025-04-24,,,,,,,,5,False,PC-2025-173,
PRC-2025-1966,GRT-2022-003,PRJ-2023-003,BDL-0056,VND-0135,LOC-KIL-003,FP-2025-09,STS-009,Quotation,Office Chair for PRJ-2023-003,8,Boxes,272500.0,2180000.0,TZS,2025-09-26,2025-10-13,2025-10-19,GRN-2025-1966,INV-VND-2025-1966,2025-10-24,2025-11-23,2025-11-14,EXP-13722,3,False,PC-2025-001,
PRC-2025-1967,GRT-2023-001,PRJ-2023-002,BDL-0005,VND-0021,LOC-KIL-002,FP-2025-02,STS-007,Quotation,Printer Canon for PRJ-2023-002,1,Units,799600.0,799600.0,TZS,2025-02-03,2025-03-10,2025-03-19,GRN-2025-1967,,,,,,4,False,PC-2025-075,
PRC-2025-1968,GRT-2024-004,PRJ-2024-006,BDL-0228,VND-0016,LOC-MAN-002,FP-2025-06,STS-008,Quotation,Conference Table for PRJ-2024-006,1,Sets,1354200.0,1354200.0,TZS,2025-06-15,2025-06-23,2025-06-24,GRN-2025-1968,INV-VND-2025-1968,2025-06-28,,,,3,False,,
PRC-2025-1969,GRT-2023-001,PRJ-2023-002,BDL-0001,VND-0075,LOC-KIL-002,FP-2025-05,STS-009,Quotation,Filing Cabinet for PRJ-2023-002,3,Sets,371700.0,1115100.0,TZS,2025-05-16,2025-06-27,2025-07-02,GRN-2025-1969,INV-VND-2025-1969,2025-07-06,2025-08-05,2025-08-04,EXP-81668,5,False,PC-2025-200,
PRC-2025-1970,GRT-2021-001,PRJ-2023-007,BDL-0203,VND-0126,LOC-ARU-001,FP-2025-02,STS-009,Quotation,Toyota Hilux Double Cab for PRJ-2023-007,1,Kg,29547000.0,29547000.0,TZS,2025-02-10,2025-02-26,2025-03-07,GRN-2025-1970,INV-VND-2025-1970,2025-03-11,2025-04-10,2025-04-17,EXP-60278,4,False,PC-2025-194,
PRC-2025-1971,GRT-2024-002,PRJ-2024-004,BDL-0164,VND-0057,LOC-MAN-004,FP-2025-02,STS-010,Quotation,Office Chair for PRJ-2024-004,17,Sets,282300.0,4799100.0,TZS,2025-02-11,2025-03-03,2025-03-12,GRN-2025-1971,INV-VND-2025-1971,2025-03-15,2025-04-14,2025-04-10,EXP-30782,3,False,,
PRC-2025-1972,GRT-2022-003,PRJ-2023-003,BDL-0057,VND-0117,LOC-KIL-003,FP-2025-04,STS-009,Direct Purchase,Flipchart Paper Pad for PRJ-2023-003,18,Litres,17800.0,320400.0,TZS,2025-04-10,2025-04-26,2025-05-02,GRN-2025-1972,INV-VND-2025-1972,2025-05-04,2025-06-03,2025-05-29,EXP-88298,1,False,,
PRC-2025-1973,GRT-2024-002,PRJ-2024-004,BDL-0155,VND-0101,LOC-MAN-004,FP-2025-07,STS-007,Quotation,Paint 20L for PRJ-2024-004,37,Kg,81200.0,3004400.0,TZS,2025-07-09,2025-07-31,2025-08-15,GRN-2025-1973,,,,,,3,False,,
PRC-2025-1974,GRT-2023-003,PRJ-2023-006,BDL-0069,VND-0097,LOC-KIL-001,FP-2025-08,STS-009,Tender,Eucalyptus Seedlings for PRJ-2023-006,7574,Sets,800.0,6059200.0,TZS,2025-08-15,2025-09-26,2025-09-23,GRN-2025-1974,INV-VND-2025-1974,2025-09-28,2025-10-28,2025-10-20,EXP-58395,7,False,PC-2025-016,
PRC-2025-1975,GRT-2023-001,PRJ-2023-011,BDL-0009,VND-0137,LOC-MAN-001,FP-2025-04,STS-008,Quotation,Bean Seeds 2kg for PRJ-2023-011,434,Kg,12700.0,5511800.0,TZS,2025-04-10,2025-05-17,2025-05-24,GRN-2025-1975,INV-VND-2025-1975,2025-05-27,,,,5,False,PC-2025-055,
PRC-2025-1976,GRT-2023-001,PRJ-2023-011,BDL-0006,VND-0079,LOC-MAN-001,FP-2025-05,STS-009,Quotation,Manila Files Box for PRJ-2023-011,33,Litres,15500.0,511500.0,TZS,2025-05-28,2025-06-27,2025-06-27,GRN-2025-1976,INV-VND-2025-1976,2025-07-02,2025-08-01,,EXP-30807,5,False,PC-2025-104,
PRC-2025-1977,GRT-2023-001,PRJ-2023-001,BDL-0005,VND-0068,LOC-KIL-001,FP-2025-09,STS-009,Direct Purchase,Network Switch for PRJ-2023-001,1,Units,349000.0,349000.0,TZS,2025-09-20,2025-10-19,2025-10-30,GRN-2025-1977,INV-VND-2025-1977,2025-11-01,2025-12-01,2025-12-01,EXP-83756,1,False,,
PRC-2025-1978,GRT-2024-001,PRJ-2024-007,BDL-0092,VND-0053,LOC-ARU-002,FP-2025-04,STS-009,Quotation,Pens and Pencils Box for PRJ-2024-007,57,Sets,11800.0,672600.0,TZS,2025-04-03,05-13-2025,2025-05-28,GRN-2025-1978,INV-VND-2025-1978,2025-05-29,2025-06-28,2025-06-21,EXP-20172,3,False,PC-2025-100,
PRC-2025-1979,GRT-2023-001,PRJ-2023-011,BDL-0008,VND-0130,LOC-MAN-001,FP-2025-08,STS-009,Quotation,External Hard Drive for PRJ-2023-011,3,Units,197800.0,-593400.0,TZS,2025-08-14,2025-08-24,2025-08-23,GRN-2025-1979,INV-VND-2025-1979,2025-08-27,2025-09-26,2025-09-16,EXP-68002,4,False,PC-2025-089,
PRC-2025-1980,GRT-2022-003,PRJ-2023-003,BDL-0059,VND-0109,LOC-KIL-003,FP-2025-01,STS-009,Quotation,Dell Laptop Computer for PRJ-2023-003,1,Litres,1772400.0,1772400.0,TZS,2025-01-25,2025-02-07,2025-02-04,GRN-2025-1980,INV-VND-2025-1980,2025-02-11,2025-03-13,,EXP-32187,3,False,,
PRC-2025-1981,GRT-2023-002,PRJ-2023-012,BDL-0024,VND-0022,LOC-ARU-001,FP-2025-09,STS-009,Tender,Medical Gloves Box for PRJ-2023-012,158,Boxes,41800.0,6604400.0,TZS,2025-09-16,2025-09-27,2025-09-25,GRN-2025-1981,INV-VND-2025-1981,2025-09-26,2025-10-26,2025-10-22,EXP-20401,6,False,PC-2025-112,
PRC-2025-1982,GRT-2022-004,PRJ-2023-005,BDL-0137,VND-0044,LOC-KIL-001,FP-2025-07,STS-009,Quotation,Office Desk for PRJ-2023-005,5,Kg,608700.0,3043500.0,TZS,2025-07-01,2025-07-24,2025-07-30,GRN-2025-1982,INV-VND-2025-1982,2025-08-04,2025-09-03,2025-08-29,EXP-14722,3,False,,
PRC-2025-1983,GRT-2024-004,PRJ-2024-006,BDL-0211,VND-0115,LOC-MAN-002,FP-2025-05,STS-005,Quotation,Training Handouts Printing for PRJ-2024-006,285,Units,40000.0,11400000.0,TZS,2025-05-23,2025-06-07,,,,,,,,4,False,PC-2025-076,
PRC-2025-1984,GRT-2024-001,PRJ-2024-001,BDL-0099,VND-0078,LOC-MAN-001,FP-2025-03,STS-009,Quotation,HP Desktop Computer for PRJ-2024-001,1,Kg,1314100.0,1314100.0,TZS,2025-03-22,2025-03-29,02/04/2025,GRN-2025-1984,INV-VND-2025-1984,2025-04-07,2025-05-07,2025-05-01,EXP-70586,4,False,PC-2025-024,
PRC-2025-1985,GRT-2023-005,PRJ-2023-010,BDL-0142,VND-0086,LOC-KIL-001,FP-2025-08,STS-009,Direct Purchase,Network Switch for PRJ-2023-010,1,Kg,424400.0,424400.0,TZS,2025-08-26,2025-09-13,2025-09-28,GRN-2025-1985,INV-VND-2025-1985,2025-10-04,2025-11-03,2025-10-25,EXP-66906,1,False,,
PRC-2025-1986,GRT-2024-001,PRJ-2024-002,BDL-0091,VND-0059,LOC-KIL-004,FP-2025-05,STS-010,Quotation,Timber Planks for PRJ-2024-002,159,Sets,16900.0,2687100.0,TZS,2025-05-20,2025-06-24,2025-06-24,GRN-2025-1986,INV-VND-2025-1986,2025-06-27,2025-07-27,2025-07-19,EXP-86285,4,False,PC-2025-120,
PRC-2025-1987,GRT-2024-001,PRJ-2024-002,BDL-0091,VND-0008,LOC-KIL-004,FP-2025-06,STS-007,Tender,Training Handouts Printing for PRJ-2024-002,330,Pieces,38200.0,12606000.0,TZS,2025-06-04,2025-06-14,2025-06-17,GRN-2025-1987,,,,,,6,False,PC-2025-177,
PRC-2025-1988,GRT-2024-001,PRJ-2024-007,BDL-0092,VND-0106,LOC-ARU-002,FP-2025-05,STS-007,Quotation,Iron Sheets for PRJ-2024-007,98,Litres,42900.0,4204200.0,TZS,2025-05-20,2025-06-09,2025-06-17,GRN-2025-1988,,,,,,3,False,PC-2025-079,
PRC-2025-1989,GRT-2024-002,PRJ-2024-003,BDL-0169,VND-0129,LOC-ARU-003,FP-2025-04,STS-001,Quotation,Bean Seeds 2kg for PRJ-2024-003,449,Pieces,13700.0,6151300.0,TZS,2025-04-28,2025-05-19,,,,,,,,7,False,PC-2025-141,
PRC-2025-1990,GRT-2023-001,PRJ-2023-001,BDL-0004,VND-0068,LOC-KIL-001,FP-2025-02,STS-005,Quotation,Dell Laptop Computer for PRJ-2023-001,1,Pieces,1967400.0,1967400.0,TZS,2025-02-19,2025-03-20,,,,,,,,3,False,,
PRC-2025-1991,GRT-2024-002,PRJ-2024-004,BDL-0164,VND-0101,LOC-MAN-004,FP-2025-07,STS-010,Direct Purchase,External Hard Drive for PRJ-2024-004,1,Units,189000.0,189000.0,TZS,2025-07-20,2025-07-28,2025-08-05,GRN-2025-1991,INV-VND-2025-1991,2025-08-12,2025-09-11,09/09/2025,EXP-25829,1,False,,
PRC-2025-1992,GRT-2023-004,PRJ-2023-008,BDL-0104,VND-0048,LOC-MAN-002,FP-2025-01,STS-005,Quotation,Filing Cabinet for PRJ-2023-008,3,Sets,369500.0,1108500.0,TZS,2025-01-19,2025-02-28,,,,,,,,4,False,PC-2025-165,
PRC-2025-1993,GRT-2023-004,PRJ-2023-008,BDL-0103,VND-0081,LOC-MAN-002,FP-2025-09,STS-010,Quotation,Malaria Rapid Test Kits Box for PRJ-2023-008,80,Kg,284100.0,22728000.0,TZS,2025-09-15,2025-09-27,2025-10-02,GRN-2025-1993,INV-VND-2025-1993,2025-10-09,2025-11-08,2025-11-06,EXP-66606,7,False,PC-2025-129,
PRC-2025-1994,GRT-2021-001,PRJ-2023-007,BDL-0206,VND-0070,LOC-ARU-001,FP-2025-06,STS-007,Tender,Training Handouts Printing for PRJ-2023-007,312,Pieces,32700.0,10202400.0,TZS,2025-06-09,2025-07-16,2025-07-21,GRN-2025-1994,,,,,,5,False,PC-2025-014,
PRC-2025-1995,GRT-2023-003,PRJ-2023-006,BDL-0081,VND-0042,LOC-KIL-001,FP-2025-04,STS-009,Direct Purchase,Network Switch for PRJ-2023-006,1,Litres,394800.0,394800.0,TZS,2025-04-16,2025-05-04,2025-05-10,GRN-2025-1995,INV-VND-2025-1995,2025-05-16,2025-06-15,2025-06-05,EXP-46643,1,False,,
PRC-2025-1996,GRT-2023-004,PRJ-2023-009,BDL-0111,VND-0003,LOC-MAN-003,FP-2025-08,STS-010,Quotation,Notebooks Pack for PRJ-2023-009,116,Kg,9000.0,1044000.0,TZS,2025-08-23,2025-10-07,2025-10-09,GRN-2025-1996,INV-VND-2025-1996,2025-10-11,2025-11-10,2025-11-05,EXP-41619,4,False,PC-2025-099,
PRC-2025-1997,GRT-2024-002,PRJ-2024-003,BDL-0166,VND-0061,LOC-ARU-003,FP-2025-09,STS-007,Quotation,Participant Bags for PRJ-2024-003,150,Sets,23900.0,3585000.0,TZS,2025-09-22,2025-10-01,2025-10-01,GRN-2025-1997,,,,,,3,False,,
PRC-2025-1998,GRT-2024-002,PRJ-2024-003,BDL-0171,VND-0137,LOC-ARU-003,FP-2025-06,STS-007,Quotation,Toyota Hilux Double Cab for PRJ-2024-003,1,Units,33855800.0,33855800.0,TZS,2025-06-22,2025-07-18,2025-07-22,GRN-2025-1998,,,,,,5,False,PC-2025-023,
PRC-2025-1999,GRT-2021-001,PRJ-2023-007,BDL-0201,VND-0055,LOC-ARU-001,FP-2025-04,STS-009,Quotation,Projector Epson for PRJ-2023-007,1,Units,1354200.0,1354200.0,TZS,2025-04-14,2025-05-12,22-May-2025,GRN-2025-1999,INV-VND-2025-1999,2025-05-26,2025-06-25,2025-06-19,EXP-46781,4,False,PC-2025-138,
PRC-2025-2000,GRT-2023-001,PRJ-2023-011,BDL-0018,VND-0010,LOC-MAN-001,FP-2025-08,STS-004,Quotation,Participant Bags for PRJ-2023-011,99,Kg,24500.0,2425500.0,TZS,2025-08-28,2025-09-26,,,,,,,,4,False,PC-2025-169,
PRC-2025-2001,GRT-2023-002,PRJ-2023-012,BDL-0032,VND-0024,LOC-ARU-001,FP-2025-03,STS-006,Tender,Indigenous Tree Seedlings for PRJ-2023-012,14334,Pieces,600.0,8600400.0,TZS,2025-03-06,2025-03-18,,,,,,,,5,False,PC-2025-147,
PRC-2025-2002,GRT-2024-002,PRJ-2024-004,BDL-0158,VND-0040,LOC-MAN-004,FP-2025-05,STS-010,Quotation,Toner Cartridge for PRJ-2024-004,31,Sets,47900.0,1484900.0,TZS,2025-05-22,2025-06-08,2025-06-12,GRN-2025-2002,INV-VND-2025-2002,2025-06-18,2025-07-18,2025-08-12,EXP-32507,3,False,,
PRC-2025-2003,GRT-2024-004,PRJ-2024-006,BDL-0224,VND-0125,LOC-MAN-002,FP-2025-06,STS-001,Tender,Sunflower Seeds 1kg for PRJ-2024-006,304,Kg,17100.0,5198400.0,TZS,2025-06-13,2025-07-11,,,,,,,,4,False,PC-2025-008,
PRC-2025-2004,GRT-2024-002,PRJ-2024-003,BDL-0157,VND-0141,LOC-ARU-003,FP-2025-05,STS-010,Direct Purchase,External Hard Drive for PRJ-2024-003,1,Units,196100.0,196100.0,TZS,2025-05-08,2025-05-30,2025-06-09,GRN-2025-2004,INV-VND-2025-2004,2025-06-12,2025-07-12,2025-07-07,EXP-70729,1,False,,
PRC-2025-2005,GRT-2023-001,PRJ-2023-002,BDL-0013,VND-0138,LOC-KIL-002,FP-2025-07,STS-008,Quotation,Timber Planks for PRJ-2023-002,156,Units,15100.0,2355600.0,TZS,2025-07-11,2025-07-31,2025-08-01,GRN-2025-2005,INV-VND-2025-2005,2025-08-04,,,,3,False,PC-2025-108,
PRC-2025-2006,GRT-2021-001,PRJ-2023-007,BDL-0208,VND-0034,LOC-ARU-001,FP-2025-04,STS-010,Quotation,Bean Seeds 2kg for PRJ-2023-007,293,Kg,13200.0,3867600.0,TZS,2025-04-04,2025-04-11,2025-04-24,GRN-2025-2006,INV-VND-2025-2006,2025-04-28,2025-05-28,2025-05-20,EXP-82273,4,False,,
PRC-2025-2007,GRT-2023-002,PRJ-2023-004,BDL-0041,VND-0122,LOC-ARU-002,FP-2025-07,STS-009,Quotation,Printer Canon for PRJ-2023-004,1,Sets,835700.0,835700.0,TZS,2025-07-19,2025-08-24,2025-09-03,GRN-2025-2007,INV-VND-2025-2007,2025-09-04,2025-10-04,2025-09-26,EXP-66497,3,False,PC-2025-135,
PRC-2025-2008,GRT-2024-004,PRJ-2024-006,BDL-0213,VND-0117,LOC-MAN-002,FP-2025-09,STS-010,Quotation,Indigenous Tree Seedlings for PRJ-2024-006,4965,Litres,700.0,3475500.0,TZS,2025-09-07,2025-10-02,2025-10-17,GRN-2025-2008,INV-VND-2025-2008,2025-10-19,2025-11-18,2025-11-11,EXP-98652,3,False,,
PRC-2025-2009,GRT-2024-001,PRJ-2024-002,BDL-0096,VND-0034,LOC-KIL-004,FP-2025-05,STS-009,Quotation,Eucalyptus Seedlings for PRJ-2024-002,5375,Pieces,800.0,4300000.0,TZS,2025-05-23,2025-07-03,2025-07-06,GRN-2025-2009,INV-VND-2025-2009,2025-07-11,2025-08-10,2025-08-27,EXP-47660,4,False,PC-2025-044,
PRC-2025-2010,GRT-2024-003,PRJ-2024-005,BDL-0184,VND-0049,LOC-ARU-004,FP-2025-09,STS-004,Tender,Vegetable Seed Pack for PRJ-2024-005,619,Pieces,8300.0,5137700.0,TZS,2025-09-22,2025-10-12,,,,,,,,7,False,PC-2025-037,
PRC-2025-2011,GRT-2023-001,PRJ-2023-011,BDL-0009,VND-0117,LOC-MAN-001,FP-2025-02,STS-008,Quotation,Pens and Pencils Box for PRJ-2023-011,82,Pieces,11800.0,967600.0,TZS,2025-02-11,2025-03-24,2025-04-03,GRN-2025-2011,INV-VND-2025-2011,2025-04-07,,,,3,False,PC-2025-080,
PRC-2025-2012,GRT-2023-003,PRJ-2023-006,BDL-0071,VND-0115,LOC-KIL-001,FP-2025-03,STS-009,Quotation,Iron Sheets for PRJ-2023-006,44,Litres,49900.0,2195600.0,TZS,2025-03-25,2025-04-29,2025-05-09,GRN-2025-2012,INV-VND-2025-2012,2025-05-12,2025-06-11,2025-06-09,EXP-15587,3,False,,
PRC-2025-2013,GRT-2023-002,PRJ-2023-004,BDL-0023,VND-0004,LOC-ARU-002,FP-2025-04,STS-004,Quotation,Timber Planks for PRJ-2023-004,80,Litres,15300.0,1224000.0,TZS,2025-04-20,2025-04-30,,,,,,,,3,False,PC-2025-192,
PRC-2025-2014,GRT-2024-004,PRJ-2024-006,BDL-0215,VND-0022,LOC-MAN-002,FP-2025-02,STS-004,Direct Purchase,External Hard Drive for PRJ-2024-006,1,Sets,194800.0,194800.0,TZS,2025-02-11,2025-03-03,,,,,,,,1,False,,
PRC-2025-2015,GRT-2024-004,PRJ-2024-006,BDL-0218,VND-0023,LOC-MAN-002,FP-2025-07,STS-010,Quotation,Paint 20L for PRJ-2024-006,31,Litres,90200.0,2796200.0,TZS,2025-07-13,2025-08-21,2025-09-02,GRN-2025-2015,INV-VND-2025-2015,2025-09-05,2025-10-05,2025-09-26,EXP-72533,4,False,PC-2025-135,
PRC-2025-2016,GRT-2023-003,PRJ-2023-006,BDL-0068,VND-0144,LOC-KIL-001,FP-2025-03,STS-006,Quotation,Dell Laptop Computer for PRJ-2023-006,1,Litres,1912200.0,1912200.0,TZS,2025-03-24,2025-05-01,,,,,,,,5,False,PC-2025-200,
PRC-2025-2017,GRT-2024-001,PRJ-2024-007,BDL-0099,VND-0112,LOC-ARU-002,FP-2025-06,STS-010,Quotation,Reams of A4 Paper for PRJ-2024-007,168,Boxes,5700.0,957600.0,TZS,2025-06-26,2025-07-11,2025-07-16,GRN-2025-2017,INV-VND-2025-2017,2025-07-19,2025-08-18,2025-08-18,EXP-68062,4,False,PC-2025-016,
PRC-2025-2018,GRT-2024-001,PRJ-2024-007,BDL-0096,VND-0123,LOC-ARU-002,FP-2025-09,STS-009,Quotation,Manila Files Box for PRJ-2024-007,45,Sets,17200.0,774000.0,TZS,2025-09-16,2025-09-26,2025-10-02,GRN-2025-2018,INV-VND-2025-2018,2025-10-04,2025-11-03,2025-10-28,EXP-81138,5,False,PC-2025-175,
PRC-2025-2019,GRT-2024-001,PRJ-2024-002,BDL-0095,VND-0011,LOC-KIL-004,FP-2025-07,STS-010,Quotation,Malaria Rapid Test Kits Box for PRJ-2024-002,50,Pieces,265800.0,13290000.0,TZS,19/07/2025,2025-08-10,2025-08-09,GRN-2025-2019,INV-VND-2025-2019,08-10-2025,2025-09-09,2025-10-05,EXP-85625,5,False,PC-2025-143,
PRC-2025-2020,GRT-2023-001,PRJ-2023-011,BDL-0008,VND-0045,LOC-MAN-001,FP-2025-10,STS-008,Quotation,Medical Gloves Box for PRJ-2023-011,172,Sets,42200.0,7258400.0,TZS,2025-10-04,2025-11-16,2025-11-28,GRN-2025-2020,INV-VND-2025-2020,2025-12-02,,,,5,False,PC-2025-161,
PRC-2025-2021,GRT-2024-001,PRJ-2024-001,BDL-0087,VND-0133,LOC-MAN-001,FP-2025-07,STS-003,Quotation,Reams of A4 Paper for PRJ-2024-001,248,Sets,5100.0,1264800.0,TZS,2025-07-08,2025-07-20,,,,,,,,4,False,PC-2025-139,
PRC-2025-2022,GRT-2022-003,PRJ-2023-003,BDL-0049,VND-0014,LOC-KIL-003,FP-2025-06,STS-010,Quotation,Notebooks Pack for PRJ-2023-003,138,Kg,9400.0,1297200.0,TZS,2025-06-27,2025-07-09,2025-07-18,GRN-2025-2022,INV-VND-2025-2022,2025-07-22,2025-08-21,2025-09-17,EXP-73469,5,False,PC-2025-108,
PRC-2025-2023,GRT-2024-002,PRJ-2024-003,BDL-0168,VND-0136,LOC-ARU-003,FP-2025-04,STS-009,Direct Purchase,Flipchart Paper Pad for PRJ-2024-003,15,Sets,18800.0,-282000.0,TZS,2025-04-24,2025-06-08,2025-06-07,GRN-2025-2023,INV-VND-2025-2023,2025-06-13,2025-07-13,2025-07-13,EXP-97275,1,False,,
PRC-2025-2024,GRT-2024-001,PRJ-2024-001,BDL-0089,VND-0150,LOC-MAN-001,FP-2025-06,STS-010,Quotation,Pens and Pencils Box for PRJ-2024-001,70,Pieces,12300.0,861000.0,TZS,2025-06-10,2025-07-14,2025-07-21,GRN-2025-2024,INV-VND-2025-2024,2025-07-24,2025-08-23,2025-08-22,EXP-96335,5,False,,
PRC-2025-2025,GRT-2021-001,PRJ-2023-007,BDL-0208,VND-0090,LOC-ARU-001,FP-2025-09,STS-008,Quotation,Conference Table for PRJ-2023-007,1,Pieces,1087700.0,1087700.0,TZS,2025-09-23,2025-11-03,2025-11-11,GRN-2025-2025,INV-VND-2025-2025,2025-11-14,,,,5,False,PC-2025-053,
PRC-2025-2026,GRT-2024-001,PRJ-2024-001,BDL-0089,VND-0107,LOC-MAN-001,FP-2025-04,STS-003,Quotation,HP Desktop Computer for PRJ-2024-001,1,Kg,1320700.0,1320700.0,TZS,2025-04-08,2025-05-11,,,,,,,,4,False,,
PRC-2025-2027,GRT-2024-001,PRJ-2024-002,BDL-0094,VND-0056,LOC-KIL-004,FP-2025-08,STS-010,Direct Purchase,Computer Accessories Set for PRJ-2024-002,1,Litres,328200.0,328200.0,TZS,2025-08-19,2025-09-06,2025-09-07,GRN-2025-2027,INV-VND-2025-2027,2025-09-10,2025-10-10,2025-10-04,EXP-10319,1,False,,
PRC-2025-2028,GRT-2024-004,PRJ-2024-006,BDL-0223,VND-0143,LOC-MAN-002,FP-2025-05,STS-009,Quotation,Markers Set for PRJ-2024-006,41,Litres,13300.0,545300.0,TZS,2025-05-09,2025-05-28,2025-06-01,GRN-2025-2028,INV-VND-2025-2028,2025-06-07,2025-07-07,2025-06-30,EXP-66304,5,False,PC-2025-123,
PRC-2025-2029,GRT-2023-005,PRJ-2023-010,BDL-0147,VND-0032,LOC-KIL-001,FP-2025-05,STS-009,Quotation,Eucalyptus Seedlings for PRJ-2023-010,8070,Litres,800.0,6456000.0,TZS,2025-05-15,2025-06-21,2025-07-05,GRN-2025-2029,INV-VND-2025-2029,2025-07-07,2025-08-06,2025-08-01,EXP-27441,6,False,PC-2025-163,
PRC-2025-2030,GRT-2023-003,PRJ-2023-006,BDL-0080,VND-0149,LOC-KIL-001,FP-2025-04,STS-009,Quotation,Eucalyptus Seedlings for PRJ-2023-006,6558,Boxes,800.0,5246400.0,TZS,2025-04-19,2025-05-30,2025-05-29,GRN-2025-2030,INV-VND-2025-2030,2025-06-02,2025-07-02,2025-06-25,EXP-68232,6,False,PC-2025-170,
PRC-2025-2031,GRT-2024-001,PRJ-2024-007,BDL-0097,VND-0078,LOC-ARU-002,FP-2025-04,STS-009,Quotation,Iron Sheets for PRJ-2024-007,41,Sets,44600.0,1828600.0,TZS,2025-04-05,2025-04-28,2025-04-29,GRN-2025-2031,INV-VND-2025-2031,2025-04-30,2025-05-30,2025-05-27,EXP-29847,5,False,,
PRC-2025-2032,GRT-2024-002,PRJ-2024-004,BDL-0156,VND-0129,LOC-MAN-004,FP-2025-09,STS-007,Direct Purchase,UPS Battery for PRJ-2024-004,1,Sets,431800.0,431800.0,TZS,2025-09-13,2025-10-01,2025-10-06,GRN-2025-2032,,,,,,1,False,,
PRC-2025-2033,GRT-2024-004,PRJ-2024-006,BDL-0220,VND-0146,LOC-MAN-002,FP-2025-05,STS-007,Direct Purchase,Markers Set for PRJ-2024-006,39,Litres,12800.0,499200.0,TZS,11-May-2025,2025-06-19,2025-06-27,GRN-2025-2033,,,,,,1,False,,
PRC-2025-2034,GRT-2024-001,PRJ-2024-007,BDL-0088,VND-0089,LOC-ARU-002,FP-2025-09,STS-009,Quotation,Indigenous Tree Seedlings for PRJ-2024-007,4196,Litres,600.0,2517600.0,TZS,2025-09-11,2025-10-02,2025-10-10,GRN-2025-2034,INV-VND-2025-2034,2025-10-14,2025-11-13,2025-11-10,EXP-47630,4,False,,
PRC-2025-2035,GRT-2024-003,PRJ-2024-005,BDL-0178,VND-0016,LOC-ARU-004,FP-2025-05,STS-010,Tender,Motorcycle Honda for PRJ-2024-005,1,Litres,5029000.0,5029000.0,TZS,2025-05-18,2025-06-09,2025-06-07,GRN-2025-2035,,2025-06-11,2025-07-11,2025-08-14,EXP-57620,3,False,PC-2025-194,
PRC-2025-2036,GRT-2024-001,PRJ-2024-002,BDL-0086,VND-0022,LOC-KIL-004,FP-2025-02,STS-009,Quotation,Oral Rehydration Salts for PRJ-2024-002,106,Pieces,36700.0,3890200.0,TZS,2025-02-20,2025-03-08,2025-03-06,GRN-2025-2036,INV-VND-2025-2036,2025-03-13,2025-04-12,2025-04-18,EXP-62762,3,False,PC-2025-030,
PRC-2025-2037,GRT-2023-004,PRJ-2023-009,BDL-0110,VND-0023,LOC-MAN-003,FP-2025-06,STS-010,Quotation,Eucalyptus Seedlings for PRJ-2023-009,4090,Boxes,700.0,2863000.0,TZS,2025-06-22,2025-07-16,2025-07-15,GRN-2025-2037,INV-VND-2025-2037,2025-07-22,2025-08-21,2025-08-12,EXP-58971,4,False,PC-2025-191,
PRC-2025-2038,GRT-2023-001,PRJ-2023-011,BDL-0001,VND-0144,LOC-MAN-001,FP-2025-02,STS-004,Quotation,Filing Cabinet for PRJ-2023-011,4,Litres,343200.0,1372800.0,TZS,2025-02-16,2025-03-03,,,,,,,,4,False,PC-2025-054,
PRC-2025-2039,GRT-2021-001,PRJ-2023-007,BDL-0190,VND-0037,LOC-ARU-001,FP-2025-10,STS-008,Quotation,Printer Canon for PRJ-2023-007,1,Kg,795900.0,795900.0,TZS,2025-10-07,2025-11-20,2025-12-05,GRN-2025-2039,INV-VND-2025-2039,2025-12-09,,,,4,False,,
PRC-2025-2040,GRT-2024-002,PRJ-2024-003,BDL-0155,VND-0115,LOC-ARU-003,FP-2025-05,STS-008,Quotation,Manila Files Box for PRJ-2024-003,95,Litres,16300.0,1548500.0,TZS,2025-05-29,2025-07-09,2025-07-17,GRN-2025-2040,INV-VND-2025-2040,22/07/2025,,,,5,False,,
PRC-2025-2041,GRT-2023-005,PRJ-2023-010,BDL-0144,VND-0147,LOC-KIL-001,FP-2025-09,STS-006,Quotation,HP Desktop Computer for PRJ-2023-010,1,Boxes,1484500.0,1484500.0,TZS,2025-09-06,02-Oct-2025,,,,,,,,3,False,PC-2025-176,
PRC-2025-2042,GRT-2024-002,PRJ-2024-003,BDL-0166,VND-0014,LOC-ARU-003,FP-2025-05,STS-004,Quotation,Sunflower Seeds 1kg for PRJ-2024-003,287,Sets,16800.0,4821600.0,TZS,2025-05-08,2025-06-05,,,,,,,,4,False,PC-2025-003,
PRC-2025-2043,GRT-2024-002,PRJ-2024-003,BDL-0154,VND-0135,LOC-ARU-003,FP-2025-05,STS-009,Quotation,Manila Files Box for PRJ-2024-003,88,Litres,15900.0,1399200.0,TZS,2025-05-03,2025-06-09,2025-06-24,GRN-2025-2043,INV-VND-2025-2043,2025-06-26,2025-07-26,2025-07-17,EXP-50420,5,False,PC-2025-118,
PRC-2025-2044,GRT-2024-002,PRJ-2024-004,BDL-0154,VND-0013,LOC-MAN-004,FP-2025-06,STS-009,Quotation,Pens and Pencils Box for PRJ-2024-004,59,Boxes,13500.0,796500.0,TZS,2025-06-21,2025-07-09,2025-07-14,GRN-2025-2044,INV-VND-2025-2044,2025-07-16,2025-08-15,2025-08-14,EXP-19734,4,False,,
PRC-2025-2045,GRT-2023-004,PRJ-2023-008,BDL-0100,VND-0043,LOC-MAN-002,FP-2025-04,STS-008,Quotation,Sunflower Seeds 1kg for PRJ-2023-008,393,Litres,14400.0,5659200.0,TZS,2025-04-25,2025-05-13,2025-05-26,GRN-2025-2045,INV-VND-2025-2045,01-Jun-2025,,,,4,False,PC-2025-080,
PRC-2025-2046,GRT-2023-002,PRJ-2023-012,BDL-0023,VND-0087,LOC-ARU-001,FP-2025-07,STS-007,Quotation,Indigenous Tree Seedlings for PRJ-2023-012,10909,Kg,600.0,6545400.0,TZS,2025-07-24,2025-08-03,2025-08-02,GRN-2025-2046,,,,,,7,False,PC-2025-030,
PRC-2025-2047,GRT-2023-002,PRJ-2023-012,BDL-0023,VND-0094,LOC-ARU-001,FP-2025-03,STS-010,Quotation,UPS Battery for PRJ-2023-012,2,Pieces,486400.0,972800.0,TZS,03-14-2025,2025-04-12,2025-04-12,GRN-2025-2047,INV-VND-2025-2047,2025-04-15,2025-05-15,2025-05-14,EXP-88200,3,False,PC-2025-073,
PRC-2025-2048,GRT-2024-001,PRJ-2024-002,BDL-0093,VND-0028,LOC-KIL-004,FP-2025-07,STS-009,Quotation,Office Chair for PRJ-2024-002,12,Pieces,308200.0,3698400.0,TZS,2025-07-14,2025-08-28,2025-08-26,GRN-2025-2048,INV-VND-2025-2048,2025-08-28,2025-09-27,2025-09-25,EXP-40538,4,False,,
PRC-2025-2049,GRT-2023-003,PRJ-2023-006,BDL-0078,VND-0023,LOC-KIL-001,FP-2025-02,STS-006,Quotation,Office Chair for PRJ-2023-006,15,Pieces,289600.0,4344000.0,TZS,2025-02-28,2025-03-30,,,,,,,,3,False,,
PRC-2025-2050,GRT-2024-003,PRJ-2024-005,BDL-0174,VND-0021,LOC-ARU-004,FP-2025-04,STS-008,Quotation,Timber Planks for PRJ-2024-005,121,Boxes,14600.0,1766600.0,TZS,2025-04-14,2025-05-05,2025-05-05,GRN-2025-2050,INV-VND-2025-2050,2025-05-09,,,,4,False,PC-2025-148,
PRC-2025-2051,GRT-2024-004,PRJ-2024-006,BDL-0218,VND-0133,LOC-MAN-002,FP-2025-08,STS-008,Tender,Medical Gloves Box for PRJ-2024-006,154,Sets,48200.0,7422800.0,TZS,2025-08-31,2025-09-24,2025-09-21,GRN-2025-2051,INV-VND-2025-2051,2025-09-23,,,,3,False,PC-2025-136,
PRC-2025-2052,GRT-2023-001,PRJ-2023-002,BDL-0013,VND-0035,LOC-KIL-002,FP-2025-07,STS-007,Quotation,Medical Gloves Box for PRJ-2023-002,89,Sets,44200.0,3933800.0,TZS,2025-07-04,2025-07-31,2025-07-30,GRN-2025-2052,,,,,,3,False,,
PRC-2025-2053,GRT-2023-005,PRJ-2023-010,BDL-0152,VND-0059,LOC-KIL-001,FP-2025-06,STS-004,Quotation,Flipchart Paper Pad for PRJ-2023-010,36,Boxes,19100.0,687600.0,TZS,2025-06-20,07-17-2025,,,,,,,,4,False,PC-2025-065,
PRC-2025-2054,GRT-2023-002,PRJ-2023-004,BDL-0030,VND-0144,LOC-ARU-002,FP-2025-09,STS-006,Quotation,External Hard Drive for PRJ-2023-004,3,Pieces,175400.0,526200.0,TZS,2025-09-15,2025-10-19,,,,,,,,3,False,PC-2025-090,
PRC-2025-2055,GRT-2022-003,PRJ-2023-003,BDL-0042,VND-0028,LOC-KIL-003,FP-2025-06,STS-004,Direct Purchase,Flipchart Paper Pad for PRJ-2023-003,27,Kg,18400.0,496800.0,TZS,2025-06-17,2025-07-16,,,,,,,,1,False,,
PRC-2025-2056,GRT-2021-001,PRJ-2023-007,BDL-0207,VND-0148,LOC-ARU-001,FP-2025-10,STS-003,Tender,Office Desk for PRJ-2023-007,9,Units,660900.0,5948100.0,TZS,2025-10-06,2025-10-16,,,,,,,,6,False,PC-2025-186,
PRC-2025-2057,GRT-2024-004,PRJ-2024-006,BDL-0214,VND-0001,LOC-MAN-002,FP-2025-07,STS-009,Quotation,Toyota Land Cruiser 4x4 for PRJ-2024-006,1,Litres,40761000.0,40761000.0,TZS,2025-07-31,2025-08-24,2025-08-29,GRN-2025-2057,INV-VND-2025-2057,2025-08-31,2025-09-30,,EXP-59500,6,False,PC-2025-005,
PRC-2025-2058,GRT-2023-001,PRJ-2023-011,BDL-0021,VND-0091,LOC-MAN-001,FP-2025-06,STS-009,Tender,Toyota Hilux Double Cab for PRJ-2023-011,1,Boxes,30453800.0,30453800.0,TZS,2025-06-29,2025-07-09,2025-07-14,GRN-2025-2058,INV-VND-2025-2058,2025-07-16,2025-08-15,2025-08-09,EXP-15877,4,False,PC-2025-110,
PRC-2025-2059,GRT-2021-001,PRJ-2023-007,BDL-0191,VND-0016,LOC-ARU-001,FP-2025-03,STS-010,Direct Purchase,Network Switch for PRJ-2023-007,1,Litres,415000.0,415000.0,TZS,2025-03-05,2025-03-24,2025-04-01,GRN-2025-2059,INV-VND-2025-2059,2025-04-06,2025-05-06,05-04-2025,EXP-65156,1,False,,
PRC-2025-2060,GRT-2023-004,PRJ-2023-008,BDL-0103,VND-0048,LOC-MAN-002,FP-2025-02,STS-008,Quotation,Dell Laptop Computer for PRJ-2023-008,1,Kg,2004600.0,2004600.0,TZS,2025-02-09,2025-02-26,2025-03-06,GRN-2025-2060,INV-VND-2025-2060,2025-03-13,,,,5,False,PC-2025-052,
PRC-2025-2061,GRT-2024-002,PRJ-2024-003,BDL-0168,VND-0076,LOC-ARU-003,FP-2025-04,STS-009,Tender,Oral Rehydration Salts for PRJ-2024-003,146,Pieces,34300.0,5007800.0,TZS,2025-04-04,2025-05-01,2025-04-30,GRN-2025-2061,INV-VND-2025-2061,2025-05-03,2025-06-02,2025-05-28,EXP-33060,5,False,PC-2025-144,
PRC-2025-2062,GRT-2023-005,PRJ-2023-010,BDL-0142,VND-0098,LOC-KIL-001,FP-2025-02,STS-009,Quotation,Conference Table for PRJ-2023-010,1,Pieces,1184100.0,1184100.0,TZS,2025-02-24,2025-03-13,2025-03-14,GRN-2025-2062,INV-VND-2025-2062,2025-03-16,2025-04-15,2025-04-07,EXP-74620,4,False,,
PRC-2025-2063,GRT-2024-001,PRJ-2024-002,BDL-0097,VND-0010,LOC-KIL-004,FP-2025-07,STS-007,Quotation,Iron Sheets for PRJ-2024-002,71,Boxes,50500.0,3585500.0,TZS,2025-07-24,2025-08-18,2025-08-21,GRN-2025-2063,,,,,,3,False,PC-2025-144,
PRC-2025-2064,GRT-2024-002,PRJ-2024-003,BDL-0156,VND-0028,LOC-ARU-003,FP-2025-04,STS-009,Quotation,Vegetable Seed Pack for PRJ-2024-003,451,Boxes,9500.0,4284500.0,TZS,2025-04-02,2025-04-25,2025-05-07,GRN-2025-2064,,2025-05-10,2025-06-09,2025-06-04,EXP-64423,4,False,PC-2025-137,
PRC-2025-2065,GRT-2024-002,PRJ-2024-003,BDL-0157,VND-0082,LOC-ARU-003,FP-2025-04,STS-010,Quotation,Office Chair for PRJ-2024-003,7,Pieces,262700.0,1838900.0,TZS,2025-04-09,2025-05-12,2025-05-16,GRN-2025-2065,INV-VND-2025-2065,2025-05-20,2025-06-19,2025-06-17,EXP-24914,4,False,,
PRC-2025-2066,GRT-2023-001,PRJ-2023-011,BDL-0018,VND-0055,LOC-MAN-001,FP-2025-06,STS-005,Direct Purchase,Computer Accessories Set for PRJ-2023-011,1,Pieces,323800.0,323800.0,TZS,2025-06-16,2025-07-04,,,,,,,,1,False,,
PRC-2025-2067,GRT-2023-003,PRJ-2023-013,BDL-0082,VND-0097,LOC-ARU-001,FP-2025-07,STS-010,Quotation,Paracetamol Tablets for PRJ-2023-013,346,Litres,29100.0,10068600.0,TZS,2025-07-08,2025-08-12,2025-08-11,GRN-2025-2067,INV-VND-2025-2067,2025-08-13,2025-09-12,04/09/2025,EXP-23132,3,False,PC-2025-009,
PRC-2025-2068,GRT-2024-001,PRJ-2024-002,BDL-0096,VND-0107,LOC-KIL-004,FP-2025-02,STS-009,Quotation,Printer Canon for PRJ-2024-002,1,Litres,895000.0,895000.0,TZS,2025-02-24,2025-04-10,2025-04-18,GRN-2025-2068,,2025-04-24,2025-05-24,2025-05-17,EXP-84577,5,False,PC-2025-137,
PRC-2025-2069,GRT-2023-002,PRJ-2023-012,BDL-0036,VND-0099,LOC-ARU-001,FP-2025-06,STS-002,Quotation,HP Desktop Computer for PRJ-2023-012,1,Litres,1490800.0,1490800.0,TZS,2025-06-12,2025-06-24,,,,,,,,5,False,PC-2025-179,
PRC-2025-2070,GRT-2024-003,PRJ-2024-005,BDL-0180,VND-0059,LOC-ARU-004,FP-2025-08,STS-009,Quotation,Blood Pressure Monitors for PRJ-2024-005,9,Units,290700.0,2616300.0,TZS,2025-08-12,2025-09-15,2025-09-28,GRN-2025-2070,INV-VND-2025-2070,2025-10-03,2025-11-02,2025-10-25,EXP-45203,5,False,PC-2025-199,
PRC-2025-2071,GRT-2023-004,PRJ-2023-009,BDL-0114,VND-0057,LOC-MAN-003,FP-2025-09,STS-007,Quotation,Filing Cabinet for PRJ-2023-009,4,Sets,369600.0,1478400.0,TZS,2025-09-25,2025-10-06,2025-10-04,GRN-2025-2071,,,,,,3,False,,
PRC-2025-2072,GRT-2023-002,PRJ-2023-012,BDL-0040,VND-0095,LOC-ARU-001,FP-2025-04,STS-010,Quotation,Conference Table for PRJ-2023-012,1,Units,1376600.0,1376600.0,TZS,2025-04-21,2025-05-04,2025-05-09,GRN-2025-2072,INV-VND-2025-2072,2025-05-16,2025-06-15,2025-06-14,EXP-32127,5,False,,
PRC-2025-2073,GRT-2023-001,PRJ-2023-002,BDL-0009,VND-0096,LOC-KIL-002,FP-2025-02,STS-001,Quotation,Projector Epson for PRJ-2023-002,1,Sets,1319500.0,1319500.0,TZS,2025-02-14,2025-03-28,,,INV-VND-2025-2028,,,,,4,False,,
PRC-2025-2074,GRT-2023-003,PRJ-2023-013,BDL-0073,VND-0049,LOC-ARU-001,FP-2025-05,STS-004,Tender,Improved Maize Seed 5kg for PRJ-2023-013,916,Sets,17000.0,15572000.0,TZS,2025-05-31,06-21-2025,,,,,,,,5,False,PC-2025-116,
PRC-2025-2075,GRT-2023-001,PRJ-2023-001,BDL-0018,VND-0049,LOC-KIL-001,FP-2025-08,STS-009,Quotation,Sunflower Seeds 1kg for PRJ-2023-001,141,Boxes,16000.0,2256000.0,TZS,2025-08-07,2025-09-16,2025-09-23,GRN-2025-2075,INV-VND-2025-2031,2025-09-25,2025-10-25,2025-10-19,EXP-75944,5,False,PC-2025-180,
PRC-2025-2076,GRT-2023-002,PRJ-2023-012,BDL-0023,VND-0088,LOC-ARU-001,FP-2025-01,STS-009,Direct Purchase,Pens and Pencils Box for PRJ-2023-012,25,Boxes,13100.0,327500.0,TZS,2025-01-22,2025-03-08,2025-03-18,GRN-2025-2076,INV-VND-2025-2076,2025-03-21,2025-04-20,2025-04-19,EXP-99953,1,False,,
PRC-2025-2077,GRT-2023-003,PRJ-2023-013,BDL-0076,VND-0055,LOC-ARU-001,FP-2025-09,STS-007,Quotation,Office Desk for PRJ-2023-013,4,Pieces,690200.0,2760800.0,TZS,07/09/2025,2025-09-25,2025-10-03,GRN-2025-2077,,,,,,4,False,PC-2025-196,
PRC-2025-2078,GRT-2023-003,PRJ-2023-006,BDL-0071,VND-0025,LOC-KIL-001,FP-2025-03,STS-006,Quotation,Filing Cabinet for PRJ-2023-006,3,Litres,365900.0,1097700.0,TZS,2025-03-07,2025-04-05,,,,,,,,3,False,PC-2025-049,
PRC-2025-2079,GRT-2023-003,PRJ-2023-006,BDL-0065,VND-0094,LOC-KIL-001,FP-2025-01,STS-010,Quotation,Office Chair for PRJ-2023-006,6,Sets,273200.0,1639200.0,TZS,2025-01-30,2025-02-19,2025-02-25,GRN-2025-2079,INV-VND-2025-2079,2025-02-26,2025-03-28,2025-03-23,EXP-59935,3,False,PC-2025-005,
PRC-2025-2080,GRT-2024-001,PRJ-2024-001,BDL-0093,VND-0112,LOC-MAN-001,FP-2025-06,STS-009,Quotation,Iron Sheets for PRJ-2024-001,40,Boxes,50400.0,2016000.0,TZS,2025-06-28,2025-07-16,2025-07-27,GRN-2025-2080,INV-VND-2025-2080,2025-08-01,2025-08-31,2025-08-27,EXP-88130,5,False,PC-2025-056,
PRC-2025-2081,GRT-2024-002,PRJ-2024-004,BDL-0163,VND-0127,LOC-MAN-004,FP-2025-06,STS-002,Quotation,Improved Maize Seed 5kg for PRJ-2024-004,357,Pieces,20400.0,7282800.0,TZS,2025-06-21,07-14-2025,,,,,,,,5,False,PC-2025-072,
PRC-2025-2082,GRT-2023-001,PRJ-2023-011,BDL-0021,VND-0051,LOC-MAN-001,FP-2025-08,STS-010,Tender,Improved Maize Seed 5kg for PRJ-2023-011,439,Kg,20100.0,8823900.0,TZS,2025-08-06,2025-08-25,2025-09-04,GRN-2025-2082,INV-VND-2025-2082,2025-09-06,2025-10-06,2025-10-04,EXP-19717,4,False,PC-2025-098,
PRC-2025-2083,GRT-2023-003,PRJ-2023-013,BDL-0074,VND-0061,LOC-ARU-001,FP-2025-04,STS-008,Quotation,Vegetable Seed Pack for PRJ-2023-013,487,Kg,9500.0,4626500.0,TZS,2025-04-24,2025-05-01,2025-04-30,GRN-2025-2083,INV-VND-2025-2083,2025-05-02,,,,3,False,PC-2025-099,
PRC-2025-2084,GRT-2023-003,PRJ-2023-006,BDL-0081,VND-0085,LOC-KIL-001,FP-2025-07,STS-004,Quotation,Flipchart Paper Pad for PRJ-2023-006,28,Sets,17900.0,501200.0,TZS,2025-07-14,2025-07-28,,,,,,,,4,False,,
PRC-2025-2085,GRT-2023-002,PRJ-2023-012,BDL-0031,VND-0104,LOC-ARU-001,FP-2025-06,STS-009,Quotation,Toyota Hilux Double Cab for PRJ-2023-012,1,Litres,32149800.0,32149800.0,TZS,2025-06-24,2025-07-26,2025-07-25,GRN-2025-2085,INV-VND-2025-2085,2025-07-26,2025-08-25,,EXP-59854,4,False,PC-2025-129,
PRC-2025-2086,GRT-2023-002,PRJ-2023-012,BDL-0038,VND-0064,LOC-ARU-001,FP-2025-02,STS-010,Quotation,Office Desk for PRJ-2023-012,3,Kg,717300.0,2151900.0,TZS,2025-02-20,2025-03-04,2025-03-06,GRN-2025-2086,INV-VND-2025-2086,2025-03-10,2025-04-09,2025-03-30,EXP-28215,3,False,PC-2025-074,
PRC-2025-2087,GRT-2022-004,PRJ-2023-005,BDL-0120,VND-0029,LOC-KIL-001,FP-2025-07,STS-006,Tender,Toyota Land Cruiser 4x4 for PRJ-2023-005,1,Litres,42802300.0,42802300.0,TZS,2025-07-17,2025-07-28,,,,,,,,7,False,PC-2025-039,
PRC-2025-2088,GRT-2023-001,PRJ-2023-011,BDL-0008,VND-0082,LOC-MAN-001,FP-2025-01,STS-006,Tender,Toyota Hilux Double Cab for PRJ-2023-011,1,Sets,32542200.0,32542200.0,TZS,2025-01-18,2025-03-01,,,,,,,,7,False,PC-2025-041,
PRC-2025-2089,GRT-2023-004,PRJ-2023-009,BDL-0116,VND-0122,LOC-MAN-003,FP-2025-06,STS-009,Quotation,Training Handouts Printing for PRJ-2023-009,159,Units,39400.0,6264600.0,TZS,2025-06-22,2025-08-03,09/08/2025,GRN-2025-2089,INV-VND-2025-2089,2025-08-14,2025-09-13,2025-09-04,EXP-76288,3,False,PC-2025-098,
PRC-2025-2090,GRT-2024-001,PRJ-2024-001,BDL-0085,VND-0026,LOC-MAN-001,FP-2025-06,STS-010,Quotation,Participant Bags for PRJ-2024-001,87,Kg,23700.0,2061900.0,TZS,2025-06-07,2025-07-20,2025-07-27,GRN-2025-2090,INV-VND-2025-2090,2025-07-30,2025-08-29,2025-08-27,EXP-67805,5,False,PC-2025-087,
PRC-2025-2091,GRT-2023-002,PRJ-2023-004,BDL-0035,VND-0067,LOC-ARU-002,FP-2025-10,STS-009,Quotation,Office Chair for PRJ-2023-004,19,Pieces,319300.0,6066700.0,TZS,11-Oct-2025,2025-11-08,2025-11-08,GRN-2025-2091,INV-VND-2025-2091,2025-11-14,2025-12-14,2025-12-11,EXP-27395,5,False,PC-2025-015,
PRC-2025-2092,GRT-2023-005,PRJ-2023-010,BDL-0152,VND-0096,LOC-KIL-001,FP-2025-10,STS-007,Direct Purchase,UPS Battery for PRJ-2023-010,1,Litres,441700.0,441700.0,TZS,2025-10-15,2025-11-04,2025-11-17,GRN-2025-2092,,,,,,1,False,,
PRC-2025-2093,GRT-2023-004,PRJ-2023-009,BDL-0113,VND-0033,LOC-MAN-003,FP-2025-02,STS-010,Quotation,Vegetable Seed Pack for PRJ-2023-009,263,Units,8100.0,2130300.0,TZS,2025-02-14,2025-03-04,2025-03-04,GRN-2025-2093,INV-VND-2025-2093,2025-03-09,2025-04-08,2025-03-29,EXP-54687,5,False,,
PRC-2025-2094,GRT-2023-004,PRJ-2023-008,BDL-0110,VND-0013,LOC-MAN-002,FP-2025-05,STS-010,Quotation,Motorcycle Honda for PRJ-2023-008,1,Boxes,4159500.0,4159500.0,TZS,2025-05-19,2025-06-16,2025-06-26,GRN-2025-2094,INV-VND-2025-2094,2025-06-27,2025-07-27,2025-07-21,EXP-61801,4,False,PC-2025-013,
PRC-2025-2095,GRT-2024-003,PRJ-2024-005,BDL-0176,VND-0051,LOC-ARU-004,FP-2025-01,STS-010,Quotation,Oral Rehydration Salts for PRJ-2024-005,84,Units,35900.0,3015600.0,TZS,2025-01-21,2025-02-13,2025-02-25,GRN-2025-2095,INV-VND-2025-2095,2025-02-26,2025-03-28,2025-03-20,EXP-14015,4,False,,
PRC-2025-2096,GRT-2024-001,PRJ-2024-001,BDL-0090,VND-0125,LOC-MAN-001,FP-2025-08,STS-009,Quotation,Sunflower Seeds 1kg for PRJ-2024-001,214,Boxes,15200.0,3252800.0,TZS,2025-08-14,2025-09-04,09-10-2025,GRN-2025-2096,INV-VND-2025-2096,2025-09-17,2025-10-17,2025-10-17,EXP-21984,5,False,,
PRC-2025-2097,GRT-2023-001,PRJ-2023-002,BDL-0007,VND-0008,LOC-KIL-002,FP-2025-06,STS-009,Quotation,Conference Table for PRJ-2023-002,1,Pieces,1081200.0,1081200.0,TZS,2025-06-01,2025-07-04,2025-07-10,GRN-2025-2097,INV-VND-2025-2097,2025-07-15,2025-08-14,2025-08-12,EXP-94013,5,False,,
PRC-2025-2098,GRT-2023-003,PRJ-2023-013,BDL-0065,VND-0007,LOC-ARU-001,FP-2025-02,STS-009,Quotation,Sunflower Seeds 1kg for PRJ-2023-013,116,Kg,14900.0,1728400.0,TZS,2025-02-26,2025-03-19,2025-04-03,GRN-2025-2098,INV-VND-2025-2098,2025-04-05,2025-05-05,2025-04-29,EXP-30016,3,False,PC-2025-080,
PRC-2025-2099,GRT-2021-001,PRJ-2023-007,BDL-0192,VND-0027,LOC-ARU-001,FP-2025-10,STS-008,Direct Purchase,External Hard Drive for PRJ-2023-007,1,Litres,198100.0,198100.0,TZS,2025-10-11,2025-11-11,2025-11-15,GRN-2025-2099,INV-VND-2025-2099,2025-11-17,,,,1,False,,
PRC-2025-2100,GRT-2023-001,PRJ-2023-002,BDL-0010,VND-0087,LOC-KIL-002,FP-2025-07,STS-008,Quotation,Indigenous Tree Seedlings for PRJ-2023-002,9479,Sets,700.0,6635300.0,TZS,2025-07-11,2025-08-11,2025-08-16,GRN-2025-2100,INV-VND-2025-2100,2025-08-20,,,,6,False,PC-2025-082,
PRC-2025-2101,GRT-2022-004,PRJ-2023-005,BDL-0120,VND-0095,LOC-KIL-001,FP-2025-09,STS-009,Quotation,Dell Laptop Computer for PRJ-2023-005,1,Boxes,1901700.0,1901700.0,TZS,23-Sep-2025,2025-11-06,2025-11-08,GRN-2025-2101,INV-VND-2025-2101,2025-11-12,2025-12-12,2025-12-07,EXP-27989,5,False,PC-2025-050,
PRC-2025-2102,GRT-2024-004,PRJ-2024-006,BDL-0223,VND-0102,LOC-MAN-002,FP-2025-09,STS-005,Quotation,Office Chair for PRJ-2024-006,16,Kg,309300.0,4948800.0,TZS,2025-09-25,05-Nov-2025,,,,,,,,3,False,PC-2025-072,
PRC-2025-2103,GRT-2024-001,PRJ-2024-007,BDL-0089,VND-0005,LOC-ARU-002,FP-2025-08,STS-010,Direct Purchase,Notebooks Pack for PRJ-2024-007,51,Sets,8200.0,418200.0,TZS,2025-08-18,2025-09-16,09-30-2025,GRN-2025-2103,INV-VND-2025-2103,2025-10-06,2025-11-05,2025-10-26,EXP-84350,1,False,,
PRC-2025-2104,GRT-2023-003,PRJ-2023-013,BDL-0062,VND-0030,LOC-ARU-001,FP-2025-04,STS-007,Quotation,Projector Epson for PRJ-2023-013,1,Pieces,1355100.0,1355100.0,TZS,2025-04-23,2025-05-25,2025-05-24,GRN-2025-2104,,,,,,5,False,PC-2025-155,
PRC-2025-2105,GRT-2023-005,PRJ-2023-010,BDL-0148,VND-0050,LOC-KIL-001,FP-2025-06,STS-009,Quotation,Office Chair for PRJ-2023-010,10,Pieces,283200.0,2832000.0,TZS,2025-06-26,2025-07-14,2025-07-24,GRN-2025-2105,INV-VND-2025-2105,2025-07-30,2025-08-29,2025-08-25,EXP-98250,4,False,PC-2025-018,
PRC-2025-2106,GRT-2023-004,PRJ-2023-009,BDL-0103,VND-0093,LOC-MAN-003,FP-2025-10,STS-002,Tender,Sunflower Seeds 1kg for PRJ-2023-009,349,Pieces,16500.0,5758500.0,TZS,2025-10-15,2025-11-21,,,,,,,,3,False,PC-2025-093,
PRC-2025-2107,GRT-2022-003,PRJ-2023-003,BDL-0059,VND-0083,LOC-KIL-003,FP-2025-03,STS-010,Quotation,Conference Table for PRJ-2023-003,1,Litres,1257500.0,1257500.0,TZS,2025-03-13,2025-04-25,2025-04-28,GRN-2025-2107,INV-VND-2025-2107,2025-04-29,2025-05-29,2025-05-25,EXP-20576,4,False,,
PRC-2025-2108,GRT-2023-002,PRJ-2023-012,BDL-0024,VND-0013,LOC-ARU-001,FP-2025-08,STS-009,Quotation,Vegetable Seed Pack for PRJ-2023-012,306,Pieces,8700.0,2662200.0,TZS,2025-08-28,2025-09-15,2025-09-18,GRN-2025-2108,INV-VND-2025-2108,2025-09-20,2025-10-20,2025-10-17,EXP-40487,4,False,PC-2025-176,
PRC-2025-2109,GRT-2023-003,PRJ-2023-006,BDL-0063,VND-0139,LOC-KIL-001,FP-2025-04,STS-010,Quotation,Fruit Tree Seedlings for PRJ-2023-006,3874,Sets,1200.0,4648800.0,TZS,2025-04-21,2025-05-01,2025-05-13,GRN-2025-2109,INV-VND-2025-2109,14-May-2025,2025-06-13,,EXP-84859,4,False,PC-2025-027,
PRC-2025-2110,GRT-2024-002,PRJ-2024-003,BDL-0166,VND-0095,LOC-ARU-003,FP-2025-10,STS-002,Quotation,Fruit Tree Seedlings for PRJ-2024-003,3079,Kg,1100.0,3386900.0,TZS,2025-10-11,2025-10-19,,,,,,,,3,False,PC-2025-186,
PRC-2025-2111,GRT-2023-001,PRJ-2023-002,BDL-0009,VND-0051,LOC-KIL-002,FP-2025-05,STS-009,Direct Purchase,Computer Accessories Set for PRJ-2023-002,1,Litres,388700.0,388700.0,TZS,2025-05-16,2025-05-25,2025-06-02,GRN-2025-2111,INV-VND-2025-2111,2025-06-04,2025-07-04,2025-06-28,EXP-30284,1,False,,
PRC-2025-2112,GRT-2023-002,PRJ-2023-004,BDL-0029,VND-0129,LOC-ARU-002,FP-2025-04,STS-010,Quotation,Office Desk for PRJ-2023-004,9,Sets,693100.0,6237900.0,TZS,2025-04-03,2025-04-27,2025-05-10,GRN-2025-2112,INV-VND-2025-2112,2025-05-12,2025-06-11,2025-06-09,EXP-39809,3,False,PC-2025-172,
PRC-2025-2113,GRT-2023-003,PRJ-2023-006,BDL-0069,VND-0095,LOC-KIL-001,FP-2025-02,STS-009,Quotation,Timber Planks for PRJ-2023-006,73,Pieces,15900.0,1160700.0,TZS,2025-02-02,2025-03-12,2025-03-23,GRN-2025-2113,INV-VND-2025-2113,2025-03-30,2025-04-29,2025-04-25,EXP-67306,5,False,PC-2025-155,
PRC-2025-2114,GRT-2024-001,PRJ-2024-007,BDL-0090,VND-0058,LOC-ARU-002,FP-2025-04,STS-007,Quotation,Iron Sheets for PRJ-2024-007,88,Litres,47400.0,4171200.0,TZS,2025-04-18,2025-05-28,2025-06-09,GRN-2025-2114,,,,,,5,False,,
PRC-2025-2115,GRT-2023-004,PRJ-2023-009,BDL-0109,VND-0135,LOC-MAN-003,FP-2025-01,STS-009,Quotation,Participant Bags for PRJ-2023-009,95,Sets,28400.0,2698000.0,TZS,2025-01-24,2025-02-12,2025-02-11,GRN-2025-2115,INV-VND-2025-2115,2025-02-15,2025-03-17,2025-03-15,EXP-75182,3,False,PC-2025-150,
PRC-2025-2116,GRT-2023-003,PRJ-2023-006,BDL-0061,VND-0112,LOC-KIL-001,FP-2025-05,STS-003,Quotation,Notebooks Pack for PRJ-2023-006,120,Pieces,9700.0,1164000.0,TZS,2025-05-02,2025-05-25,,,,,,,,4,False,,
PRC-2025-2117,GRT-2022-003,PRJ-2023-003,BDL-0046,VND-0071,LOC-KIL-003,FP-2025-02,STS-009,Quotation,HP Desktop Computer for PRJ-2023-003,1,Units,1303900.0,1303900.0,TZS,2025-02-08,2025-03-21,2025-03-31,GRN-2025-2117,INV-VND-2025-2117,2025-04-04,2025-05-04,2025-05-03,EXP-93755,5,False,PC-2025-129,
PRC-2025-2118,GRT-2023-002,PRJ-2023-004,BDL-0032,VND-0125,LOC-ARU-002,FP-2025-07,STS-010,Quotation,Toyota Land Cruiser 4x4 for PRJ-2023-004,1,Pieces,41375800.0,41375800.0,TZS,2025-07-25,2025-08-22,2025-08-23,GRN-2025-2118,INV-VND-2025-2118,2025-08-29,2025-09-28,2025-09-21,EXP-83562,5,False,PC-2025-099,
PRC-2025-2119,GRT-2024-003,PRJ-2024-005,BDL-0177,VND-0123,LOC-ARU-004,FP-2025-10,STS-002,Quotation,Dell Laptop Computer for PRJ-2024-005,1,Pieces,1657000.0,1657000.0,TZS,2025-10-15,2025-11-07,,,,,,,,4,False,PC-2025-154,
PRC-2025-2120,GRT-2024-001,PRJ-2024-001,BDL-0089,VND-0070,LOC-MAN-001,FP-2025-05,STS-009,Quotation,Toyota Land Cruiser 4x4 for PRJ-2024-001,1,Sets,41268300.0,41268300.0,TZS,05-18-2025,2025-06-20,2025-06-29,GRN-2025-2120,INV-VND-2025-2120,2025-07-05,2025-08-04,2025-07-26,EXP-77833,3,False,PC-2025-141,
PRC-2025-2121,GRT-2024-001,PRJ-2024-002,BDL-0099,VND-0146,LOC-KIL-004,FP-2025-06,STS-005,Quotation,Office Chair for PRJ-2024-002,12,Kg,315000.0,3780000.0,TZS,2025-06-17,19/07/2025,,,,,,,,3,False,,
PRC-2025-2122,GRT-2023-001,PRJ-2023-001,BDL-0019,VND-0075,LOC-KIL-001,FP-2025-07,STS-009,Quotation,Iron Sheets for PRJ-2023-001,98,Boxes,49700.0,4870600.0,TZS,2025-07-03,2025-08-11,2025-08-25,GRN-2025-2122,INV-VND-2025-2122,2025-08-30,2025-09-29,,EXP-45073,3,False,,
PRC-2025-2123,GRT-2023-003,PRJ-2023-006,BDL-0075,VND-0094,LOC-KIL-001,FP-2025-04,STS-004,Quotation,Oral Rehydration Salts for PRJ-2023-006,174,Litres,36700.0,6385800.0,TZS,2025-04-18,2025-04-29,,,,,,,,3,False,PC-2025-037,
PRC-2025-2124,GRT-2024-004,PRJ-2024-006,BDL-0218,VND-0132,LOC-MAN-002,FP-2025-09,STS-001,Quotation,Improved Maize Seed 5kg for PRJ-2024-006,786,Boxes,19200.0,15091200.0,TZS,2025-09-03,2025-10-11,,,,,,,,4,False,PC-2025-126,
PRC-2025-2125,GRT-2023-005,PRJ-2023-010,BDL-0139,VND-0116,LOC-KIL-001,FP-2025-10,STS-006,Quotation,Vegetable Seed Pack for PRJ-2023-010,505,Units,8300.0,4191500.0,TZS,2025-10-14,2025-11-09,,,,,,,,3,False,PC-2025-110,
PRC-2025-2126,GRT-2022-004,PRJ-2023-005,BDL-0125,VND-0021,LOC-KIL-001,FP-2025-07,STS-007,Quotation,Fruit Tree Seedlings for PRJ-2023-005,1728,Pieces,1300.0,2246400.0,TZS,2025-07-09,2025-08-19,2025-08-21,GRN-2025-2126,,,,,,4,False,,
PRC-2025-2127,GRT-2022-004,PRJ-2023-005,BDL-0127,VND-0030,LOC-KIL-001,FP-2025-10,STS-009,Quotation,Motorcycle Honda for PRJ-2023-005,1,Units,4139900.0,4139900.0,TZS,2025-10-08,2025-10-27,2025-10-29,GRN-2025-2127,INV-VND-2025-2127,2025-10-30,2025-11-29,2025-11-28,EXP-45027,4,False,PC-2025-094,
PRC-2025-2128,GRT-2023-003,PRJ-2023-006,BDL-0070,VND-0114,LOC-KIL-001,FP-2025-03,STS-008,Quotation,Fruit Tree Seedlings for PRJ-2023-006,3208,Kg,1400.0,4491200.0,TZS,2025-03-08,2025-03-29,2025-03-29,GRN-2025-2128,INV-VND-2025-2128,2025-04-05,,,,4,False,PC-2025-168,
PRC-2025-2129,GRT-2023-003,PRJ-2023-013,BDL-0074,VND-0095,LOC-ARU-001,FP-2025-01,STS-001,Quotation,Vegetable Seed Pack for PRJ-2023-013,516,Boxes,8400.0,4334400.0,TZS,2025-01-22,2025-02-10,,,,,,,,3,False,,
PRC-2025-2130,GRT-2023-001,PRJ-2023-011,BDL-0012,VND-0144,LOC-MAN-001,FP-2025-08,STS-005,Quotation,Flipchart Paper Pad for PRJ-2023-011,28,Sets,17900.0,501200.0,TZS,2025-08-27,2025-09-13,,,,,,,,3,False,PC-2025-029,
PRC-2025-2131,GRT-2024-001,PRJ-2024-001,BDL-0098,VND-0061,LOC-MAN-001,FP-2025-08,STS-004,Quotation,UPS Battery for PRJ-2024-001,2,Sets,474800.0,949600.0,TZS,2025-08-10,2025-09-03,,,,,,,,5,False,PC-2025-188,
PRC-2025-2132,GRT-2023-001,PRJ-2023-001,BDL-0006,VND-0035,LOC-KIL-001,FP-2025-03,STS-001,Direct Purchase,External Hard Drive for PRJ-2023-001,1,Boxes,164000.0,164000.0,TZS,2025-03-27,2025-04-14,,,,,,,,1,False,,
PRC-2025-2133,GRT-2024-001,PRJ-2024-007,BDL-0094,VND-0027,LOC-ARU-002,FP-2025-06,STS-010,Tender,Cement Bags for PRJ-2024-007,187,Units,27900.0,5217300.0,TZS,2025-06-10,2025-07-17,2025-07-31,GRN-2025-2133,INV-VND-2025-2133,2025-08-07,2025-09-06,2025-09-01,EXP-84089,3,False,PC-2025-004,
PRC-2025-2134,GRT-2024-002,PRJ-2024-003,BDL-0168,VND-0035,LOC-ARU-003,FP-2025-07,STS-010,Quotation,Pens and Pencils Box for PRJ-2024-003,59,Kg,13600.0,802400.0,TZS,2025-07-12,2025-07-22,2025-07-23,GRN-2025-2134,INV-VND-2025-2134,2025-07-30,2025-08-29,2025-08-23,EXP-36115,3,False,,
PRC-2025-2135,GRT-2023-005,PRJ-2023-010,BDL-0148,VND-0002,LOC-KIL-001,FP-2025-05,STS-009,Quotation,Fruit Tree Seedlings for PRJ-2023-010,3691,Units,1200.0,4429200.0,TZS,2025-05-25,2025-06-27,2025-06-27,GRN-2025-2135,INV-VND-2025-2135,2025-07-03,2025-08-02,2025-08-02,EXP-12273,4,False,PC-2025-097,
PRC-2025-2136,GRT-2023-002,PRJ-2023-004,BDL-0022,VND-0058,LOC-ARU-002,FP-2025-05,STS-009,Quotation,Iron Sheets for PRJ-2023-004,39,Pieces,42500.0,1657500.0,TZS,2025-05-09,2025-05-30,2025-06-11,GRN-2025-2136,INV-VND-2025-2136,2025-06-18,2025-07-18,2025-07-08,EXP-28518,4,False,PC-2025-186,
PRC-2025-2137,GRT-2023-005,PRJ-2023-010,BDL-0140,VND-0057,LOC-KIL-001,FP-2025-06,STS-008,Quotation,Reams of A4 Paper for PRJ-2023-010,105,Pieces,4900.0,514500.0,TZS,2025-06-01,2025-07-09,2025-07-13,GRN-2025-2137,INV-VND-2025-2137,2025-07-19,,,,3,False,PC-2025-032,
PRC-2025-2138,GRT-2023-004,PRJ-2023-008,BDL-0102,VND-0059,LOC-MAN-002,FP-2025-07,STS-008,Quotation,Indigenous Tree Seedlings for PRJ-2023-008,8211,Kg,600.0,4926600.0,TZS,2025-07-07,2025-08-12,2025-08-19,GRN-2025-2138,INV-VND-2025-2138,2025-08-25,,,,5,False,PC-2025-005,
PRC-2025-2139,GRT-2023-002,PRJ-2023-012,BDL-0030,VND-0086,LOC-ARU-001,FP-2025-02,STS-009,Direct Purchase,Filing Cabinet for PRJ-2023-012,1,Kg,405400.0,405400.0,TZS,2025-02-28,2025-03-22,2025-04-04,GRN-2025-2139,INV-VND-2025-2139,2025-04-10,2025-05-10,2025-05-09,EXP-81979,1,False,,
PRC-2025-2140,GRT-2024-003,PRJ-2024-005,BDL-0181,VND-0043,LOC-ARU-004,FP-2025-09,STS-009,Quotation,Reams of A4 Paper for PRJ-2024-005,114,Sets,5000.0,570000.0,TZS,2025-09-21,2025-10-03,2025-10-05,GRN-2025-2140,INV-VND-2025-2140,2025-10-07,2025-11-06,2025-11-13,EXP-79992,4,False,,
PRC-2025-2141,GRT-2023-005,PRJ-2023-010,BDL-0150,VND-0036,LOC-KIL-001,FP-2025-07,STS-009,Direct Purchase,External Hard Drive for PRJ-2023-010,2,Pieces,179500.0,359000.0,TZS,2025-07-18,2025-08-18,2025-08-27,GRN-2025-2141,INV-VND-2025-2141,2025-08-28,2025-09-27,11-06-2025,EXP-34493,1,False,,
PRC-2025-2142,GRT-2021-001,PRJ-2023-007,BDL-0202,VND-0071,LOC-ARU-001,FP-2025-09,STS-008,Quotation,Bean Seeds 2kg for PRJ-2023-007,375,Sets,12600.0,4725000.0,TZS,2025-09-15,2025-10-12,2025-10-21,GRN-2025-2142,INV-VND-2025-2142,2025-10-23,,,,5,False,PC-2025-025,
PRC-2025-2143,GRT-2024-001,PRJ-2024-007,BDL-0087,VND-0026,LOC-ARU-002,FP-2025-09,STS-009,Quotation,Iron Sheets for PRJ-2024-007,29,Pieces,42700.0,1238300.0,TZS,2025-09-07,2025-10-07,2025-10-16,GRN-2025-2143,INV-VND-2025-2143,2025-10-18,2025-11-17,2025-11-13,EXP-90885,4,False,,
PRC-2025-2144,GRT-2023-003,PRJ-2023-006,BDL-0075,VND-0136,LOC-KIL-001,FP-2025-04,STS-010,Direct Purchase,Markers Set for PRJ-2023-006,27,Units,12300.0,332100.0,TZS,04-21-2025,2025-05-06,2025-05-19,GRN-2025-2144,INV-VND-2025-2144,2025-05-24,2025-06-23,2025-07-28,EXP-21275,1,False,,
PRC-2025-2145,GRT-2024-003,PRJ-2024-005,BDL-0182,VND-0063,LOC-ARU-004,FP-2025-01,STS-001,Quotation,Projector Epson for PRJ-2024-005,1,Boxes,1271700.0,1271700.0,TZS,2025-01-22,2025-02-03,,,,,,,,3,False,PC-2025-005,
PRC-2025-2146,GRT-2023-002,PRJ-2023-012,BDL-0040,VND-0021,LOC-ARU-001,FP-2025-07,STS-005,Quotation,Reams of A4 Paper for PRJ-2023-012,128,Boxes,5500.0,704000.0,TZS,2025-07-15,2025-08-26,,,,,,,,3,False,PC-2025-198,
PRC-2025-2147,GRT-2024-003,PRJ-2024-005,BDL-0187,VND-0086,LOC-ARU-004,FP-2025-07,STS-010,Quotation,Office Desk for PRJ-2024-005,6,Litres,734500.0,4407000.0,TZS,2025-07-25,2025-09-04,2025-09-07,GRN-2025-2147,INV-VND-2025-2147,2025-09-11,2025-10-11,2025-10-02,EXP-68081,4,False,PC-2025-110,
PRC-2025-2148,GRT-2023-003,PRJ-2023-013,BDL-0061,VND-0103,LOC-ARU-001,FP-2025-09,STS-004,Tender,Oral Rehydration Salts for PRJ-2023-013,183,Sets,38900.0,7118700.0,TZS,2025-09-12,2025-10-23,,,,,,,,5,False,PC-2025-109,
PRC-2025-2149,GRT-2024-002,PRJ-2024-004,BDL-0172,VND-0123,LOC-MAN-004,FP-2025-07,STS-009,Quotation,Participant Bags for PRJ-2024-004,151,Sets,26700.0,4031700.0,TZS,2025-07-15,2025-08-20,2025-08-26,GRN-2025-2149,INV-VND-2025-2149,2025-09-01,2025-10-01,,EXP-68971,5,False,PC-2025-163,
PRC-2025-2150,GRT-2024-003,PRJ-2024-005,BDL-0184,VND-0129,LOC-ARU-004,FP-2025-05,STS-006,Quotation,Office Chair for PRJ-2024-005,7,Kg,303200.0,2122400.0,TZS,2025-05-17,2025-06-10,,,,,,,,4,False,PC-2025-061,
PRC-2025-2151,GRT-2024-004,PRJ-2024-006,BDL-0222,VND-0022,LOC-MAN-002,FP-2025-07,STS-001,Quotation,Toner Cartridge for PRJ-2024-006,17,Boxes,49700.0,844900.0,TZS,2025-07-18,2025-08-03,,,,,,,,4,False,PC-2025-067,
PRC-2025-2152,GRT-2024-001,PRJ-2024-002,BDL-0099,VND-0060,LOC-KIL-004,FP-2025-04,STS-009,Quotation,Iron Sheets for PRJ-2024-002,84,Kg,46200.0,3880800.0,TZS,2025-04-05,19-May-2025,2025-05-27,GRN-2025-2152,INV-VND-2025-2152,2025-06-03,2025-07-03,2025-06-26,EXP-62212,3,False,PC-2025-043,
PRC-2025-2153,GRT-2023-001,PRJ-2023-001,BDL-0014,VND-0086,LOC-KIL-001,FP-2025-02,STS-007,Direct Purchase,Computer Accessories Set for PRJ-2023-001,1,Pieces,334700.0,334700.0,TZS,2025-02-24,2025-04-08,2025-04-20,GRN-2025-2153,,,,,,1,False,,
PRC-2025-2154,GRT-2024-003,PRJ-2024-005,BDL-0179,VND-0049,LOC-ARU-004,FP-2025-02,STS-010,Quotation,Timber Planks for PRJ-2024-005,174,Litres,14900.0,2592600.0,TZS,2025-02-08,2025-03-03,2025-03-03,GRN-2025-2154,INV-VND-2025-2154,2025-03-05,2025-04-04,2025-03-29,EXP-69657,4,False,PC-2025-052,
PRC-2025-2155,GRT-2024-002,PRJ-2024-004,BDL-0167,VND-0022,LOC-MAN-004,FP-2025-04,STS-007,Quotation,Dell Laptop Computer for PRJ-2024-004,1,Kg,1673400.0,1673400.0,TZS,2025-04-06,2025-04-15,2025-04-27,GRN-2025-2155,,,,,,3,False,,
PRC-2025-2156,GRT-2023-002,PRJ-2023-004,BDL-0039,VND-0078,LOC-ARU-002,FP-2025-03,STS-010,Quotation,Office Desk for PRJ-2023-004,4,Pieces,616000.0,2464000.0,TZS,2025-03-02,2025-04-08,2025-04-12,GRN-2025-2156,INV-VND-2025-2156,2025-04-16,2025-05-16,2025-05-12,EXP-21533,4,False,,
PRC-2025-2157,GRT-2024-001,PRJ-2024-007,BDL-0085,VND-0110,LOC-ARU-002,FP-2025-05,STS-008,Quotation,Projector Epson for PRJ-2024-007,1,Pieces,1203200.0,1203200.0,TZS,2025-05-14,2025-06-22,2025-07-02,GRN-2025-2157,INV-VND-2025-2157,2025-07-07,,,,3,False,PC-2025-007,
PRC-2025-2158,GRT-2023-001,PRJ-2023-001,BDL-0003,VND-0086,LOC-KIL-001,FP-2025-09,STS-009,Quotation,Filing Cabinet for PRJ-2023-001,2,Pieces,366700.0,733400.0,TZS,2025-09-17,2025-10-25,2025-11-07,GRN-2025-2158,INV-VND-2025-2158,2025-11-14,2025-12-14,2025-12-10,EXP-18454,3,False,PC-2025-101,
PRC-2025-2159,GRT-2023-001,PRJ-2023-001,BDL-0019,VND-0043,LOC-KIL-001,FP-2025-07,STS-002,Quotation,Bean Seeds 2kg for PRJ-2023-001,583,Pieces,13000.0,7579000.0,TZS,2025-07-27,2025-08-16,,,,,,,,7,False,PC-2025-071,
PRC-2025-2160,GRT-2022-004,PRJ-2023-005,BDL-0133,VND-0027,LOC-KIL-001,FP-2025-06,STS-010,Quotation,Notebooks Pack for PRJ-2023-005,142,Litres,8900.0,1263800.0,TZS,07/06/2025,2025-06-29,2025-07-12,GRN-2025-2160,INV-VND-2025-2160,2025-07-16,2025-08-15,2025-08-06,EXP-83520,3,False,PC-2025-110,
PRC-2025-2161,GRT-2023-004,PRJ-2023-008,BDL-0112,VND-0029,LOC-MAN-002,FP-2025-04,STS-004,Quotation,Printer Canon for PRJ-2023-008,1,Boxes,882400.0,882400.0,TZS,2025-04-11,06/05/2025,,,,,,,,4,False,PC-2025-126,
PRC-2025-2162,GRT-2023-004,PRJ-2023-008,BDL-0117,VND-0130,LOC-MAN-002,FP-2025-08,STS-009,Quotation,Oral Rehydration Salts for PRJ-2023-008,75,Boxes,34700.0,2602500.0,TZS,2025-08-07,2025-08-21,2025-09-05,GRN-2025-2162,INV-VND-2025-2162,2025-09-09,2025-10-09,2025-10-08,EXP-22437,4,False,PC-2025-127,
PRC-2025-2163,GRT-2022-003,PRJ-2023-003,BDL-0053,VND-0008,LOC-KIL-003,FP-2025-07,STS-007,Quotation,Office Chair for PRJ-2023-003,15,Kg,290000.0,4350000.0,TZS,2025-07-15,2025-07-23,2025-07-28,GRN-2025-2163,,,,,,4,False,,
PRC-2025-2164,GRT-2023-003,PRJ-2023-006,BDL-0078,VND-0054,LOC-KIL-001,FP-2025-03,STS-005,Tender,Toyota Land Cruiser 4x4 for PRJ-2023-006,1,Sets,41946600.0,41946600.0,TZS,05-Mar-2025,2025-04-06,,,,,,,,6,False,PC-2025-141,
PRC-2025-2165,GRT-2024-003,PRJ-2024-005,BDL-0181,VND-0094,LOC-ARU-004,FP-2025-04,STS-010,Tender,Toyota Land Cruiser 4x4 for PRJ-2024-005,1,Litres,51277500.0,51277500.0,TZS,2025-04-27,2025-06-01,2025-06-15,GRN-2025-2165,INV-VND-2025-2165,2025-06-19,2025-07-19,2025-07-18,EXP-30782,6,False,PC-2025-041,
PRC-2025-2166,GRT-2024-003,PRJ-2024-005,BDL-0183,VND-0050,LOC-ARU-004,FP-2025-02,STS-007,Quotation,Filing Cabinet for PRJ-2024-005,2,Kg,367500.0,735000.0,TZS,2025-02-01,2025-03-04,2025-03-11,GRN-2025-2166,,,,,,3,False,PC-2025-089,
PRC-2025-2167,GRT-2023-002,PRJ-2023-012,BDL-0029,VND-0089,LOC-ARU-001,FP-2025-09,STS-009,Tender,Eucalyptus Seedlings for PRJ-2023-012,6825,Boxes,800.0,5460000.0,TZS,2025-09-02,2025-10-09,2025-10-16,GRN-2025-2167,INV-VND-2025-2167,2025-10-19,2025-11-18,,EXP-25844,3,False,PC-2025-193,
PRC-2025-2168,GRT-2021-001,PRJ-2023-007,BDL-0204,VND-0066,LOC-ARU-001,FP-2025-08,STS-010,Quotation,Sunflower Seeds 1kg for PRJ-2023-007,264,Units,15300.0,4039200.0,TZS,2025-08-22,2025-09-05,2025-09-13,GRN-2025-2168,,2025-09-18,2025-10-18,2025-10-08,EXP-98917,4,False,,
PRC-2025-2169,GRT-2023-001,PRJ-2023-001,BDL-0020,VND-0136,LOC-KIL-001,FP-2025-01,STS-009,Quotation,Toyota Land Cruiser 4x4 for PRJ-2023-001,1,Sets,47028100.0,47028100.0,TZS,2025-01-17,2025-03-02,2025-03-07,GRN-2025-2169,INV-VND-2025-2169,2025-03-09,2025-04-08,03-29-2025,EXP-43977,5,False,PC-2025-046,
PRC-2025-2170,GRT-2023-001,PRJ-2023-001,BDL-0006,VND-0049,LOC-KIL-001,FP-2025-05,STS-010,Quotation,Printer Canon for PRJ-2023-001,1,Kg,943000.0,943000.0,TZS,2025-05-21,2025-06-18,2025-06-23,GRN-2025-2170,INV-VND-2025-2170,06-25-2025,2025-07-25,2025-07-25,EXP-40412,5,False,PC-2025-147,
PRC-2025-2171,GRT-2024-002,PRJ-2024-003,BDL-0155,VND-0090,LOC-ARU-003,FP-2025-04,STS-007,Quotation,Eucalyptus Seedlings for PRJ-2024-003,4702,Boxes,700.0,3291400.0,TZS,2025-04-07,2025-04-17,2025-05-01,GRN-2025-2171,,,,,,5,False,PC-2025-144,
PRC-2025-2172,GRT-2023-001,PRJ-2023-002,BDL-0001,VND-0035,LOC-KIL-002,FP-2025-02,STS-010,Tender,Sunflower Seeds 1kg for PRJ-2023-002,375,Units,13900.0,5212500.0,TZS,2025-02-15,2025-03-09,2025-03-18,GRN-2025-2172,INV-VND-2025-2172,2025-03-23,2025-04-22,2025-04-19,EXP-71765,3,False,PC-2025-096,
PRC-2025-2173,GRT-2023-004,PRJ-2023-009,BDL-0107,VND-0089,LOC-MAN-003,FP-2025-02,STS-009,Direct Purchase,Network Switch for PRJ-2023-009,1,Sets,404700.0,404700.0,TZS,2025-02-22,2025-03-22,2025-03-28,GRN-2025-2173,INV-VND-2025-2173,2025-04-03,2025-05-03,2025-04-24,EXP-54533,1,False,,
PRC-2025-2174,GRT-2023-001,PRJ-2023-002,BDL-0008,VND-0089,LOC-KIL-002,FP-2025-04,STS-010,Quotation,Paracetamol Tablets for PRJ-2023-002,344,Sets,31500.0,10836000.0,TZS,2025-04-16,2025-05-05,2025-05-10,GRN-2025-2174,,2025-05-13,2025-06-12,2025-06-11,EXP-58870,3,False,PC-2025-161,
PRC-2025-2175,GRT-2024-003,PRJ-2024-005,BDL-0175,VND-0040,LOC-ARU-004,FP-2025-03,STS-010,Direct Purchase,Computer Accessories Set for PRJ-2024-005,1,Pieces,390100.0,390100.0,TZS,2025-03-13,2025-04-22,2025-05-05,GRN-2025-2175,INV-VND-2025-2175,2025-05-08,2025-06-07,2025-05-29,EXP-25030,1,False,,
PRC-2025-2176,GRT-2023-004,PRJ-2023-008,BDL-0102,VND-0002,LOC-MAN-002,FP-2025-03,STS-002,Quotation,Improved Maize Seed 5kg for PRJ-2023-008,993,Pieces,19600.0,19462800.0,TZS,2025-03-15,2025-03-28,,,,,,,,7,False,PC-2025-140,
PRC-2025-2177,GRT-2024-002,PRJ-2024-004,BDL-0165,VND-0110,LOC-MAN-004,FP-2025-07,STS-009,Quotation,Eucalyptus Seedlings for PRJ-2024-004,7495,Kg,800.0,5996000.0,TZS,2025-07-03,2025-07-30,2025-07-29,GRN-2025-2177,INV-VND-2025-2177,2025-08-03,2025-09-02,2025-09-25,EXP-41252,7,False,PC-2025-125,
PRC-2025-2178,GRT-2024-001,PRJ-2024-001,BDL-0091,VND-0053,LOC-MAN-001,FP-2025-03,STS-008,Quotation,Manila Files Box for PRJ-2024-001,90,Boxes,13600.0,1224000.0,TZS,2025-03-03,2025-04-17,2025-05-01,GRN-2025-2178,INV-VND-2025-2178,03-May-2025,,,,3,False,PC-2025-107,
PRC-2025-2179,GRT-2023-001,PRJ-2023-002,BDL-0015,VND-0101,LOC-KIL-002,FP-2025-02,STS-009,Tender,Indigenous Tree Seedlings for PRJ-2023-002,13824,Litres,600.0,8294400.0,TZS,2025-02-14,2025-03-17,2025-03-28,GRN-2025-2179,INV-VND-2025-2179,2025-04-02,2025-05-02,2025-06-15,EXP-59262,5,False,PC-2025-006,
PRC-2025-2180,GRT-2023-004,PRJ-2023-009,BDL-0111,VND-0040,LOC-MAN-003,FP-2025-07,STS-009,Quotation,Iron Sheets for PRJ-2023-009,69,Kg,41500.0,2863500.0,TZS,2025-07-04,2025-07-27,2025-08-11,GRN-2025-2180,INV-VND-2025-2180,2025-08-14,2025-09-13,2025-09-05,EXP-23893,4,False,PC-2025-188,
PRC-2025-2181,GRT-2023-004,PRJ-2023-008,BDL-0105,VND-0128,LOC-MAN-002,FP-2025-10,STS-001,Direct Purchase,Network Switch for PRJ-2023-008,1,Boxes,419500.0,419500.0,TZS,2025-10-10,2025-10-24,,,,,,,,1,False,,
PRC-2025-2182,GRT-2023-002,PRJ-2023-012,BDL-0025,VND-0119,LOC-ARU-001,FP-2025-01,STS-010,Quotation,Projector Epson for PRJ-2023-012,1,Kg,1212000.0,1212000.0,TZS,01-30-2025,2025-03-06,2025-03-19,GRN-2025-2182,INV-VND-2025-2182,2025-03-22,2025-04-21,2025-05-20,EXP-71380,4,False,PC-2025-026,
PRC-2025-2183,GRT-2023-003,PRJ-2023-006,BDL-0071,VND-0074,LOC-KIL-001,FP-2025-05,STS-008,Tender,Indigenous Tree Seedlings for PRJ-2023-006,7615,Pieces,700.0,5330500.0,TZS,2025-05-25,2025-07-07,2025-07-04,GRN-2025-2183,INV-VND-2025-2183,2025-07-05,,,,3,False,PC-2025-153,
PRC-2025-2184,GRT-2023-003,PRJ-2023-006,BDL-0081,VND-0111,LOC-KIL-001,FP-2025-09,STS-010,Direct Purchase,External Hard Drive for PRJ-2023-006,2,Boxes,186800.0,373600.0,TZS,2025-09-05,2025-09-25,2025-10-10,GRN-2025-2184,INV-VND-2025-2184,2025-10-17,2025-11-16,2025-11-16,EXP-69963,1,False,,
PRC-2025-2185,GRT-2024-001,PRJ-2024-002,BDL-0098,VND-0064,LOC-KIL-004,FP-2025-09,STS-002,Quotation,Filing Cabinet for PRJ-2024-002,5,Litres,348200.0,1741000.0,TZS,2025-09-14,2025-10-19,,,,,,,,3,False,,
PRC-2025-2186,GRT-2023-002,PRJ-2023-004,BDL-0040,VND-0048,LOC-ARU-002,FP-2025-05,STS-009,Quotation,Flipchart Paper Pad for PRJ-2023-004,32,Boxes,18100.0,579200.0,TZS,2025-05-12,2025-06-10,2025-06-12,GRN-2025-2186,INV-VND-2025-2186,2025-06-13,2025-07-13,2025-08-27,EXP-68646,3,False,PC-2025-053,
PRC-2025-2187,GRT-2024-003,PRJ-2024-005,BDL-0174,VND-0062,LOC-ARU-004,FP-2025-04,STS-002,Quotation,Iron Sheets for PRJ-2024-005,41,Sets,47800.0,1959800.0,TZS,2025-04-10,2025-05-07,,,,,,,,3,False,PC-2025-165,
PRC-2025-2188,GRT-2024-003,PRJ-2024-005,BDL-0177,VND-0127,LOC-ARU-004,FP-2025-08,STS-007,Tender,Malaria Rapid Test Kits Box for PRJ-2024-005,82,Pieces,275800.0,22615600.0,TZS,2025-08-15,2025-09-02,2025-09-16,GRN-2025-2188,,,,,,7,False,PC-2025-057,
PRC-2025-2189,GRT-2024-002,PRJ-2024-004,BDL-0163,VND-0054,LOC-MAN-004,FP-2025-08,STS-010,Direct Purchase,Computer Accessories Set for PRJ-2024-004,1,Boxes,376600.0,376600.0,TZS,2025-08-15,2025-09-07,2025-09-15,GRN-2025-2189,INV-VND-2025-2189,2025-09-19,2025-10-19,2025-10-13,EXP-60331,1,False,,
PRC-2025-2190,GRT-2023-002,PRJ-2023-004,BDL-0038,VND-0004,LOC-ARU-002,FP-2025-07,STS-010,Quotation,Fruit Tree Seedlings for PRJ-2023-004,2468,Units,1400.0,3455200.0,TZS,2025-07-22,2025-08-04,2025-08-06,GRN-2025-2190,INV-VND-2025-2190,2025-08-11,2025-09-10,2025-09-07,EXP-48058,5,False,PC-2025-023,
PRC-2025-2191,GRT-2023-005,PRJ-2023-010,BDL-0150,VND-0123,LOC-KIL-001,FP-2025-02,STS-009,Quotation,Office Chair for PRJ-2023-010,10,Litres,280800.0,2808000.0,TZS,2025-02-06,2025-02-27,2025-03-05,GRN-2025-2191,INV-VND-2025-2191,2025-03-11,2025-04-10,2025-04-06,EXP-26009,3,False,PC-2025-027,
PRC-2025-2192,GRT-2023-003,PRJ-2023-006,BDL-0065,VND-0088,LOC-KIL-001,FP-2025-07,STS-009,Quotation,External Hard Drive for PRJ-2023-006,3,Units,176000.0,528000.0,TZS,2025-07-16,2025-07-28,2025-08-08,GRN-2025-2192,INV-VND-2025-2192,2025-08-10,2025-09-09,2025-09-08,EXP-19006,3,False,PC-2025-170,
PRC-2025-2193,GRT-2023-001,PRJ-2023-011,BDL-0014,VND-0074,LOC-MAN-001,FP-2025-03,STS-003,Quotation,Reams of A4 Paper for PRJ-2023-011,318,Kg,4600.0,1462800.0,TZS,2025-03-14,2025-03-22,,,,,,,,5,False,,
PRC-2025-2194,GRT-2024-001,PRJ-2024-002,BDL-0095,VND-0050,LOC-KIL-004,FP-2025-07,STS-010,Direct Purchase,Filing Cabinet for PRJ-2024-002,1,Boxes,361000.0,361000.0,TZS,2025-07-17,2025-08-06,2025-08-18,GRN-2025-2194,INV-VND-2025-2194,2025-08-20,2025-09-19,10-27-2025,EXP-40159,1,False,,
PRC-2025-2195,GRT-2023-005,PRJ-2023-010,BDL-0144,VND-0020,LOC-KIL-001,FP-2025-08,STS-004,Quotation,Filing Cabinet for PRJ-2023-010,2,Kg,396300.0,792600.0,TZS,2025-08-19,2025-09-10,,,,,,,,5,False,PC-2025-043,
PRC-2025-2196,GRT-2024-001,PRJ-2024-007,BDL-0085,VND-0081,LOC-ARU-002,FP-2025-03,STS-009,Quotation,Manila Files Box for PRJ-2024-007,44,Pieces,16500.0,726000.0,TZS,2025-03-30,2025-04-16,2025-04-19,GRN-2025-2196,INV-VND-2025-2196,2025-04-22,2025-05-22,2025-05-12,EXP-85101,5,False,PC-2025-175,
PRC-2025-2197,GRT-2024-001,PRJ-2024-001,BDL-0092,VND-0015,LOC-MAN-001,FP-2025-03,STS-004,Quotation,Bean Seeds 2kg for PRJ-2024-001,203,Units,11900.0,2415700.0,TZS,2025-03-23,2025-04-23,,,,,,,,3,False,PC-2025-159,
PRC-2025-2198,GRT-2022-004,PRJ-2023-005,BDL-0133,VND-0030,LOC-KIL-001,FP-2025-03,STS-007,Tender,Office Desk for PRJ-2023-005,9,Units,606500.0,5458500.0,TZS,2025-03-31,2025-04-28,2025-05-13,GRN-2025-2198,,,,,,5,False,PC-2025-068,
PRC-2025-2199,GRT-2021-001,PRJ-2023-007,BDL-0191,VND-0032,LOC-ARU-001,FP-2025-05,STS-009,Direct Purchase,Flipchart Paper Pad for PRJ-2023-007,17,Kg,19000.0,323000.0,TZS,2025-05-25,2025-06-26,2025-07-10,GRN-2025-2199,INV-VND-2025-2199,2025-07-11,2025-08-10,2025-08-05,EXP-37800,1,False,,
PRC-2025-2200,GRT-2024-004,PRJ-2024-006,BDL-0216,VND-0095,LOC-MAN-002,FP-2025-08,STS-007,Quotation,Markers Set for PRJ-2024-006,43,Sets,11700.0,503100.0,TZS,2025-08-03,2025-09-11,2025-09-11,GRN-2025-2200,,,,,,5,False,,
PRC-2025-2201,GRT-2023-005,PRJ-2023-010,BDL-0141,VND-0075,LOC-KIL-001,FP-2025-03,STS-009,Quotation,Office Chair for PRJ-2023-010,15,Units,313300.0,4699500.0,TZS,2025-03-19,2025-04-14,2025-04-19,GRN-2025-2201,INV-VND-2025-2201,2025-04-23,2025-05-23,2025-05-18,EXP-20916,3,False,,
PRC-2025-2202,GRT-2024-001,PRJ-2024-002,BDL-0083,VND-0098,LOC-KIL-004,FP-2025-03,STS-006,Tender,Toyota Land Cruiser 4x4 for PRJ-2024-002,1,Litres,47442000.0,47442000.0,TZS,2025-03-21,2025-03-31,,,,,,,,7,False,PC-2025-026,
PRC-2025-2203,GRT-2024-001,PRJ-2024-007,BDL-0087,VND-0044,LOC-ARU-002,FP-2025-08,STS-008,Quotation,Motorcycle Honda for PRJ-2024-007,1,Pieces,4857200.0,4857200.0,TZS,2025-08-27,2025-09-05,2025-09-14,GRN-2025-2203,INV-VND-2025-2203,2025-09-16,,,,4,False,PC-2025-018,
PRC-2025-2204,GRT-2023-001,PRJ-2023-011,BDL-0016,VND-0061,LOC-MAN-001,FP-2025-03,STS-009,Quotation,Vegetable Seed Pack for PRJ-2023-011,311,Pieces,9100.0,2830100.0,TZS,2025-03-28,2025-04-09,2025-04-12,GRN-2025-2204,INV-VND-2025-2204,2025-04-14,2025-05-14,2025-05-29,EXP-54315,5,False,PC-2025-090,
PRC-2025-2205,GRT-2024-001,PRJ-2024-001,BDL-0092,VND-0137,LOC-MAN-001,FP-2025-05,STS-003,Direct Purchase,Computer Accessories Set for PRJ-2024-001,1,Pieces,331100.0,331100.0,TZS,2025-05-28,2025-06-25,,,,,,,,1,False,,
PRC-2025-2206,GRT-2024-002,PRJ-2024-004,BDL-0171,VND-0107,LOC-MAN-004,FP-2025-10,STS-001,Quotation,Eucalyptus Seedlings for PRJ-2024-004,3655,Litres,900.0,3289500.0,TZS,2025-10-09,2025-10-29,,,,,,,,5,False,PC-2025-073,
PRC-2025-2207,GRT-2021-001,PRJ-2023-007,BDL-0208,VND-0055,LOC-ARU-001,FP-2025-07,STS-008,Quotation,Paint 20L for PRJ-2023-007,36,Sets,87200.0,3139200.0,TZS,2025-07-08,2025-07-26,2025-08-08,GRN-2025-2207,INV-VND-2025-2207,2025-08-11,,,,5,False,,
PRC-2025-2208,GRT-2023-004,PRJ-2023-008,BDL-0114,VND-0063,LOC-MAN-002,FP-2025-07,STS-010,Quotation,Toyota Hilux Double Cab for PRJ-2023-008,1,Litres,34443600.0,34443600.0,TZS,2025-07-12,2025-07-22,2025-07-24,GRN-2025-2208,INV-VND-2025-2208,2025-07-27,2025-08-26,2025-08-26,EXP-68005,3,False,PC-2025-169,
PRC-2025-2209,GRT-2023-003,PRJ-2023-013,BDL-0061,VND-0028,LOC-ARU-001,FP-2025-06,STS-004,Tender,Toyota Hilux Double Cab for PRJ-2023-013,1,Litres,32376900.0,32376900.0,TZS,2025-06-21,2025-07-29,,,,,,,,3,False,PC-2025-079,
PRC-2025-2210,GRT-2024-002,PRJ-2024-003,BDL-0156,VND-0111,LOC-ARU-003,FP-2025-02,STS-009,Quotation,Office Chair for PRJ-2024-003,7,Kg,260000.0,1820000.0,TZS,2025-02-01,2025-02-12,2025-02-21,GRN-2025-2210,INV-VND-2025-2210,2025-02-24,2025-03-26,2025-03-22,EXP-72611,5,False,PC-2025-052,
PRC-2025-2211,GRT-2024-001,PRJ-2024-002,BDL-0088,VND-0112,LOC-KIL-004,FP-2025-08,STS-006,Quotation,Participant Bags for PRJ-2024-002,123,Pieces,27800.0,3419400.0,TZS,2025-08-30,2025-09-23,,,,,,,,4,False,PC-2025-027,
PRC-2025-2212,GRT-2024-003,PRJ-2024-005,BDL-0177,VND-0118,LOC-ARU-004,FP-2025-07,STS-010,Quotation,Paracetamol Tablets for PRJ-2024-005,120,Pieces,32100.0,3852000.0,TZS,2025-07-22,2025-09-04,2025-09-12,GRN-2025-2212,INV-VND-2025-2212,2025-09-14,2025-10-14,,EXP-25423,3,False,PC-2025-025,
PRC-2025-2213,GRT-2022-003,PRJ-2023-003,BDL-0042,VND-0024,LOC-KIL-003,FP-2025-02,STS-006,Quotation,Iron Sheets for PRJ-2023-003,77,Sets,49300.0,3796100.0,TZS,2025-02-11,2025-02-23,,,,,,,,5,False,PC-2025-171,
PRC-2025-2214,GRT-2023-002,PRJ-2023-012,BDL-0024,VND-0133,LOC-ARU-001,FP-2025-04,STS-009,Quotation,Participant Bags for PRJ-2023-012,64,Units,26200.0,1676800.0,TZS,04-20-2025,2025-05-01,2025-05-03,GRN-2025-2214,INV-VND-2025-2214,2025-05-10,2025-06-09,2025-06-07,EXP-44426,4,False,,
PRC-2025-2215,GRT-2024-001,PRJ-2024-001,BDL-0088,VND-0110,LOC-MAN-001,FP-2025-06,STS-004,Quotation,Motorcycle Honda for PRJ-2024-001,1,Units,4569500.0,4569500.0,TZS,2025-06-27,2025-07-22,,,,,,,,3,False,PC-2025-099,
PRC-2025-2216,GRT-2024-001,PRJ-2024-007,BDL-0097,VND-0099,LOC-ARU-002,FP-2025-05,STS-010,Tender,Malaria Rapid Test Kits Box for PRJ-2024-007,79,Kg,288600.0,22799400.0,TZS,2025-05-18,07/06/2025,2025-06-13,GRN-2025-2216,INV-VND-2025-2216,2025-06-16,2025-07-16,2025-07-07,EXP-67601,3,False,PC-2025-131,
PRC-2025-2217,GRT-2023-001,PRJ-2023-002,BDL-0005,VND-0015,LOC-KIL-002,FP-2025-06,STS-009,Quotation,Pens and Pencils Box for PRJ-2023-002,58,Boxes,11400.0,661200.0,TZS,2025-06-05,2025-06-30,2025-06-30,GRN-2025-2217,INV-VND-2025-2217,2025-07-06,2025-08-05,,EXP-88573,5,False,PC-2025-034,
PRC-2025-2218,GRT-2023-002,PRJ-2023-012,BDL-0026,VND-0087,LOC-ARU-001,FP-2025-01,STS-009,Quotation,Iron Sheets for PRJ-2023-012,25,Boxes,48200.0,1205000.0,TZS,2025-01-19,2025-02-21,2025-03-05,GRN-2025-2218,INV-VND-2025-2218,2025-03-10,2025-04-09,,EXP-65303,3,False,PC-2025-175,
PRC-2025-2219,GRT-2024-001,PRJ-2024-002,BDL-0089,VND-0144,LOC-KIL-004,FP-2025-08,STS-006,Tender,Toyota Land Cruiser 4x4 for PRJ-2024-002,1,Units,42115900.0,42115900.0,TZS,2025-08-03,2025-08-13,,,,,,,,5,False,PC-2025-036,
PRC-2025-2220,GRT-2023-003,PRJ-2023-013,BDL-0069,VND-0142,LOC-ARU-001,FP-2025-06,STS-010,Quotation,Motorcycle Honda for PRJ-2023-013,1,Boxes,4821500.0,4821500.0,TZS,2025-06-18,2025-07-22,2025-07-31,GRN-2025-2220,INV-VND-2025-2220,2025-08-05,2025-09-04,2025-09-03,EXP-15950,3,False,,
PRC-2025-2221,GRT-2023-003,PRJ-2023-006,BDL-0063,VND-0125,LOC-KIL-001,FP-2025-10,STS-010,Quotation,Fruit Tree Seedlings for PRJ-2023-006,1772,Pieces,1100.0,1949200.0,TZS,2025-10-06,2025-11-13,2025-11-18,GRN-2025-2221,INV-VND-2025-2221,2025-11-20,2025-12-20,2025-12-10,EXP-54988,4,False,PC-2025-008,
PRC-2025-2222,GRT-2023-001,PRJ-2023-002,BDL-0002,VND-0144,LOC-KIL-002,FP-2025-07,STS-008,Quotation,Manila Files Box for PRJ-2023-002,43,Kg,15900.0,683700.0,TZS,2025-07-29,2025-09-04,2025-09-12,GRN-2025-2222,INV-VND-2025-2222,2025-09-15,,,,4,False,,
PRC-2025-2223,GRT-2024-001,PRJ-2024-002,BDL-0090,VND-0081,LOC-KIL-004,FP-2025-02,STS-007,Quotation,Projector Epson for PRJ-2024-002,1,Litres,1240200.0,1240200.0,TZS,2025-02-12,2025-03-11,2025-03-21,GRN-2025-2223,,,,,,5,False,PC-2025-152,
PRC-2025-2224,GRT-2023-002,PRJ-2023-004,BDL-0026,VND-0032,LOC-ARU-002,FP-2025-07,STS-009,Quotation,Toner Cartridge for PRJ-2023-004,28,Sets,45000.0,1260000.0,TZS,2025-07-14,2025-07-31,2025-08-02,GRN-2025-2224,INV-VND-2025-2224,2025-08-04,2025-09-03,,EXP-65927,4,False,,
PRC-2025-2225,GRT-2024-003,PRJ-2024-005,BDL-0184,VND-0011,LOC-ARU-004,FP-2025-09,STS-010,Quotation,Conference Table for PRJ-2024-005,1,Sets,1168300.0,1168300.0,TZS,2025-09-04,2025-09-30,2025-10-06,GRN-2025-2225,INV-VND-2025-2225,2025-10-11,2025-11-10,2025-11-02,EXP-83879,3,False,,
PRC-2025-2226,GRT-2023-003,PRJ-2023-006,BDL-0070,VND-0033,LOC-KIL-001,FP-2025-10,STS-004,Quotation,Malaria Rapid Test Kits Box for PRJ-2023-006,98,Units,252700.0,24764600.0,TZS,2025-10-15,2025-11-21,,,,,,,,4,False,PC-2025-078,
PRC-2025-2227,GRT-2021-001,PRJ-2023-007,BDL-0191,VND-0101,LOC-ARU-001,FP-2025-04,STS-006,Quotation,Pens and Pencils Box for PRJ-2023-007,81,Litres,11600.0,939600.0,TZS,2025-04-02,2025-05-15,,,,,,,,3,False,PC-2025-064,
PRC-2025-2228,GRT-2023-002,PRJ-2023-012,BDL-0025,VND-0150,LOC-ARU-001,FP-2025-03,STS-009,Tender,Training Handouts Printing for PRJ-2023-012,269,Units,40200.0,10813800.0,TZS,2025-03-24,2025-04-30,05-13-2025,GRN-2025-2228,,2025-05-18,2025-06-17,2025-07-25,EXP-40839,4,False,PC-2025-036,
PRC-2025-2229,GRT-2023-004,PRJ-2023-008,BDL-0117,VND-0017,LOC-MAN-002,FP-2025-07,STS-009,Quotation,Projector Epson for PRJ-2023-008,1,Pieces,1306400.0,1306400.0,TZS,2025-07-28,2025-09-07,2025-09-17,GRN-2025-2229,INV-VND-2025-2229,2025-09-24,2025-10-24,2025-10-20,EXP-86887,5,False,PC-2025-101,
PRC-2025-2230,GRT-2023-001,PRJ-2023-001,BDL-0004,VND-0050,LOC-KIL-001,FP-2025-04,STS-001,Quotation,Manila Files Box for PRJ-2023-001,62,Units,14800.0,917600.0,TZS,2025-04-07,2025-05-14,,,,,,,,4,False,PC-2025-045,
PRC-2025-2231,GRT-2023-003,PRJ-2023-006,BDL-0076,VND-0036,LOC-KIL-001,FP-2025-05,STS-010,Quotation,Dell Laptop Computer for PRJ-2023-006,1,Litres,1719700.0,1719700.0,TZS,2025-05-14,2025-06-24,2025-06-26,GRN-2025-2231,INV-VND-2025-2231,2025-06-30,2025-07-30,2025-07-21,EXP-67563,3,False,,
PRC-2025-2232,GRT-2024-001,PRJ-2024-002,BDL-0097,VND-0035,LOC-KIL-004,FP-2025-10,STS-009,Direct Purchase,Network Switch for PRJ-2024-002,1,Boxes,364100.0,364100.0,TZS,2025-10-15,2025-11-18,01/12/2025,GRN-2025-2232,INV-VND-2025-2232,2025-12-05,2026-01-04,2025-12-29,EXP-30747,1,False,,
PRC-2025-2233,GRT-2022-003,PRJ-2023-003,BDL-0044,VND-0013,LOC-KIL-003,FP-2025-04,STS-009,Quotation,Toner Cartridge for PRJ-2023-003,35,Kg,45800.0,1603000.0,TZS,2025-04-05,2025-05-08,2025-05-11,GRN-2025-2233,INV-VND-2025-2233,2025-05-14,2025-06-13,2025-07-22,EXP-73526,3,False,PC-2025-030,
PRC-2025-2234,GRT-2023-004,PRJ-2023-009,BDL-0109,VND-0127,LOC-MAN-003,FP-2025-09,STS-009,Tender,Indigenous Tree Seedlings for PRJ-2023-009,15617,Sets,700.0,10931900.0,TZS,2025-09-25,2025-11-09,2025-11-11,GRN-2025-2234,INV-VND-2025-2234,2025-11-18,2025-12-18,2025-12-08,EXP-99920,4,False,PC-2025-114,
PRC-2025-2235,GRT-2023-001,PRJ-2023-001,BDL-0013,VND-0057,LOC-KIL-001,FP-2025-03,STS-003,Quotation,Participant Bags for PRJ-2023-001,141,Sets,25800.0,3637800.0,TZS,2025-03-23,2025-04-19,,,,,,,,3,False,PC-2025-049,
PRC-2025-2236,GRT-2023-003,PRJ-2023-006,BDL-0077,VND-0047,LOC-KIL-001,FP-2025-02,STS-008,Quotation,HP Desktop Computer for PRJ-2023-006,1,Units,1336000.0,1336000.0,TZS,2025-02-22,2025-03-03,2025-03-05,GRN-2025-2236,INV-VND-2025-2236,2025-03-09,,,,5,False,,
PRC-2025-2237,GRT-2024-004,PRJ-2024-006,BDL-0219,VND-0018,LOC-MAN-002,FP-2025-04,STS-010,Quotation,Markers Set for PRJ-2024-006,50,Boxes,11400.0,570000.0,TZS,2025-04-10,2025-05-09,2025-05-10,GRN-2025-2237,INV-VND-2025-2237,2025-05-13,2025-06-12,2025-06-12,EXP-83729,5,False,,
PRC-2025-2238,GRT-2024-004,PRJ-2024-006,BDL-0216,VND-0096,LOC-MAN-002,FP-2025-05,STS-002,Direct Purchase,External Hard Drive for PRJ-2024-006,1,Kg,195600.0,195600.0,TZS,2025-05-05,2025-06-11,,,,,,,,1,False,,
PRC-2025-2239,GRT-2024-004,PRJ-2024-006,BDL-0213,VND-0076,LOC-MAN-002,FP-2025-03,STS-010,Direct Purchase,External Hard Drive for PRJ-2024-006,2,Litres,189700.0,379400.0,TZS,2025-03-07,2025-04-18,2025-04-24,GRN-2025-2239,INV-VND-2025-2239,2025-04-25,2025-05-25,2025-05-25,EXP-76683,1,False,,
PRC-2025-2240,GRT-2024-002,PRJ-2024-003,BDL-0172,VND-0013,LOC-ARU-003,FP-2025-09,STS-009,Tender,Improved Maize Seed 5kg for PRJ-2024-003,951,Kg,16600.0,15786600.0,TZS,2025-09-14,2025-10-01,2025-10-02,GRN-2025-2240,INV-VND-2025-2240,2025-10-05,2025-11-04,2025-10-25,EXP-52058,5,False,PC-2025-045,
PRC-2025-2241,GRT-2024-001,PRJ-2024-001,BDL-0094,VND-0122,LOC-MAN-001,FP-2025-08,STS-006,Quotation,Pens and Pencils Box for PRJ-2024-001,76,Sets,12200.0,927200.0,TZS,2025-08-22,2025-09-28,,,,,,,,4,False,,
PRC-2025-2242,GRT-2024-003,PRJ-2024-005,BDL-0184,VND-0047,LOC-ARU-004,FP-2025-01,STS-010,Quotation,Oral Rehydration Salts for PRJ-2024-005,50,Pieces,35200.0,1760000.0,TZS,2025-01-21,2025-03-07,2025-03-22,GRN-2025-2242,INV-VND-2025-2242,2025-03-23,2025-04-22,2025-04-15,EXP-27855,4,False,PC-2025-194,
PRC-2025-2243,GRT-2023-001,PRJ-2023-001,BDL-0006,VND-0009,LOC-KIL-001,FP-2025-02,STS-009,Quotation,UPS Battery for PRJ-2023-001,2,Pieces,407200.0,814400.0,TZS,2025-02-20,2025-03-16,2025-03-31,GRN-2025-2243,INV-VND-2025-2243,2025-04-02,2025-05-02,2025-04-27,EXP-62631,4,False,PC-2025-192,
PRC-2025-2244,GRT-2024-002,PRJ-2024-004,BDL-0160,VND-0022,LOC-MAN-004,FP-2025-05,STS-009,Tender,Oral Rehydration Salts for PRJ-2024-004,160,Units,34600.0,5536000.0,TZS,2025-05-29,2025-06-19,2025-06-26,GRN-2025-2244,INV-VND-2025-2244,2025-06-27,2025-07-27,2025-07-18,EXP-35095,6,False,PC-2025-009,
PRC-2025-2245,GRT-2023-004,PRJ-2023-009,BDL-0114,VND-0133,LOC-MAN-003,FP-2025-09,STS-009,Quotation,Office Desk for PRJ-2023-009,8,Sets,653500.0,5228000.0,TZS,2025-09-21,2025-10-21,2025-10-28,GRN-2025-2245,INV-VND-2025-2245,2025-10-31,2025-11-30,2025-11-23,EXP-87390,7,False,PC-2025-138,
PRC-2025-2246,GRT-2024-004,PRJ-2024-006,BDL-0227,VND-0109,LOC-MAN-002,FP-2025-06,STS-009,Quotation,Vegetable Seed Pack for PRJ-2024-006,316,Kg,8000.0,2528000.0,TZS,2025-06-29,2025-07-24,2025-07-31,GRN-2025-2246,INV-VND-2025-2246,2025-08-04,2025-09-03,2025-08-27,EXP-13060,4,False,PC-2025-164,
PRC-2025-2247,GRT-2024-001,PRJ-2024-001,BDL-0090,VND-0023,LOC-MAN-001,FP-2025-09,STS-005,Quotation,Fruit Tree Seedlings for PRJ-2024-001,1246,Sets,1400.0,1744400.0,TZS,2025-09-04,2025-09-14,,,,,,,,5,False,PC-2025-083,
PRC-2025-2248,GRT-2023-003,PRJ-2023-013,BDL-0079,VND-0011,LOC-ARU-001,FP-2025-05,STS-009,Quotation,Cement Bags for PRJ-2023-013,346,Litres,26100.0,9030600.0,TZS,2025-05-25,2025-06-26,2025-06-30,GRN-2025-2248,INV-VND-2025-2248,2025-07-04,2025-08-03,2025-07-30,EXP-63616,3,False,PC-2025-012,
PRC-2025-2249,GRT-2024-004,PRJ-2024-006,BDL-0226,VND-0003,LOC-MAN-002,FP-2025-10,STS-010,Quotation,Blood Pressure Monitors for PRJ-2024-006,7,Pieces,309100.0,2163700.0,TZS,2025-10-03,2025-10-30,2025-11-14,GRN-2025-2249,INV-VND-2025-2249,2025-11-19,2025-12-19,2025-12-09,EXP-32787,3,False,,
PRC-2025-2250,GRT-2023-001,PRJ-2023-001,BDL-0005,VND-0018,LOC-KIL-001,FP-2025-09,STS-010,Quotation,Reams of A4 Paper for PRJ-2023-001,105,Kg,5600.0,588000.0,TZS,2025-09-10,2025-10-22,2025-10-19,GRN-2025-2250,INV-VND-2025-2250,24-Oct-2025,2025-11-23,2025-11-19,EXP-50427,5,False,,
PRC-2025-2251,GRT-2024-002,PRJ-2024-003,BDL-0155,VND-0128,LOC-ARU-003,FP-2025-04,STS-007,Tender,Motorcycle Honda for PRJ-2024-003,1,Sets,5126200.0,5126200.0,TZS,2025-04-05,2025-05-12,2025-05-11,GRN-2025-2251,,,,,,4,False,PC-2025-117,
PRC-2025-2252,GRT-2021-001,PRJ-2023-007,BDL-0196,VND-0074,LOC-ARU-001,FP-2025-06,STS-009,Quotation,Dell Laptop Computer for PRJ-2023-007,1,Sets,1833500.0,1833500.0,TZS,2025-06-14,2025-07-10,2025-07-19,GRN-2025-2252,,2025-07-21,2025-08-20,2025-08-12,EXP-59185,5,False,,
PRC-2025-2253,GRT-2024-001,PRJ-2024-002,BDL-0090,VND-0105,LOC-KIL-004,FP-2025-05,STS-010,Quotation,Participant Bags for PRJ-2024-002,75,Boxes,27700.0,2077500.0,TZS,2025-05-08,2025-06-12,2025-06-20,GRN-2025-2253,INV-VND-2025-2253,2025-06-21,2025-07-21,2025-07-13,EXP-63523,4,False,PC-2025-019,
PRC-2025-2254,GRT-2024-002,PRJ-2024-004,BDL-0155,VND-0022,LOC-MAN-004,FP-2025-03,STS-001,Quotation,Vegetable Seed Pack for PRJ-2024-004,329,Pieces,8400.0,2763600.0,TZS,2025-03-28,2025-04-08,,,,,,,,4,False,PC-2025-168,
PRC-2025-2255,GRT-2024-001,PRJ-2024-002,BDL-0094,VND-0087,LOC-KIL-004,FP-2025-07,STS-009,Direct Purchase,External Hard Drive for PRJ-2024-002,2,Kg,187600.0,375200.0,TZS,06/07/2025,2025-07-31,2025-08-05,GRN-2025-2255,INV-VND-2025-2255,2025-08-11,09-10-2025,2025-09-09,EXP-44051,1,False,,
PRC-2025-2256,GRT-2023-005,PRJ-2023-010,BDL-0139,VND-0087,LOC-KIL-001,FP-2025-09,STS-009,Quotation,HP Desktop Computer for PRJ-2023-010,1,Kg,1294800.0,1294800.0,TZS,2025-09-13,2025-10-12,2025-10-13,GRN-2025-2256,INV-VND-2025-2256,2025-10-14,2025-11-13,,EXP-66572,3,False,,
PRC-2025-2257,GRT-2024-001,PRJ-2024-002,BDL-0091,VND-0113,LOC-KIL-004,FP-2025-05,STS-008,Direct Purchase,Flipchart Paper Pad for PRJ-2024-002,10,Units,20500.0,205000.0,TZS,2025-05-04,2025-06-18,2025-06-19,GRN-2025-2257,INV-VND-2025-2257,2025-06-25,,,,1,False,,
PRC-2025-2258,GRT-2023-004,PRJ-2023-008,BDL-0110,VND-0036,LOC-MAN-002,FP-2025-01,STS-009,Quotation,UPS Battery for PRJ-2023-008,1,Pieces,503600.0,503600.0,TZS,2025-01-26,2025-02-04,2025-02-10,GRN-2025-2258,INV-VND-2025-2258,2025-02-16,2025-03-18,2025-04-20,EXP-61214,5,False,,
PRC-2025-2259,GRT-2024-002,PRJ-2024-004,BDL-0159,VND-0008,LOC-MAN-004,FP-2025-03,STS-010,Quotation,Toner Cartridge for PRJ-2024-004,36,Pieces,42800.0,1540800.0,TZS,2025-03-26,2025-04-16,2025-04-13,GRN-2025-2259,INV-VND-2025-2259,2025-04-17,2025-05-17,2025-05-10,EXP-57640,5,False,PC-2025-054,
PRC-2025-2260,GRT-2023-001,PRJ-2023-011,BDL-0004,VND-0112,LOC-MAN-001,FP-2025-02,STS-009,Quotation,Notebooks Pack for PRJ-2023-011,163,Sets,8100.0,1320300.0,TZS,2025-02-11,2025-03-27,2025-04-11,GRN-2025-2260,INV-VND-2025-2260,2025-04-13,2025-05-13,2025-05-13,EXP-96980,3,False,PC-2025-094,
PRC-2025-2261,GRT-2024-001,PRJ-2024-001,BDL-0087,VND-0058,LOC-MAN-001,FP-2025-06,STS-009,Tender,Toyota Hilux Double Cab for PRJ-2024-001,1,Sets,32980600.0,32980600.0,TZS,2025-06-14,2025-07-10,2025-07-11,GRN-2025-2261,INV-VND-2025-2261,2025-07-15,2025-08-14,2025-08-14,EXP-21328,5,False,PC-2025-094,
PRC-2025-2262,GRT-2023-001,PRJ-2023-002,BDL-0020,VND-0126,LOC-KIL-002,FP-2025-01,STS-007,Tender,Oral Rehydration Salts for PRJ-2023-002,168,Boxes,40000.0,6720000.0,TZS,2025-01-26,2025-02-16,2025-02-23,GRN-2025-2262,,,,,,3,False,PC-2025-177,
PRC-2025-2263,GRT-2024-002,PRJ-2024-004,BDL-0160,VND-0088,LOC-MAN-004,FP-2025-04,STS-009,Tender,Malaria Rapid Test Kits Box for PRJ-2024-004,93,Sets,275700.0,25640100.0,TZS,2025-04-27,2025-05-23,2025-06-04,GRN-2025-2263,INV-VND-2025-2263,2025-06-10,2025-07-10,2025-07-10,EXP-66941,4,False,PC-2025-056,
PRC-2025-2264,GRT-2024-001,PRJ-2024-007,BDL-0085,VND-0035,LOC-ARU-002,FP-2025-06,STS-009,Quotation,Paint 20L for PRJ-2024-007,16,Sets,77100.0,1233600.0,TZS,2025-06-28,2025-08-07,2025-08-07,GRN-2025-2264,INV-VND-2025-2264,2025-08-13,2025-09-12,,EXP-50889,3,False,PC-2025-183,
PRC-2025-2265,GRT-2024-002,PRJ-2024-003,BDL-0165,VND-0020,LOC-ARU-003,FP-2025-07,STS-009,Quotation,Toner Cartridge for PRJ-2024-003,37,Sets,49600.0,1835200.0,TZS,2025-07-29,2025-08-11,2025-08-10,GRN-2025-2265,INV-VND-2025-2265,2025-08-15,2025-09-14,2025-09-13,EXP-73962,5,False,,
PRC-2025-2266,GRT-2024-002,PRJ-2024-003,BDL-0166,VND-0092,LOC-ARU-003,FP-2025-09,STS-008,Quotation,Bean Seeds 2kg for PRJ-2024-003,177,Boxes,10900.0,1929300.0,TZS,2025-09-18,2025-10-21,2025-10-18,GRN-2025-2266,INV-VND-2025-2266,2025-10-20,,,,5,False,PC-2025-018,
PRC-2025-2267,GRT-2024-003,PRJ-2024-005,BDL-0176,VND-0050,LOC-ARU-004,FP-2025-05,STS-009,Quotation,Motorcycle Honda for PRJ-2024-005,1,Pieces,4608700.0,4608700.0,TZS,2025-05-21,2025-06-05,2025-06-12,GRN-2025-2267,INV-VND-2025-2267,2025-06-15,2025-07-15,2025-07-13,EXP-25784,3,False,PC-2025-009,
PRC-2025-2268,GRT-2021-001,PRJ-2023-007,BDL-0192,VND-0105,LOC-ARU-001,FP-2025-02,STS-003,Quotation,Dell Laptop Computer for PRJ-2023-007,1,Kg,1745900.0,1745900.0,TZS,2025-02-20,2025-04-01,,,,,,,,4,False,PC-2025-054,
PRC-2025-2269,GRT-2023-002,PRJ-2023-012,BDL-0028,VND-0098,LOC-ARU-001,FP-2025-03,STS-006,Quotation,Fruit Tree Seedlings for PRJ-2023-012,3766,Litres,1200.0,4519200.0,TZS,2025-03-04,2025-03-20,,,,,,,,3,False,PC-2025-028,
PRC-2025-2270,GRT-2023-002,PRJ-2023-004,BDL-0029,VND-0024,LOC-ARU-002,FP-2025-07,STS-009,Quotation,Notebooks Pack for PRJ-2023-004,91,Boxes,7700.0,700700.0,TZS,2025-07-30,2025-08-14,2025-08-29,GRN-2025-2270,INV-VND-2025-2270,2025-09-02,2025-10-02,2025-10-01,EXP-34832,4,False,PC-2025-066,
PRC-2025-2271,GRT-2024-003,PRJ-2024-005,BDL-0182,VND-0035,LOC-ARU-004,FP-2025-07,STS-009,Quotation,Timber Planks for PRJ-2024-005,99,Kg,14600.0,1445400.0,TZS,2025-07-27,2025-08-03,2025-08-04,GRN-2025-2271,INV-VND-2025-2271,2025-08-05,2025-09-04,2025-08-29,EXP-73556,3,False,,
PRC-2025-2272,GRT-2024-001,PRJ-2024-007,BDL-0084,VND-0082,LOC-ARU-002,FP-2025-05,STS-001,Quotation,Training Handouts Printing for PRJ-2024-007,292,Kg,32100.0,9373200.0,TZS,2025-05-01,2025-05-25,,,,,,,,7,False,PC-2025-050,
PRC-2025-2273,GRT-2024-001,PRJ-2024-002,BDL-0097,VND-0054,LOC-KIL-004,FP-2025-03,STS-010,Quotation,Toyota Land Cruiser 4x4 for PRJ-2024-002,1,Boxes,43180900.0,43180900.0,TZS,2025-03-20,2025-04-15,2025-04-28,GRN-2025-2273,INV-VND-2025-2273,2025-05-03,2025-06-02,2025-05-23,EXP-95210,5,False,PC-2025-145,
PRC-2025-2274,GRT-2024-001,PRJ-2024-007,BDL-0083,VND-0045,LOC-ARU-002,FP-2025-09,STS-010,Quotation,Timber Planks for PRJ-2024-007,123,Units,13900.0,1709700.0,TZS,09-23-2025,2025-10-21,2025-10-22,GRN-2025-2274,INV-VND-2025-2274,2025-10-29,2025-11-28,,EXP-97525,4,False,,
PRC-2025-2275,GRT-2023-004,PRJ-2023-008,BDL-0117,VND-0103,LOC-MAN-002,FP-2025-03,STS-009,Quotation,Oral Rehydration Salts for PRJ-2023-008,95,Sets,39500.0,3752500.0,TZS,2025-03-20,2025-04-02,2025-04-09,GRN-2025-2275,INV-VND-2025-2275,2025-04-13,2025-05-13,2025-05-10,EXP-62811,3,False,PC-2025-092,
PRC-2025-2276,GRT-2023-001,PRJ-2023-011,BDL-0018,VND-0106,LOC-MAN-001,FP-2025-04,STS-006,Quotation,HP Desktop Computer for PRJ-2023-011,1,Litres,1573700.0,1573700.0,TZS,2025-04-07,2025-05-22,,,,,,,,4,False,PC-2025-081,
PRC-2025-2277,GRT-2023-002,PRJ-2023-012,BDL-0028,VND-0026,LOC-ARU-001,FP-2025-10,STS-007,Quotation,Paint 20L for PRJ-2023-012,13,Boxes,96700.0,1257100.0,TZS,2025-10-04,2025-10-13,2025-10-12,GRN-2025-2277,,,,,,4,False,,
PRC-2025-2278,GRT-2024-002,PRJ-2024-003,BDL-0162,VND-0116,LOC-ARU-003,FP-2025-06,STS-008,Quotation,Dell Laptop Computer for PRJ-2024-003,1,Pieces,2039400.0,2039400.0,TZS,2025-06-02,2025-07-10,2025-07-19,GRN-2025-2278,INV-VND-2025-2278,2025-07-21,,,,4,False,PC-2025-009,
PRC-2025-2279,GRT-2024-002,PRJ-2024-003,BDL-0157,VND-0014,LOC-ARU-003,FP-2025-06,STS-009,Quotation,Medical Gloves Box for PRJ-2024-003,190,Units,45100.0,8569000.0,TZS,2025-06-30,2025-08-03,2025-08-10,GRN-2025-2279,INV-VND-2025-2279,2025-08-16,2025-09-15,2025-09-13,EXP-38004,4,False,PC-2025-078,
PRC-2025-2280,GRT-2022-003,PRJ-2023-003,BDL-0047,VND-0027,LOC-KIL-003,FP-2025-07,STS-009,Quotation,Iron Sheets for PRJ-2023-003,42,Sets,50900.0,2137800.0,TZS,2025-07-30,2025-09-12,2025-09-15,GRN-2025-2280,INV-VND-2025-2280,2025-09-17,2025-10-17,2025-10-15,EXP-90626,4,False,,
PRC-2025-2281,GRT-2023-004,PRJ-2023-008,BDL-0102,VND-0026,LOC-MAN-002,FP-2025-08,STS-009,Quotation,Conference Table for PRJ-2023-008,1,Kg,1159200.0,1159200.0,TZS,2025-08-26,2025-10-05,2025-10-16,GRN-2025-2281,INV-VND-2025-2281,2025-10-17,2025-11-16,2025-11-08,EXP-21358,4,False,PC-2025-200,
PRC-2025-2282,GRT-2024-003,PRJ-2024-005,BDL-0175,VND-0083,LOC-ARU-004,FP-2025-02,STS-003,Quotation,Oral Rehydration Salts for PRJ-2024-005,133,Pieces,35500.0,4721500.0,TZS,2025-02-17,2025-04-02,,,,,,,,3,False,PC-2025-090,
PRC-2025-2283,GRT-2023-002,PRJ-2023-004,BDL-0037,VND-0091,LOC-ARU-002,FP-2025-04,STS-007,Quotation,Office Desk for PRJ-2023-004,4,Kg,608100.0,2432400.0,TZS,2025-04-10,2025-04-27,2025-05-10,GRN-2025-2283,,,,,,4,False,,
PRC-2025-2284,GRT-2023-002,PRJ-2023-012,BDL-0025,VND-0010,LOC-ARU-001,FP-2025-02,STS-010,Quotation,Medical Gloves Box for PRJ-2023-012,117,Boxes,43600.0,5101200.0,TZS,2025-02-02,2025-02-10,2025-02-16,GRN-2025-2284,INV-VND-2025-2284,2025-02-21,2025-03-23,2025-03-19,EXP-62693,7,False,PC-2025-146,
PRC-2025-2285,GRT-2024-003,PRJ-2024-005,BDL-0179,VND-0124,LOC-ARU-004,FP-2025-08,STS-009,Direct Purchase,Computer Accessories Set for PRJ-2024-005,1,Kg,321200.0,321200.0,TZS,2025-08-26,2025-09-30,2025-09-28,GRN-2025-2285,INV-VND-2025-2285,2025-10-04,2025-11-03,2025-10-25,EXP-57059,1,False,,
PRC-2025-2286,GRT-2024-002,PRJ-2024-003,BDL-0172,VND-0042,LOC-ARU-003,FP-2025-10,STS-008,Quotation,Paint 20L for PRJ-2024-003,21,Kg,89700.0,1883700.0,TZS,07-Oct-2025,2025-11-01,2025-10-31,GRN-2025-2286,INV-VND-2025-2286,2025-11-01,,,,3,False,PC-2025-138,
PRC-2025-2287,GRT-2022-004,PRJ-2023-005,BDL-0126,VND-0141,LOC-KIL-001,FP-2025-10,STS-010,Quotation,Filing Cabinet for PRJ-2023-005,4,Litres,417100.0,1668400.0,TZS,2025-10-07,2025-11-17,2025-11-29,GRN-2025-2287,INV-VND-2025-2287,2025-12-02,2026-01-01,2025-12-26,EXP-31194,4,False,,
PRC-2025-2288,GRT-2024-002,PRJ-2024-004,BDL-0172,VND-0139,LOC-MAN-004,FP-2025-08,STS-002,Quotation,Iron Sheets for PRJ-2024-004,98,Sets,49400.0,4841200.0,TZS,2025-08-25,2025-09-28,,,,,,,,5,False,PC-2025-091,
PRC-2025-2289,GRT-2022-004,PRJ-2023-005,BDL-0128,VND-0102,LOC-KIL-001,FP-2025-05,STS-010,Quotation,Eucalyptus Seedlings for PRJ-2023-005,7098,Pieces,700.0,4968600.0,TZS,2025-05-01,2025-05-16,2025-05-25,GRN-2025-2289,INV-VND-2025-2289,2025-05-27,2025-06-26,2025-06-20,EXP-24632,5,False,PC-2025-101,
PRC-2025-2290,GRT-2024-003,PRJ-2024-005,BDL-0174,VND-0071,LOC-ARU-004,FP-2025-01,STS-009,Direct Purchase,External Hard Drive for PRJ-2024-005,1,Pieces,181500.0,181500.0,TZS,2025-01-25,2025-03-02,2025-03-08,GRN-2025-2290,INV-VND-2025-2290,2025-03-15,2025-04-14,2025-04-28,EXP-15152,1,False,,
PRC-2025-2291,GRT-2023-002,PRJ-2023-012,BDL-0025,VND-0051,LOC-ARU-001,FP-2025-04,STS-010,Quotation,Motorcycle Honda for PRJ-2023-012,1,Litres,5045100.0,5045100.0,TZS,2025-04-18,2025-05-01,2025-04-29,GRN-2025-2291,INV-VND-2025-2291,2025-05-04,2025-06-03,2025-05-25,EXP-81956,3,False,PC-2025-073,
PRC-2025-2292,GRT-2021-001,PRJ-2023-007,BDL-0200,VND-0036,LOC-ARU-001,FP-2025-04,STS-001,Quotation,Printer Canon for PRJ-2023-007,1,Boxes,898800.0,898800.0,TZS,2025-04-16,2025-05-31,,,,,,,,5,False,,
PRC-2025-2293,GRT-2021-001,PRJ-2023-007,BDL-0204,VND-0022,LOC-ARU-001,FP-2025-09,STS-002,Quotation,Sunflower Seeds 1kg for PRJ-2023-007,365,Boxes,16800.0,6132000.0,TZS,2025-09-13,2025-10-08,,,,,,,,7,False,PC-2025-083,
PRC-2025-2294,GRT-2023-005,PRJ-2023-010,BDL-0148,VND-0060,LOC-KIL-001,FP-2025-01,STS-006,Quotation,Bean Seeds 2kg for PRJ-2023-010,395,Sets,11200.0,4424000.0,TZS,2025-01-22,2025-01-30,,,,,,,,4,False,,
PRC-2025-2295,GRT-2021-001,PRJ-2023-007,BDL-0202,VND-0109,LOC-ARU-001,FP-2025-08,STS-010,Quotation,Notebooks Pack for PRJ-2023-007,124,Boxes,8500.0,1054000.0,TZS,2025-08-18,2025-08-30,2025-09-06,GRN-2025-2295,INV-VND-2025-2295,2025-09-11,2025-10-11,2025-10-20,EXP-11531,5,False,PC-2025-074,
PRC-2025-2296,GRT-2023-001,PRJ-2023-011,BDL-0017,VND-0138,LOC-MAN-001,FP-2025-10,STS-009,Quotation,Iron Sheets for PRJ-2023-011,73,Units,42200.0,3080600.0,TZS,2025-10-07,2025-10-18,2025-10-15,GRN-2025-2296,INV-VND-2025-2296,2025-10-17,2025-11-16,2025-11-30,EXP-95708,3,False,PC-2025-010,
PRC-2025-2297,GRT-2024-001,PRJ-2024-001,BDL-0091,VND-0036,LOC-MAN-001,FP-2025-09,STS-010,Quotation,Eucalyptus Seedlings for PRJ-2024-001,6143,Litres,700.0,4300100.0,TZS,2025-09-28,2025-10-26,2025-11-09,GRN-2025-2297,INV-VND-2025-2297,2025-11-15,2025-12-15,13-Dec-2025,EXP-38199,5,False,,
PRC-2025-2298,GRT-2024-001,PRJ-2024-007,BDL-0097,VND-0029,LOC-ARU-002,FP-2025-04,STS-009,Tender,Toyota Land Cruiser 4x4 for PRJ-2024-007,1,Litres,50628100.0,50628100.0,TZS,2025-04-03,2025-04-29,2025-04-30,GRN-2025-2298,INV-VND-2025-2298,2025-05-03,2025-06-02,2025-05-27,EXP-36653,4,False,PC-2025-172,
PRC-2025-2299,GRT-2023-002,PRJ-2023-012,BDL-0041,VND-0047,LOC-ARU-001,FP-2025-01,STS-004,Quotation,Participant Bags for PRJ-2023-012,145,Litres,25200.0,3654000.0,TZS,2025-01-25,2025-02-20,,,,,,,,3,False,PC-2025-145,
PRC-2025-2300,GRT-2022-003,PRJ-2023-003,BDL-0051,VND-0032,LOC-KIL-003,FP-2025-07,STS-002,Quotation,Manila Files Box for PRJ-2023-003,79,Pieces,14100.0,1113900.0,TZS,2025-07-10,2025-07-23,,,,,,,,5,False,,
PRC-2025-2301,GRT-2022-004,PRJ-2023-005,BDL-0135,VND-0024,LOC-KIL-001,FP-2025-07,STS-009,Quotation,Notebooks Pack for PRJ-2023-005,141,Boxes,8500.0,1198500.0,TZS,2025-07-25,2025-08-03,2025-08-16,GRN-2025-2301,INV-VND-2025-2301,2025-08-22,2025-09-21,2025-09-16,EXP-96268,3,False,,
PRC-2025-2302,GRT-2023-002,PRJ-2023-012,BDL-0039,VND-0014,LOC-ARU-001,FP-2025-04,STS-006,Tender,Toyota Hilux Double Cab for PRJ-2023-012,1,Boxes,30123200.0,30123200.0,TZS,2025-04-23,2025-05-20,,,,,,,,5,False,PC-2025-030,
PRC-2025-2303,GRT-2023-001,PRJ-2023-001,BDL-0005,VND-0014,LOC-KIL-001,FP-2025-02,STS-007,Quotation,Indigenous Tree Seedlings for PRJ-2023-001,5672,Litres,600.0,3403200.0,TZS,2025-02-26,2025-03-28,2025-04-09,GRN-2025-2303,,,,,,3,False,,
PRC-2025-2304,GRT-2023-001,PRJ-2023-002,BDL-0009,VND-0030,LOC-KIL-002,FP-2025-06,STS-006,Direct Purchase,Computer Accessories Set for PRJ-2023-002,1,Boxes,388400.0,388400.0,TZS,2025-06-19,2025-08-02,,,,,,,,1,False,,
PRC-2025-2305,GRT-2024-001,PRJ-2024-002,BDL-0097,VND-0022,LOC-KIL-004,FP-2025-02,STS-001,Quotation,Filing Cabinet for PRJ-2024-002,4,Pieces,360600.0,1442400.0,TZS,2025-02-06,2025-03-06,,,,,,,,3,False,,
PRC-2025-2306,GRT-2023-005,PRJ-2023-010,BDL-0141,VND-0057,LOC-KIL-001,FP-2025-05,STS-010,Tender,Indigenous Tree Seedlings for PRJ-2023-010,11962,Pieces,700.0,8373400.0,TZS,2025-05-23,2025-06-14,2025-06-25,GRN-2025-2306,INV-VND-2025-2306,2025-06-27,2025-07-27,2025-07-25,EXP-90597,7,False,PC-2025-017,
PRC-2025-2307,GRT-2023-001,PRJ-2023-001,BDL-0021,VND-0059,LOC-KIL-001,FP-2025-07,STS-005,Tender,Eucalyptus Seedlings for PRJ-2023-001,6579,Sets,800.0,5263200.0,TZS,2025-07-23,2025-08-03,,,,,,,,7,False,PC-2025-179,
PRC-2025-2308,GRT-2024-002,PRJ-2024-003,BDL-0173,VND-0115,LOC-ARU-003,FP-2025-10,STS-009,Quotation,Office Desk for PRJ-2024-003,7,Kg,592200.0,4145400.0,TZS,01-Oct-2025,2025-10-22,2025-10-27,GRN-2025-2308,,2025-10-31,2025-11-30,2025-11-29,EXP-95462,5,False,,
PRC-2025-2309,GRT-2024-001,PRJ-2024-007,BDL-0096,VND-0056,LOC-ARU-002,FP-2025-09,STS-006,Direct Purchase,Computer Accessories Set for PRJ-2024-007,1,Litres,371900.0,371900.0,TZS,2025-09-09,2025-10-06,,,,,,,,1,False,,
PRC-2025-2310,GRT-2023-003,PRJ-2023-006,BDL-0069,VND-0075,LOC-KIL-001,FP-2025-10,STS-009,Quotation,Reams of A4 Paper for PRJ-2023-006,140,Kg,5200.0,728000.0,TZS,2025-10-14,2025-11-04,2025-11-11,GRN-2025-2310,,2025-11-12,2025-12-12,2025-12-04,EXP-71990,4,False,,
PRC-2025-2311,GRT-2023-002,PRJ-2023-012,BDL-0023,VND-0080,LOC-ARU-001,FP-2025-08,STS-007,Quotation,Bean Seeds 2kg for PRJ-2023-012,199,Sets,11700.0,2328300.0,TZS,2025-08-01,2025-08-22,2025-08-27,GRN-2025-2311,,,,,,3,False,PC-2025-137,
PRC-2025-2312,GRT-2021-001,PRJ-2023-007,BDL-0209,VND-0053,LOC-ARU-001,FP-2025-05,STS-001,Quotation,Fruit Tree Seedlings for PRJ-2023-007,3486,Pieces,1300.0,4531800.0,TZS,2025-05-23,2025-06-21,,,,,,,,4,False,PC-2025-190,
PRC-2025-2313,GRT-2024-002,PRJ-2024-003,BDL-0172,VND-0006,LOC-ARU-003,FP-2025-04,STS-009,Quotation,Motorcycle Honda for PRJ-2024-003,1,Units,4579300.0,4579300.0,TZS,2025-04-30,2025-05-14,2025-05-19,GRN-2025-2313,INV-VND-2025-2313,2025-05-20,2025-06-19,2025-06-25,EXP-39792,4,False,,
PRC-2025-2314,GRT-2024-001,PRJ-2024-007,BDL-0097,VND-0092,LOC-ARU-002,FP-2025-06,STS-007,Tender,Toyota Land Cruiser 4x4 for PRJ-2024-007,1,Kg,50695700.0,50695700.0,TZS,2025-06-11,2025-07-02,2025-06-30,GRN-2025-2314,,,,,,6,False,PC-2025-130,
PRC-2025-2315,GRT-2023-001,PRJ-2023-001,BDL-0017,VND-0062,LOC-KIL-001,FP-2025-02,STS-010,Quotation,Iron Sheets for PRJ-2023-001,64,Units,46500.0,2976000.0,TZS,2025-02-27,2025-04-12,2025-04-19,GRN-2025-2315,INV-VND-2025-2315,2025-04-24,2025-05-24,2025-05-24,EXP-74301,3,False,,
PRC-2025-2316,GRT-2023-005,PRJ-2023-010,BDL-0142,VND-0081,LOC-KIL-001,FP-2025-03,STS-009,Quotation,Paint 20L for PRJ-2023-010,15,Pieces,80900.0,1213500.0,TZS,2025-03-20,2025-04-26,2025-04-24,GRN-2025-2316,INV-VND-2025-2316,2025-04-27,2025-05-27,2025-05-25,EXP-72510,3,False,PC-2025-052,
PRC-2025-2317,GRT-2023-002,PRJ-2023-004,BDL-0022,VND-0135,LOC-ARU-002,FP-2025-03,STS-009,Quotation,Timber Planks for PRJ-2023-004,147,Units,16200.0,2381400.0,TZS,2025-03-03,2025-03-26,2025-03-30,GRN-2025-2317,INV-VND-2025-2317,2025-04-04,2025-05-04,2025-04-27,EXP-39547,5,False,PC-2025-007,
PRC-2025-2318,GRT-2022-003,PRJ-2023-003,BDL-0048,VND-0053,LOC-KIL-003,FP-2025-05,STS-006,Quotation,Toner Cartridge for PRJ-2023-003,14,Pieces,41300.0,578200.0,TZS,2025-05-28,2025-07-02,,,,,,,,4,False,,
PRC-2025-2319,GRT-2024-002,PRJ-2024-004,BDL-0160,VND-0117,LOC-MAN-004,FP-2025-02,STS-009,Tender,Cement Bags for PRJ-2024-004,370,Kg,26000.0,9620000.0,TZS,2025-02-12,2025-03-19,2025-03-24,GRN-2025-2319,INV-VND-2025-2319,2025-03-26,2025-04-25,2025-04-15,EXP-34707,6,False,PC-2025-117,
PRC-2025-2320,GRT-2024-003,PRJ-2024-005,BDL-0182,VND-0102,LOC-ARU-004,FP-2025-04,STS-009,Quotation,Training Handouts Printing for PRJ-2024-005,211,Units,34600.0,7300600.0,TZS,2025-04-22,2025-05-13,2025-05-25,GRN-2025-2320,INV-VND-2025-2320,2025-06-01,2025-07-01,2025-06-27,EXP-36371,5,False,PC-2025-005,
PRC-2025-2321,GRT-2024-004,PRJ-2024-006,BDL-0216,VND-0138,LOC-MAN-002,FP-2025-07,STS-005,Quotation,Motorcycle Honda for PRJ-2024-006,1,Boxes,4491600.0,4491600.0,TZS,2025-07-17,2025-08-13,,,,,,,,3,False,,
PRC-2025-2322,GRT-2024-001,PRJ-2024-002,BDL-0087,VND-0057,LOC-KIL-004,FP-2025-01,STS-007,Quotation,Manila Files Box for PRJ-2024-002,43,Kg,13700.0,589100.0,TZS,2025-01-16,2025-02-05,2025-02-20,GRN-2025-2322,,,,,,5,False,PC-2025-152,
PRC-2025-2323,GRT-2021-001,PRJ-2023-007,BDL-0201,VND-0112,LOC-ARU-001,FP-2025-03,STS-010,Quotation,Fruit Tree Seedlings for PRJ-2023-007,1491,Units,1100.0,1640100.0,TZS,2025-03-24,2025-04-26,2025-05-07,GRN-2025-2323,INV-VND-2025-2323,2025-05-12,2025-06-11,2025-06-01,EXP-30708,4,False,,
PRC-2025-2324,GRT-2024-003,PRJ-2024-005,BDL-0188,VND-0106,LOC-ARU-004,FP-2025-05,STS-007,Quotation,Improved Maize Seed 5kg for PRJ-2024-005,473,Kg,18400.0,8703200.0,TZS,2025-05-10,2025-05-31,2025-06-11,GRN-2025-2324,,,,,,3,False,PC-2025-197,
PRC-2025-2325,GRT-2023-004,PRJ-2023-009,BDL-0107,VND-0100,LOC-MAN-003,FP-2025-05,STS-010,Quotation,Toner Cartridge for PRJ-2023-009,16,Units,40900.0,654400.0,TZS,2025-05-01,2025-05-21,2025-06-04,GRN-2025-2325,INV-VND-2025-2325,2025-06-05,2025-07-05,2025-06-28,EXP-36811,4,False,PC-2025-151,
PRC-2025-2326,GRT-2024-001,PRJ-2024-007,BDL-0099,VND-0082,LOC-ARU-002,FP-2025-09,STS-009,Quotation,Medical Gloves Box for PRJ-2024-007,160,Kg,41800.0,6688000.0,TZS,2025-09-08,2025-09-28,2025-10-04,GRN-2025-2326,INV-VND-2025-2326,2025-10-08,2025-11-07,2025-11-07,EXP-14828,5,False,PC-2025-176,
PRC-2025-2327,GRT-2023-002,PRJ-2023-004,BDL-0034,VND-0103,LOC-ARU-002,FP-2025-07,STS-010,Quotation,Projector Epson for PRJ-2023-004,1,Boxes,1252000.0,1252000.0,TZS,2025-07-30,2025-08-20,08-30-2025,GRN-2025-2327,INV-VND-2025-2327,2025-09-03,03/10/2025,2025-09-27,EXP-40234,3,False,,
PRC-2025-2328,GRT-2021-001,PRJ-2023-007,BDL-0206,VND-0004,LOC-ARU-001,FP-2025-09,STS-001,Quotation,Projector Epson for PRJ-2023-007,1,Litres,1217800.0,1217800.0,TZS,2025-09-12,2025-10-27,,,,,,,,3,False,PC-2025-140,
PRC-2025-2329,GRT-2023-002,PRJ-2023-012,BDL-0034,VND-0084,LOC-ARU-001,FP-2025-01,STS-010,Tender,Toyota Hilux Double Cab for PRJ-2023-012,1,Kg,29349000.0,29349000.0,TZS,2025-01-16,2025-01-31,2025-02-14,GRN-2025-2329,,2025-02-16,2025-03-18,2025-03-16,EXP-99054,5,False,PC-2025-011,
PRC-2025-2330,GRT-2023-003,PRJ-2023-006,BDL-0073,VND-0021,LOC-KIL-001,FP-2025-04,STS-009,Quotation,Notebooks Pack for PRJ-2023-006,186,Pieces,8800.0,1636800.0,TZS,2025-04-26,2025-06-05,2025-06-10,GRN-2025-2330,,2025-06-15,2025-07-15,2025-07-13,EXP-61823,5,False,,
PRC-2025-2331,GRT-2023-004,PRJ-2023-009,BDL-0101,VND-0113,LOC-MAN-003,FP-2025-03,STS-009,Quotation,Flipchart Paper Pad for PRJ-2023-009,31,Sets,20400.0,632400.0,TZS,2025-03-24,2025-04-27,2025-05-02,GRN-2025-2331,INV-VND-2025-2331,2025-05-06,2025-06-05,,EXP-86964,4,False,,
PRC-2025-2332,GRT-2023-004,PRJ-2023-008,BDL-0103,VND-0070,LOC-MAN-002,FP-2025-02,STS-008,Direct Purchase,External Hard Drive for PRJ-2023-008,2,Boxes,183100.0,366200.0,TZS,2025-02-07,2025-02-17,2025-02-19,GRN-2025-2332,INV-VND-2025-2332,2025-02-20,,,,1,False,,
PRC-2025-2333,GRT-2023-001,PRJ-2023-001,BDL-0020,VND-0071,LOC-KIL-001,FP-2025-03,STS-009,Tender,Toyota Hilux Double Cab for PRJ-2023-001,1,Sets,34037000.0,34037000.0,TZS,2025-03-31,2025-04-08,2025-04-10,GRN-2025-2333,INV-VND-2025-2333,2025-04-17,2025-05-17,2025-05-17,EXP-85631,4,False,PC-2025-163,
PRC-2025-2334,GRT-2023-005,PRJ-2023-010,BDL-0150,VND-0136,LOC-KIL-001,FP-2025-04,STS-009,Tender,Paracetamol Tablets for PRJ-2023-010,190,Boxes,29400.0,5586000.0,TZS,2025-04-15,2025-05-18,2025-05-19,GRN-2025-2334,INV-VND-2025-2334,2025-05-24,2025-06-23,2025-06-18,EXP-98660,3,False,PC-2025-154,
PRC-2025-2335,GRT-2023-003,PRJ-2023-006,BDL-0077,VND-0073,LOC-KIL-001,FP-2025-03,STS-009,Quotation,Timber Planks for PRJ-2023-006,117,Units,15700.0,1836900.0,TZS,2025-03-14,2025-04-25,2025-05-10,GRN-2025-2335,INV-VND-2025-2335,2025-05-17,2025-06-16,2025-06-15,EXP-17847,5,False,PC-2025-006,
PRC-2025-2336,GRT-2023-002,PRJ-2023-012,BDL-0038,VND-0021,LOC-ARU-001,FP-2025-09,STS-010,Quotation,Indigenous Tree Seedlings for PRJ-2023-012,15136,Pieces,600.0,9081600.0,TZS,2025-09-19,2025-09-28,2025-10-05,GRN-2025-2336,INV-VND-2025-2336,2025-10-11,2025-11-10,2025-11-03,EXP-53631,4,False,PC-2025-165,
PRC-2025-2337,GRT-2023-001,PRJ-2023-002,BDL-0008,VND-0086,LOC-KIL-002,FP-2025-05,STS-010,Direct Purchase,Markers Set for PRJ-2023-002,25,Boxes,12300.0,307500.0,TZS,05-24-2025,2025-06-05,2025-06-10,GRN-2025-2337,INV-VND-2025-2337,2025-06-17,17-Jul-2025,2025-07-07,EXP-64767,1,False,,
PRC-2025-2338,GRT-2024-002,PRJ-2024-004,BDL-0165,VND-0079,LOC-MAN-004,FP-2025-05,STS-009,Quotation,Motorcycle Honda for PRJ-2024-004,1,Boxes,4263700.0,4263700.0,TZS,2025-05-12,2025-06-07,2025-06-09,GRN-2025-2338,INV-VND-2025-2338,2025-06-10,2025-07-10,2025-07-03,EXP-94510,3,False,PC-2025-067,
PRC-2025-2339,GRT-2024-003,PRJ-2024-005,BDL-0180,VND-0032,LOC-ARU-004,FP-2025-09,STS-006,Quotation,Bean Seeds 2kg for PRJ-2024-005,217,Kg,13000.0,2821000.0,TZS,2025-09-14,2025-10-16,,,,,,,,4,False,PC-2025-147,
PRC-2025-2340,GRT-2024-001,PRJ-2024-002,BDL-0095,VND-0050,LOC-KIL-004,FP-2025-09,STS-008,Direct Purchase,Markers Set for PRJ-2024-002,37,Units,11600.0,429200.0,TZS,23-Sep-2025,2025-10-21,2025-10-26,GRN-2025-2340,INV-VND-2025-2340,2025-11-02,,,,1,False,,
PRC-2025-2341,GRT-2023-002,PRJ-2023-012,BDL-0040,VND-0005,LOC-ARU-001,FP-2025-01,STS-010,Quotation,Printer Canon for PRJ-2023-012,1,Sets,797200.0,797200.0,TZS,2025-01-30,2025-02-22,2025-03-01,GRN-2025-2341,INV-VND-2025-2341,2025-03-02,2025-04-01,2025-03-24,EXP-63694,3,False,,
PRC-2025-2342,GRT-2023-002,PRJ-2023-004,BDL-0041,VND-0043,LOC-ARU-002,FP-2025-07,STS-006,Quotation,Motorcycle Honda for PRJ-2023-004,1,Kg,4424800.0,4424800.0,TZS,2025-07-28,2025-08-06,,,,,,,,4,False,PC-2025-128,
PRC-2025-2343,GRT-2023-005,PRJ-2023-010,BDL-0151,VND-0028,LOC-KIL-001,FP-2025-06,STS-007,Quotation,Office Desk for PRJ-2023-010,3,Boxes,721500.0,2164500.0,TZS,2025-06-26,2025-07-13,2025-07-13,GRN-2025-2343,,,,,,4,False,PC-2025-156,
PRC-2025-2344,GRT-2024-002,PRJ-2024-004,BDL-0169,VND-0076,LOC-MAN-004,FP-2025-03,STS-010,Tender,Indigenous Tree Seedlings for PRJ-2024-004,9323,Pieces,600.0,5593800.0,TZS,2025-03-22,2025-05-06,2025-05-07,GRN-2025-2344,INV-VND-2025-2344,2025-05-13,2025-06-12,2025-06-11,EXP-11124,3,False,PC-2025-030,
PRC-2025-2345,GRT-2024-002,PRJ-2024-003,BDL-0155,VND-0143,LOC-ARU-003,FP-2025-02,STS-010,Quotation,Fruit Tree Seedlings for PRJ-2024-003,2622,Pieces,1300.0,3408600.0,TZS,2025-02-06,2025-03-09,2025-03-24,GRN-2025-2345,INV-VND-2025-2345,2025-03-26,2025-04-25,,EXP-72266,5,False,PC-2025-132,
PRC-2025-2346,GRT-2023-001,PRJ-2023-002,BDL-0005,VND-0005,LOC-KIL-002,FP-2025-10,STS-004,Quotation,Manila Files Box for PRJ-2023-002,72,Sets,15700.0,-1130400.0,TZS,2025-10-11,2025-11-23,,,,,,,,3,False,PC-2025-089,
PRC-2025-2347,GRT-2024-004,PRJ-2024-006,BDL-0212,VND-0085,LOC-MAN-002,FP-2025-02,STS-009,Quotation,Pens and Pencils Box for PRJ-2024-006,97,Kg,11500.0,1115500.0,TZS,2025-02-15,2025-03-16,2025-03-17,GRN-2025-2347,INV-VND-2025-2347,2025-03-22,2025-04-21,2025-05-10,EXP-80876,3,False,PC-2025-100,
PRC-2025-2348,GRT-2024-002,PRJ-2024-003,BDL-0170,VND-0030,LOC-ARU-003,FP-2025-03,STS-005,Quotation,Improved Maize Seed 5kg for PRJ-2024-003,477,Pieces,16600.0,7918200.0,TZS,2025-03-05,2025-03-20,,,,,,,,6,False,PC-2025-071,
PRC-2025-2349,GRT-2024-004,PRJ-2024-006,BDL-0221,VND-0064,LOC-MAN-002,FP-2025-01,STS-009,Quotation,Vegetable Seed Pack for PRJ-2024-006,618,Units,7700.0,4758600.0,TZS,2025-01-16,2025-02-23,2025-02-23,GRN-2025-2349,INV-VND-2025-2338,2025-02-27,29/03/2025,2025-03-20,EXP-74189,5,False,,
PRC-2025-2350,GRT-2024-001,PRJ-2024-001,BDL-0084,VND-0057,LOC-MAN-001,FP-2025-07,STS-003,Quotation,Motorcycle Honda for PRJ-2024-001,1,Units,4060200.0,4060200.0,TZS,2025-07-09,2025-08-12,,,,,,,,4,False,,
PRC-2025-2351,GRT-2023-001,PRJ-2023-002,BDL-0003,VND-0139,LOC-KIL-002,FP-2025-09,STS-008,Quotation,Notebooks Pack for PRJ-2023-002,85,Boxes,9600.0,816000.0,TZS,2025-09-06,10-11-2025,2025-10-19,GRN-2025-2351,INV-VND-2025-2351,2025-10-23,,,,5,False,PC-2025-112,
PRC-2025-2352,GRT-2024-002,PRJ-2024-003,BDL-0160,VND-0045,LOC-ARU-003,FP-2025-10,STS-008,Quotation,Projector Epson for PRJ-2024-003,1,Boxes,1221600.0,1221600.0,TZS,2025-10-05,2025-11-11,2025-11-09,GRN-2025-2352,INV-VND-2025-2352,2025-11-15,,,,3,False,PC-2025-018,
PRC-2025-2353,GRT-2024-001,PRJ-2024-001,BDL-0095,VND-0136,LOC-MAN-001,FP-2025-04,STS-009,Quotation,Eucalyptus Seedlings for PRJ-2024-001,6311,Pieces,800.0,5048800.0,TZS,2025-04-26,2025-05-29,2025-06-13,GRN-2025-2353,INV-VND-2025-2353,2025-06-19,2025-07-19,2025-07-09,EXP-68694,4,False,PC-2025-037,
PRC-2025-2354,GRT-2022-004,PRJ-2023-005,BDL-0128,VND-0098,LOC-KIL-001,FP-2025-04,STS-009,Quotation,External Hard Drive for PRJ-2023-005,3,Sets,191100.0,573300.0,TZS,2025-04-01,2025-05-06,2025-05-11,GRN-2025-2354,INV-VND-2025-2354,2025-05-12,2025-06-11,2025-06-05,EXP-90954,4,False,,
PRC-2025-2355,GRT-2022-003,PRJ-2023-003,BDL-0046,VND-0114,LOC-KIL-003,FP-2025-02,STS-009,Quotation,Pens and Pencils Box for PRJ-2023-003,49,Sets,12000.0,588000.0,TZS,2025-02-08,2025-03-06,2025-03-12,GRN-2025-2355,INV-VND-2025-2355,2025-03-14,2025-04-13,09/04/2025,EXP-29197,3,False,PC-2025-154,
PRC-2025-2356,GRT-2024-002,PRJ-2024-004,BDL-0166,VND-0134,LOC-MAN-004,FP-2025-09,STS-009,Tender,Malaria Rapid Test Kits Box for PRJ-2024-004,88,Boxes,295200.0,25977600.0,TZS,2025-09-16,2025-10-17,2025-10-26,GRN-2025-2356,INV-VND-2025-2356,2025-10-31,2025-11-30,2025-11-23,EXP-71919,7,False,PC-2025-054,
PRC-2025-2357,GRT-2023-001,PRJ-2023-011,BDL-0021,VND-0086,LOC-MAN-001,FP-2025-09,STS-009,Quotation,Motorcycle Honda for PRJ-2023-011,1,Units,4530000.0,4530000.0,TZS,2025-09-08,2025-10-13,2025-10-28,GRN-2025-2357,INV-VND-2025-2357,2025-10-31,2025-11-30,22/11/2025,EXP-19602,3,False,,
PRC-2025-2358,GRT-2023-001,PRJ-2023-011,BDL-0007,VND-0106,LOC-MAN-001,FP-2025-09,STS-005,Quotation,Paint 20L for PRJ-2023-011,25,Kg,82200.0,2055000.0,TZS,2025-09-07,2025-09-18,,,,,,,,3,False,,
PRC-2025-2359,GRT-2023-005,PRJ-2023-010,BDL-0153,VND-0103,LOC-KIL-001,FP-2025-09,STS-009,Quotation,Toyota Land Cruiser 4x4 for PRJ-2023-010,1,Boxes,41747000.0,41747000.0,TZS,2025-09-28,2025-10-31,2025-11-06,GRN-2025-2359,INV-VND-2025-2359,2025-11-10,2025-12-10,2026-01-10,EXP-86187,7,False,PC-2025-007,
PRC-2025-2360,GRT-2023-002,PRJ-2023-012,BDL-0024,VND-0005,LOC-ARU-001,FP-2025-02,STS-006,Quotation,Timber Planks for PRJ-2023-012,191,Sets,16100.0,3075100.0,TZS,2025-02-18,2025-03-07,,,,,,,,3,False,,
PRC-2025-2361,GRT-2023-003,PRJ-2023-013,BDL-0072,VND-0044,LOC-ARU-001,FP-2025-08,STS-010,Quotation,Notebooks Pack for PRJ-2023-013,177,Kg,7800.0,1380600.0,TZS,2025-08-07,2025-09-07,2025-09-17,GRN-2025-2361,,2025-09-22,2025-10-22,2025-10-13,EXP-51381,4,False,PC-2025-023,
PRC-2025-2362,GRT-2023-001,PRJ-2023-011,BDL-0002,VND-0141,LOC-MAN-001,FP-2025-02,STS-010,Direct Purchase,External Hard Drive for PRJ-2023-011,2,Kg,179600.0,359200.0,TZS,2025-02-06,2025-02-23,2025-03-09,GRN-2025-2362,INV-VND-2025-2362,2025-03-15,2025-04-14,2025-04-13,EXP-43725,1,False,,
PRC-2025-2363,GRT-2024-002,PRJ-2024-003,BDL-0162,VND-0055,LOC-ARU-003,FP-2025-05,STS-009,Quotation,Paracetamol Tablets for PRJ-2024-003,340,Boxes,30400.0,10336000.0,TZS,2025-05-08,2025-06-08,2025-06-17,GRN-2025-2363,INV-VND-2025-2363,2025-06-24,2025-07-24,2025-07-20,EXP-87372,5,False,PC-2025-062,
PRC-2025-2364,GRT-2024-001,PRJ-2024-002,BDL-0095,VND-0117,LOC-KIL-004,FP-2025-01,STS-010,Quotation,Dell Laptop Computer for PRJ-2024-002,1,Units,2040100.0,2040100.0,TZS,2025-01-16,2025-03-02,2025-03-11,GRN-2025-2364,INV-VND-2025-2364,2025-03-12,2025-04-11,2025-04-03,EXP-74669,4,False,PC-2025-144,
PRC-2025-2365,GRT-2024-001,PRJ-2024-001,BDL-0098,VND-0085,LOC-MAN-001,FP-2025-03,STS-009,Quotation,Training Handouts Printing for PRJ-2024-001,376,Boxes,37800.0,14212800.0,TZS,2025-03-24,2025-05-01,2025-05-04,GRN-2025-2365,,2025-05-11,2025-06-10,2025-06-01,EXP-66012,6,False,PC-2025-154,
PRC-2025-2366,GRT-2023-002,PRJ-2023-012,BDL-0039,VND-0095,LOC-ARU-001,FP-2025-10,STS-009,Quotation,Paint 20L for PRJ-2023-012,26,Sets,94100.0,2446600.0,TZS,2025-10-09,2025-11-02,2025-11-02,GRN-2025-2366,INV-VND-2025-2366,2025-11-05,2025-12-05,2025-11-26,EXP-56358,3,False,PC-2025-177,
PRC-2025-2367,GRT-2023-001,PRJ-2023-011,BDL-0021,VND-0025,LOC-MAN-001,FP-2025-03,STS-009,Direct Purchase,Computer Accessories Set for PRJ-2023-011,1,Litres,322300.0,322300.0,TZS,2025-03-20,2025-04-10,2025-04-12,GRN-2025-2367,INV-VND-2025-2367,2025-04-19,2025-05-19,2025-05-16,EXP-87965,1,False,,
PRC-2025-2368,GRT-2024-002,PRJ-2024-004,BDL-0165,VND-0118,LOC-MAN-004,FP-2025-05,STS-007,Quotation,Vegetable Seed Pack for PRJ-2024-004,265,Litres,9300.0,2464500.0,TZS,2025-05-11,2025-06-04,2025-06-02,GRN-2025-2368,,,,,,3,False,PC-2025-173,
PRC-2025-2369,GRT-2022-003,PRJ-2023-003,BDL-0057,VND-0050,LOC-KIL-003,FP-2025-03,STS-002,Quotation,Medical Gloves Box for PRJ-2023-003,173,Sets,41200.0,7127600.0,TZS,2025-03-07,2025-04-07,,,,,,,,4,False,PC-2025-031,
PRC-2025-2370,GRT-2024-004,PRJ-2024-006,BDL-0217,VND-0139,LOC-MAN-002,FP-2025-10,STS-008,Quotation,Toyota Hilux Double Cab for PRJ-2024-006,1,Units,36601000.0,36601000.0,TZS,2025-10-06,2025-10-24,2025-10-30,GRN-2025-2370,INV-VND-2025-2370,2025-11-04,,,,3,False,PC-2025-145,
PRC-2025-2371,GRT-2024-003,PRJ-2024-005,BDL-0177,VND-0105,LOC-ARU-004,FP-2025-05,STS-009,Quotation,Projector Epson for PRJ-2024-005,1,Units,1297300.0,1297300.0,TZS,2025-05-03,2025-06-16,2025-06-21,GRN-2025-2371,INV-VND-2025-2371,2025-06-24,2025-07-24,2025-08-22,EXP-46134,4,False,,
PRC-2025-2372,GRT-2023-001,PRJ-2023-002,BDL-0002,VND-0035,LOC-KIL-002,FP-2025-04,STS-007,Quotation,Fruit Tree Seedlings for PRJ-2023-002,3084,Pieces,1200.0,3700800.0,TZS,04-18-2025,2025-05-04,2025-05-05,GRN-2025-2372,,,,,,4,False,PC-2025-137,
PRC-2025-2373,GRT-2024-003,PRJ-2024-005,BDL-0183,VND-0129,LOC-ARU-004,FP-2025-03,STS-007,Quotation,Bean Seeds 2kg for PRJ-2024-005,437,Units,11000.0,4807000.0,TZS,2025-03-29,2025-04-05,2025-04-14,GRN-2025-2373,,,,,,5,False,,
PRC-2025-2374,GRT-2023-001,PRJ-2023-011,BDL-0021,VND-0062,LOC-MAN-001,FP-2025-09,STS-010,Quotation,Cement Bags for PRJ-2023-011,339,Litres,29500.0,10000500.0,TZS,2025-09-19,2025-10-02,2025-10-03,GRN-2025-2374,INV-VND-2025-2374,2025-10-06,2025-11-05,2025-10-31,EXP-76511,3,False,PC-2025-021,
PRC-2025-2375,GRT-2023-002,PRJ-2023-012,BDL-0025,VND-0027,LOC-ARU-001,FP-2025-01,STS-003,Quotation,Office Chair for PRJ-2023-012,7,Units,319200.0,2234400.0,TZS,2025-01-29,2025-02-13,,,,,,,,3,False,,
PRC-2025-2376,GRT-2023-004,PRJ-2023-008,BDL-0118,VND-0123,LOC-MAN-002,FP-2025-03,STS-001,Quotation,Iron Sheets for PRJ-2023-008,91,Kg,46500.0,4231500.0,TZS,2025-03-30,2025-04-22,,,,,,,,3,False,,
PRC-2025-2377,GRT-2024-001,PRJ-2024-001,BDL-0092,VND-0066,LOC-MAN-001,FP-2025-05,STS-005,Quotation,Training Handouts Printing for PRJ-2024-001,212,Units,38900.0,8246800.0,TZS,2025-05-08,2025-05-25,,,,,,,,7,False,PC-2025-102,
PRC-2025-2378,GRT-2024-001,PRJ-2024-007,BDL-0098,VND-0127,LOC-ARU-002,FP-2025-09,STS-007,Direct Purchase,Pens and Pencils Box for PRJ-2024-007,35,Kg,11100.0,388500.0,TZS,2025-09-29,2025-10-06,2025-10-20,GRN-2025-2378,,,,,,1,False,,
PRC-2025-2379,GRT-2023-004,PRJ-2023-008,BDL-0116,VND-0076,LOC-MAN-002,FP-2025-08,STS-009,Direct Purchase,Manila Files Box for PRJ-2023-008,26,Litres,14800.0,384800.0,TZS,2025-08-05,2025-09-11,2025-09-13,GRN-2025-2379,INV-VND-2025-2379,2025-09-14,2025-10-14,2025-10-11,EXP-11285,1,False,,
PRC-2025-2380,GRT-2024-003,PRJ-2024-005,BDL-0186,VND-0097,LOC-ARU-004,FP-2025-07,STS-009,Direct Purchase,Markers Set for PRJ-2024-005,23,Kg,11100.0,255300.0,TZS,2025-07-05,2025-07-13,2025-07-17,GRN-2025-2380,INV-VND-2025-2380,2025-07-22,2025-08-21,2025-08-21,EXP-22574,1,False,,
PRC-2025-2381,GRT-2023-004,PRJ-2023-009,BDL-0100,VND-0105,LOC-MAN-003,FP-2025-03,STS-009,Quotation,Conference Table for PRJ-2023-009,1,Boxes,1351600.0,1351600.0,TZS,2025-03-24,2025-04-03,2025-04-18,GRN-2025-2381,INV-VND-2025-2381,2025-04-22,2025-05-22,2025-05-18,EXP-80829,4,False,PC-2025-147,
PRC-2025-2382,GRT-2023-002,PRJ-2023-004,BDL-0037,VND-0137,LOC-ARU-002,FP-2025-02,STS-009,Quotation,Fruit Tree Seedlings for PRJ-2023-004,3207,Litres,1300.0,4169100.0,TZS,2025-02-03,2025-03-17,2025-03-27,GRN-2025-2382,INV-VND-2025-2382,2025-03-31,2025-04-30,,EXP-78980,3,False,,
PRC-2025-2383,GRT-2024-002,PRJ-2024-003,BDL-0168,VND-0044,LOC-ARU-003,FP-2025-04,STS-001,Quotation,Paracetamol Tablets for PRJ-2024-003,209,Kg,30600.0,6395400.0,TZS,2025-04-20,2025-05-27,,,,,,,,5,False,PC-2025-123,
PRC-2025-2384,GRT-2023-002,PRJ-2023-012,BDL-0024,VND-0042,LOC-ARU-001,FP-2025-02,STS-009,Quotation,Markers Set for PRJ-2023-012,56,Sets,12700.0,711200.0,TZS,20/02/2025,2025-03-23,04/04/2025,GRN-2025-2384,INV-VND-2025-2384,10/04/2025,2025-05-10,03-May-2025,EXP-17010,3,False,,
PRC-2025-2385,GRT-2023-004,PRJ-2023-008,BDL-0103,VND-0046,LOC-MAN-002,FP-2025-10,STS-003,Quotation,Improved Maize Seed 5kg for PRJ-2023-008,836,Boxes,19800.0,16552800.0,TZS,2025-10-06,2025-11-20,,,,,,,,3,False,PC-2025-174,
PRC-2025-2386,GRT-2023-002,PRJ-2023-012,BDL-0038,VND-0134,LOC-ARU-001,FP-2025-10,STS-010,Quotation,Paint 20L for PRJ-2023-012,37,Pieces,78000.0,2886000.0,TZS,2025-10-01,2025-11-07,2025-11-16,GRN-2025-2386,INV-VND-2025-2386,2025-11-17,12-17-2025,2025-12-17,EXP-11841,5,False,,
PRC-2025-2387,GRT-2024-002,PRJ-2024-003,BDL-0161,VND-0098,LOC-ARU-003,FP-2025-09,STS-010,Quotation,HP Desktop Computer for PRJ-2024-003,1,Boxes,1372900.0,1372900.0,TZS,2025-09-07,2025-09-30,2025-10-05,GRN-2025-2387,INV-VND-2025-2387,2025-10-11,2025-11-10,2025-11-09,EXP-86338,4,False,,
PRC-2025-2388,GRT-2024-001,PRJ-2024-002,BDL-0085,VND-0118,LOC-KIL-004,FP-2025-06,STS-009,Quotation,Iron Sheets for PRJ-2024-002,72,Litres,41700.0,3002400.0,TZS,2025-06-04,2025-07-15,2025-07-22,GRN-2025-2388,INV-VND-2025-2388,2025-07-25,2025-08-24,2025-08-14,EXP-88036,3,False,PC-2025-001,
PRC-2025-2389,GRT-2023-001,PRJ-2023-011,BDL-0011,VND-0022,LOC-MAN-001,FP-2025-09,STS-004,Quotation,Cement Bags for PRJ-2023-011,323,Units,30800.0,9948400.0,TZS,13-Sep-2025,2025-10-23,,,,,,,,5,False,PC-2025-049,
PRC-2025-2390,GRT-2023-003,PRJ-2023-013,BDL-0077,VND-0013,LOC-ARU-001,FP-2025-07,STS-009,Quotation,Sunflower Seeds 1kg for PRJ-2023-013,226,Litres,16400.0,3706400.0,TZS,2025-07-10,2025-07-21,2025-07-30,GRN-2025-2390,INV-VND-2025-2390,2025-07-31,2025-08-30,2025-08-30,EXP-74683,3,False,PC-2025-024,
PRC-2025-2391,GRT-2023-005,PRJ-2023-010,BDL-0140,VND-0060,LOC-KIL-001,FP-2025-06,STS-010,Direct Purchase,External Hard Drive for PRJ-2023-010,2,Pieces,197200.0,394400.0,TZS,2025-06-14,2025-07-01,2025-07-08,GRN-2025-2391,INV-VND-2025-2391,2025-07-15,2025-08-14,2025-08-07,EXP-25642,1,False,,
PRC-2025-2392,GRT-2021-001,PRJ-2023-007,BDL-0200,VND-0102,LOC-ARU-001,FP-2025-07,STS-010,Quotation,Printer Canon for PRJ-2023-007,1,Pieces,823100.0,823100.0,TZS,2025-07-18,2025-08-01,2025-08-05,GRN-2025-2392,INV-VND-2025-2392,2025-08-06,2025-09-05,2025-08-30,EXP-88329,3,False,PC-2025-085,
PRC-2025-2393,GRT-2021-001,PRJ-2023-007,BDL-0205,VND-0087,LOC-ARU-001,FP-2025-06,STS-009,Tender,Toyota Land Cruiser 4x4 for PRJ-2023-007,1,Boxes,50894800.0,50894800.0,TZS,2025-06-03,2025-06-19,2025-06-30,GRN-2025-2393,INV-VND-2025-2393,2025-07-06,2025-08-05,2025-07-27,EXP-65767,7,False,PC-2025-031,
PRC-2025-2394,GRT-2023-001,PRJ-2023-011,BDL-0014,VND-0002,LOC-MAN-001,FP-2025-06,STS-009,Quotation,Indigenous Tree Seedlings for PRJ-2023-011,7196,Kg,700.0,5037200.0,TZS,17/06/2025,2025-07-03,2025-07-10,GRN-2025-2394,INV-VND-2025-2394,2025-07-15,2025-08-14,2025-08-05,EXP-40436,6,False,PC-2025-101,
PRC-2025-2395,GRT-2023-001,PRJ-2023-001,BDL-0006,VND-0117,LOC-KIL-001,FP-2025-04,STS-005,Quotation,Notebooks Pack for PRJ-2023-001,194,Litres,9000.0,1746000.0,TZS,2025-04-28,2025-06-08,,,,,,,,4,False,PC-2025-115,
PRC-2025-2396,GRT-2023-002,PRJ-2023-004,BDL-0029,VND-0010,LOC-ARU-002,FP-2025-10,STS-010,Quotation,Improved Maize Seed 5kg for PRJ-2023-004,767,Pieces,18900.0,14496300.0,TZS,2025-10-04,2025-10-30,2025-10-28,GRN-2025-2396,INV-VND-2025-2396,2025-11-01,2025-12-01,2025-11-28,EXP-56423,5,False,PC-2025-191,
PRC-2025-2397,GRT-2024-002,PRJ-2024-003,BDL-0167,VND-0037,LOC-ARU-003,FP-2025-03,STS-005,Quotation,Conference Table for PRJ-2024-003,1,Boxes,1346500.0,1346500.0,TZS,2025-03-03,2025-04-10,,,,,,,,3,False,,
PRC-2025-2398,GRT-2023-004,PRJ-2023-008,BDL-0100,VND-0092,LOC-MAN-002,FP-2025-08,STS-006,Quotation,Pens and Pencils Box for PRJ-2023-008,59,Units,12600.0,743400.0,TZS,2025-08-17,2025-08-27,,,,,,,,4,False,PC-2025-165,
PRC-2025-2399,GRT-2024-003,PRJ-2024-005,BDL-0186,VND-0003,LOC-ARU-004,FP-2025-05,STS-009,Quotation,Bean Seeds 2kg for PRJ-2024-005,267,Units,12700.0,3390900.0,TZS,2025-05-27,2025-06-28,2025-07-01,GRN-2025-2399,INV-VND-2025-2399,2025-07-08,2025-08-07,2025-08-04,EXP-38784,4,False,PC-2025-084,
PRC-2025-2400,GRT-2023-004,PRJ-2023-008,BDL-0101,VND-0014,LOC-MAN-002,FP-2025-07,STS-004,Quotation,Cement Bags for PRJ-2023-008,277,Sets,25300.0,7008100.0,TZS,2025-07-10,2025-07-25,,,,,,,,3,False,PC-2025-023,
PRC-2025-2401,GRT-2024-001,PRJ-2024-001,BDL-0095,VND-0126,LOC-MAN-001,FP-2025-09,STS-006,Quotation,Office Chair for PRJ-2024-001,11,Boxes,286600.0,3152600.0,TZS,2025-09-15,2025-10-04,,,,,,,,5,False,PC-2025-067,
PRC-2025-2402,GRT-2023-004,PRJ-2023-009,BDL-0113,VND-0025,LOC-MAN-003,FP-2025-08,STS-009,Tender,Toyota Land Cruiser 4x4 for PRJ-2023-009,1,Pieces,50451000.0,50451000.0,TZS,2025-08-10,2025-09-10,2025-09-08,GRN-2025-2402,INV-VND-2025-2402,2025-09-12,2025-10-12,2025-10-03,EXP-10190,6,False,PC-2025-118,
PRC-2025-2403,GRT-2024-001,PRJ-2024-001,BDL-0084,VND-0103,LOC-MAN-001,FP-2025-06,STS-007,Quotation,Paint 20L for PRJ-2024-001,20,Sets,76700.0,1534000.0,TZS,2025-06-03,2025-07-18,2025-07-25,GRN-2025-2403,,,,,,4,False,PC-2025-099,
PRC-2025-2404,GRT-2022-003,PRJ-2023-003,BDL-0047,VND-0024,LOC-KIL-003,FP-2025-06,STS-001,Quotation,Reams of A4 Paper for PRJ-2023-003,395,Kg,5400.0,2133000.0,TZS,2025-06-14,2025-06-22,,,,,,,,4,False,,
PRC-2025-2405,GRT-2023-002,PRJ-2023-004,BDL-0026,VND-0083,LOC-ARU-002,FP-2025-10,STS-005,Quotation,Markers Set for PRJ-2023-004,49,Litres,10900.0,534100.0,TZS,2025-10-07,2025-10-22,,,,,,,,4,False,,
PRC-2025-2406,GRT-2024-004,PRJ-2024-006,BDL-0225,VND-0059,LOC-MAN-002,FP-2025-09,STS-006,Quotation,HP Desktop Computer for PRJ-2024-006,1,Pieces,1312200.0,1312200.0,TZS,2025-09-24,2025-10-07,,,,,,,,3,False,PC-2025-184,
PRC-2025-2407,GRT-2024-001,PRJ-2024-007,BDL-0094,VND-0067,LOC-ARU-002,FP-2025-07,STS-009,Quotation,Eucalyptus Seedlings for PRJ-2024-007,4907,Units,800.0,3925600.0,TZS,2025-07-08,2025-07-22,2025-07-29,GRN-2025-2407,INV-VND-2025-2407,2025-08-01,2025-08-31,08-31-2025,EXP-47870,3,False,,
PRC-2025-2408,GRT-2024-001,PRJ-2024-001,BDL-0092,VND-0027,LOC-MAN-001,FP-2025-09,STS-007,Quotation,Manila Files Box for PRJ-2024-001,90,Units,14900.0,1341000.0,TZS,20-Sep-2025,2025-11-02,2025-10-31,GRN-2025-2408,,,,,,3,False,PC-2025-064,
PRC-2025-2409,GRT-2024-001,PRJ-2024-001,BDL-0093,VND-0132,LOC-MAN-001,FP-2025-02,STS-006,Quotation,Notebooks Pack for PRJ-2024-001,184,Litres,9100.0,1674400.0,TZS,2025-02-07,2025-03-02,,,,,,,,3,False,,
PRC-2025-2410,GRT-2023-002,PRJ-2023-012,BDL-0029,VND-0093,LOC-ARU-001,FP-2025-07,STS-009,Tender,Eucalyptus Seedlings for PRJ-2023-012,8680,Boxes,800.0,6944000.0,TZS,2025-07-19,2025-08-11,2025-08-23,GRN-2025-2410,INV-VND-2025-2410,24/08/2025,2025-09-23,2025-09-21,EXP-87264,3,False,PC-2025-047,
PRC-2025-2411,GRT-2024-001,PRJ-2024-007,BDL-0099,VND-0119,LOC-ARU-002,FP-2025-08,STS-001,Quotation,Vegetable Seed Pack for PRJ-2024-007,215,Sets,8400.0,1806000.0,TZS,2025-08-19,2025-09-21,,,,,,,,4,False,PC-2025-163,
PRC-2025-2412,GRT-2024-001,PRJ-2024-002,BDL-0098,VND-0022,LOC-KIL-004,FP-2025-05,STS-005,Quotation,Projector Epson for PRJ-2024-002,1,Units,1180900.0,1180900.0,TZS,2025-05-08,2025-05-27,,,,,,,,4,False,PC-2025-050,
PRC-2025-2413,GRT-2023-001,PRJ-2023-002,BDL-0018,VND-0144,LOC-KIL-002,FP-2025-08,STS-002,Quotation,Pens and Pencils Box for PRJ-2023-002,65,Sets,12200.0,793000.0,TZS,2025-08-31,2025-10-08,,,,,,,,5,False,,
PRC-2025-2414,GRT-2023-005,PRJ-2023-010,BDL-0152,VND-0012,LOC-KIL-001,FP-2025-05,STS-009,Quotation,Timber Planks for PRJ-2023-010,189,Pieces,16600.0,3137400.0,TZS,2025-05-04,2025-05-25,2025-06-08,GRN-2025-2414,INV-VND-2025-2414,2025-06-10,2025-07-10,2025-07-06,EXP-89477,3,False,,
PRC-2025-2415,GRT-2023-001,PRJ-2023-011,BDL-0008,VND-0101,LOC-MAN-001,FP-2025-07,STS-001,Quotation,UPS Battery for PRJ-2023-011,3,Units,501500.0,1504500.0,TZS,2025-07-06,27/07/2025,,,,,,,,3,False,PC-2025-095,
PRC-2025-2416,GRT-2023-001,PRJ-2023-002,BDL-0006,VND-0025,LOC-KIL-002,FP-2025-10,STS-009,Quotation,Printer Canon for PRJ-2023-002,1,Kg,878900.0,878900.0,TZS,2025-10-01,2025-10-30,2025-11-06,GRN-2025-2416,INV-VND-2025-2416,2025-11-09,2025-12-09,2025-12-04,EXP-22472,4,False,PC-2025-016,
PRC-2025-2417,GRT-2024-001,PRJ-2024-001,BDL-0090,VND-0133,LOC-MAN-001,FP-2025-02,STS-009,Quotation,Flipchart Paper Pad for PRJ-2024-001,34,Pieces,19000.0,646000.0,TZS,2025-02-11,2025-03-01,2025-03-10,GRN-2025-2417,INV-VND-2025-2417,2025-03-15,2025-04-14,2025-05-09,EXP-96032,5,False,,
PRC-2025-2418,GRT-2023-001,PRJ-2023-011,BDL-0019,VND-0055,LOC-MAN-001,FP-2025-05,STS-006,Tender,Eucalyptus Seedlings for PRJ-2023-011,5813,Litres,900.0,5231700.0,TZS,2025-05-01,2025-06-08,,,,,,,,5,False,PC-2025-099,
PRC-2025-2419,GRT-2023-001,PRJ-2023-001,BDL-0001,VND-0130,LOC-KIL-001,FP-2025-08,STS-009,Quotation,Bean Seeds 2kg for PRJ-2023-001,159,Litres,13200.0,2098800.0,TZS,2025-08-02,2025-09-03,2025-09-04,GRN-2025-2419,INV-VND-2025-2419,2025-09-09,2025-10-09,2025-10-02,EXP-81308,3,False,PC-2025-116,
PRC-2025-2420,GRT-2023-004,PRJ-2023-009,BDL-0104,VND-0024,LOC-MAN-003,FP-2025-09,STS-007,Direct Purchase,UPS Battery for PRJ-2023-009,1,Kg,488400.0,488400.0,TZS,2025-09-14,2025-10-26,2025-11-10,GRN-2025-2420,,,,,,1,False,,
PRC-2025-2421,GRT-2024-004,PRJ-2024-006,BDL-0228,VND-0001,LOC-MAN-002,FP-2025-06,STS-007,Quotation,Toyota Hilux Double Cab for PRJ-2024-006,1,Boxes,34319600.0,34319600.0,TZS,2025-06-20,2025-07-19,2025-07-27,GRN-2025-2421,,,,,,6,False,PC-2025-153,
PRC-2025-2422,GRT-2023-001,PRJ-2023-002,BDL-0008,VND-0085,LOC-KIL-002,FP-2025-08,STS-007,Quotation,Bean Seeds 2kg for PRJ-2023-002,559,Boxes,12400.0,6931600.0,TZS,2025-08-31,2025-09-21,2025-09-26,GRN-2025-2422,,,,,,6,False,PC-2025-016,
PRC-2025-2423,GRT-2023-004,PRJ-2023-009,BDL-0118,VND-0020,LOC-MAN-003,FP-2025-02,STS-010,Quotation,Projector Epson for PRJ-2023-009,1,Litres,1104900.0,1104900.0,TZS,2025-02-21,2025-04-02,2025-04-01,GRN-2025-2423,INV-VND-2025-2423,2025-04-08,2025-05-08,2025-04-30,EXP-79801,3,False,,
PRC-2025-2424,GRT-2024-002,PRJ-2024-003,BDL-0157,VND-0015,LOC-ARU-003,FP-2025-07,STS-009,Quotation,UPS Battery for PRJ-2024-003,3,Kg,424400.0,1273200.0,TZS,2025-07-19,2025-08-23,2025-08-20,GRN-2025-2424,INV-VND-2025-2424,2025-08-24,2025-09-23,2025-09-13,EXP-23463,5,False,PC-2025-068,
PRC-2025-2425,GRT-2024-001,PRJ-2024-001,BDL-0085,VND-0002,LOC-MAN-001,FP-2025-03,STS-008,Tender,Paracetamol Tablets for PRJ-2024-001,207,Litres,31800.0,6582600.0,TZS,2025-03-18,2025-04-22,2025-04-26,GRN-2025-2425,INV-VND-2025-2425,2025-04-28,,,,5,False,PC-2025-195,
PRC-2025-2426,GRT-2024-002,PRJ-2024-003,BDL-0172,VND-0025,LOC-ARU-003,FP-2025-05,STS-009,Quotation,Filing Cabinet for PRJ-2024-003,3,Boxes,405900.0,1217700.0,TZS,2025-05-23,2025-06-08,2025-06-07,GRN-2025-2426,INV-VND-2025-2426,2025-06-11,2025-07-11,2025-07-23,EXP-72936,3,False,,
PRC-2025-2427,GRT-2023-002,PRJ-2023-004,BDL-0040,VND-0076,LOC-ARU-002,FP-2025-06,STS-009,Quotation,Eucalyptus Seedlings for PRJ-2023-004,5383,Sets,900.0,4844700.0,TZS,2025-06-01,2025-06-08,2025-06-05,GRN-2025-2427,INV-VND-2025-2427,2025-06-11,2025-07-11,11-Jul-2025,EXP-97130,3,False,PC-2025-141,
PRC-2025-2428,GRT-2024-001,PRJ-2024-007,BDL-0096,VND-0033,LOC-ARU-002,FP-2025-10,STS-009,Quotation,Projector Epson for PRJ-2024-007,1,Pieces,1111600.0,1111600.0,TZS,2025-10-09,2025-11-14,2025-11-27,GRN-2025-2428,INV-VND-2025-2428,2025-11-30,2025-12-30,2025-12-26,EXP-86618,4,False,PC-2025-006,
PRC-2025-2429,GRT-2023-002,PRJ-2023-012,BDL-0039,VND-0093,LOC-ARU-001,FP-2025-06,STS-007,Quotation,Office Chair for PRJ-2023-012,5,Kg,319600.0,1598000.0,TZS,2025-06-17,2025-06-27,26-Jun-2025,GRN-2025-2429,,,,,,4,False,PC-2025-038,
PRC-2025-2430,GRT-2023-002,PRJ-2023-012,BDL-0032,VND-0032,LOC-ARU-001,FP-2025-02,STS-007,Quotation,Cement Bags for PRJ-2023-012,124,Sets,29900.0,3707600.0,TZS,2025-02-12,2025-03-26,2025-04-02,GRN-2025-2430,,,,,,4,False,PC-2025-137,
PRC-2025-2431,GRT-2024-002,PRJ-2024-004,BDL-0172,VND-0095,LOC-MAN-004,FP-2025-07,STS-010,Quotation,Pens and Pencils Box for PRJ-2024-004,39,Kg,13800.0,538200.0,TZS,2025-07-31,2025-09-11,2025-09-14,GRN-2025-2431,INV-VND-2025-2431,2025-09-21,2025-10-21,2025-10-12,EXP-91085,3,False,PC-2025-195,
PRC-2025-2432,GRT-2024-002,PRJ-2024-003,BDL-0156,VND-0077,LOC-ARU-003,FP-2025-04,STS-009,Quotation,Motorcycle Honda for PRJ-2024-003,1,Kg,4758900.0,4758900.0,TZS,2025-04-21,2025-04-30,2025-05-03,GRN-2025-2432,INV-VND-2025-2407,2025-05-06,2025-06-05,2025-05-30,EXP-16728,3,False,,
PRC-2025-2433,GRT-2024-002,PRJ-2024-003,BDL-0160,VND-0077,LOC-ARU-003,FP-2025-03,STS-009,Tender,Toyota Land Cruiser 4x4 for PRJ-2024-003,1,Litres,48648000.0,48648000.0,TZS,2025-03-22,2025-04-26,2025-04-27,GRN-2025-2433,INV-VND-2025-2433,2025-04-28,2025-05-28,2025-05-21,EXP-58313,4,False,PC-2025-047,
PRC-2025-2434,GRT-2024-002,PRJ-2024-003,BDL-0155,VND-0078,LOC-ARU-003,FP-2025-08,STS-004,Quotation,Iron Sheets for PRJ-2024-003,25,Litres,45000.0,1125000.0,TZS,2025-08-29,2025-09-08,,,,,,,,3,False,,
PRC-2025-2435,GRT-2023-003,PRJ-2023-013,BDL-0063,VND-0059,LOC-ARU-001,FP-2025-03,STS-010,Quotation,Office Chair for PRJ-2023-013,11,Sets,295100.0,3246100.0,TZS,2025-03-30,06-Apr-2025,2025-04-08,GRN-2025-2435,INV-VND-2025-2435,2025-04-13,13/05/2025,2025-05-05,EXP-32118,3,False,,
PRC-2025-2436,GRT-2024-001,PRJ-2024-001,BDL-0088,VND-0130,LOC-MAN-001,FP-2025-05,STS-001,Quotation,Malaria Rapid Test Kits Box for PRJ-2024-001,28,Boxes,318800.0,8926400.0,TZS,04-May-2025,2025-06-05,,,,,,,,4,False,PC-2025-025,
PRC-2025-2437,GRT-2023-004,PRJ-2023-009,BDL-0104,VND-0060,LOC-MAN-003,FP-2025-04,STS-009,Quotation,Printer Canon for PRJ-2023-009,1,Pieces,948300.0,948300.0,TZS,2025-04-21,2025-04-29,2025-05-10,GRN-2025-2437,INV-VND-2025-2437,2025-05-17,2025-06-16,2025-06-08,EXP-94172,3,False,,
PRC-2025-2438,GRT-2023-003,PRJ-2023-013,BDL-0078,VND-0110,LOC-ARU-001,FP-2025-06,STS-009,Quotation,Indigenous Tree Seedlings for PRJ-2023-013,5161,Units,700.0,3612700.0,TZS,2025-06-17,2025-07-20,2025-07-31,GRN-2025-2438,INV-VND-2025-2438,2025-08-02,2025-09-01,2025-08-30,EXP-80417,4,False,PC-2025-130,
PRC-2025-2439,GRT-2023-001,PRJ-2023-011,BDL-0010,VND-0044,LOC-MAN-001,FP-2025-04,STS-009,Quotation,Indigenous Tree Seedlings for PRJ-2023-011,10538,Units,700.0,7376600.0,TZS,2025-04-01,2025-04-25,2025-05-03,GRN-2025-2439,,2025-05-04,2025-06-03,2025-06-03,EXP-23175,6,False,PC-2025-112,
PRC-2025-2440,GRT-2023-001,PRJ-2023-001,BDL-0019,VND-0036,LOC-KIL-001,FP-2025-04,STS-009,Tender,Toyota Hilux Double Cab for PRJ-2023-001,1,Kg,29538900.0,29538900.0,TZS,2025-04-05,2025-04-15,2025-04-24,GRN-2025-2440,INV-VND-2025-2440,2025-05-01,2025-05-31,2025-05-31,EXP-87526,6,False,PC-2025-047,
PRC-2025-2441,GRT-2024-001,PRJ-2024-001,BDL-0087,VND-0136,LOC-MAN-001,FP-2025-09,STS-010,Direct Purchase,External Hard Drive for PRJ-2024-001,1,Sets,174500.0,174500.0,TZS,2025-09-06,2025-09-21,2025-10-03,GRN-2025-2441,INV-VND-2025-2441,2025-10-04,2025-11-03,,EXP-84632,1,False,,
PRC-2025-2442,GRT-2023-003,PRJ-2023-013,BDL-0063,VND-0064,LOC-ARU-001,FP-2025-05,STS-009,Direct Purchase,Markers Set for PRJ-2023-013,27,Litres,11200.0,302400.0,TZS,2025-05-25,2025-06-10,2025-06-09,GRN-2025-2442,INV-VND-2025-2442,2025-06-10,2025-07-10,2025-07-02,EXP-20173,1,False,,
PRC-2025-2443,GRT-2024-001,PRJ-2024-001,BDL-0088,VND-0081,LOC-MAN-001,FP-2025-03,STS-009,Quotation,Medical Gloves Box for PRJ-2024-001,71,Kg,46000.0,3266000.0,TZS,2025-03-24,2025-04-08,2025-04-09,GRN-2025-2443,INV-VND-2025-2443,2025-04-13,2025-05-13,2025-05-12,EXP-65202,4,False,PC-2025-171,
PRC-2025-2444,GRT-2024-002,PRJ-2024-003,BDL-0167,VND-0058,LOC-ARU-003,FP-2025-02,STS-004,Quotation,Office Chair for PRJ-2024-003,14,Kg,257600.0,3606400.0,TZS,2025-02-06,2025-03-09,,,,,,,,5,False,PC-2025-011,
PRC-2025-2445,GRT-2023-003,PRJ-2023-013,BDL-0069,VND-0084,LOC-ARU-001,FP-2025-08,STS-008,Quotation,Fruit Tree Seedlings for PRJ-2023-013,2381,Kg,1200.0,2857200.0,TZS,2025-08-28,2025-09-20,2025-10-05,GRN-2025-2445,INV-VND-2025-2445,2025-10-07,,,,4,False,PC-2025-169,
PRC-2025-2446,GRT-2022-004,PRJ-2023-005,BDL-0124,VND-0110,LOC-KIL-001,FP-2025-03,STS-007,Quotation,Sunflower Seeds 1kg for PRJ-2023-005,159,Boxes,14000.0,2226000.0,TZS,2025-03-24,2025-04-07,2025-04-13,GRN-2025-2446,,,,,,5,False,PC-2025-073,
PRC-2025-2447,GRT-2024-001,PRJ-2024-002,BDL-0099,VND-0134,LOC-KIL-004,FP-2025-02,STS-007,Quotation,Iron Sheets for PRJ-2024-002,56,Units,41300.0,2312800.0,TZS,2025-02-27,04-09-2025,2025-04-13,GRN-2025-2447,,,,,,4,False,PC-2025-103,
PRC-2025-2448,GRT-2023-004,PRJ-2023-009,BDL-0102,VND-0010,LOC-MAN-003,FP-2025-05,STS-010,Quotation,Toner Cartridge for PRJ-2023-009,20,Boxes,51400.0,1028000.0,TZS,2025-05-03,2025-05-30,2025-06-04,GRN-2025-2448,INV-VND-2025-2448,2025-06-07,2025-07-07,2025-08-08,EXP-46076,5,False,,
PRC-2025-2449,GRT-2023-001,PRJ-2023-001,BDL-0007,VND-0118,LOC-KIL-001,FP-2025-07,STS-009,Direct Purchase,Computer Accessories Set for PRJ-2023-001,1,Sets,365200.0,365200.0,TZS,2025-07-22,2025-09-03,2025-09-05,GRN-2025-2449,INV-VND-2025-2449,2025-09-06,2025-10-06,2025-09-29,EXP-24576,1,False,,
PRC-2025-2450,GRT-2023-002,PRJ-2023-012,BDL-0023,VND-0086,LOC-ARU-001,FP-2025-03,STS-009,Tender,Eucalyptus Seedlings for PRJ-2023-012,6529,Units,800.0,5223200.0,TZS,2025-03-18,2025-04-24,2025-05-09,GRN-2025-2450,INV-VND-2025-2450,2025-05-10,2025-06-09,2025-06-04,EXP-19602,5,False,PC-2025-179,
PRC-2025-2451,GRT-2024-002,PRJ-2024-004,BDL-0157,VND-0062,LOC-MAN-004,FP-2025-07,STS-010,Quotation,Paracetamol Tablets for PRJ-2024-004,104,Boxes,26100.0,2714400.0,TZS,2025-07-13,2025-07-22,2025-07-25,GRN-2025-2451,INV-VND-2025-2451,2025-07-31,2025-08-30,2025-08-24,EXP-70472,3,False,PC-2025-140,
PRC-2025-2452,GRT-2023-004,PRJ-2023-009,BDL-0112,VND-0021,LOC-MAN-003,FP-2025-02,STS-010,Quotation,Office Chair for PRJ-2023-009,17,Kg,259800.0,4416600.0,TZS,2025-02-24,2025-03-24,2025-03-28,GRN-2025-2452,INV-VND-2025-2452,2025-04-04,2025-05-04,2025-04-28,EXP-10289,3,False,PC-2025-178,
PRC-2025-2453,GRT-2024-003,PRJ-2024-005,BDL-0185,VND-0077,LOC-ARU-004,FP-2025-04,STS-010,Tender,Paracetamol Tablets for PRJ-2024-005,372,Units,25400.0,9448800.0,TZS,2025-04-21,2025-05-21,2025-05-25,GRN-2025-2453,INV-VND-2025-2453,2025-05-31,2025-06-30,2025-06-24,EXP-91512,7,False,PC-2025-028,
PRC-2025-2454,GRT-2023-004,PRJ-2023-009,BDL-0116,VND-0016,LOC-MAN-003,FP-2025-07,STS-010,Quotation,Paint 20L for PRJ-2023-009,26,Kg,97100.0,2524600.0,TZS,2025-07-08,2025-08-17,2025-08-29,GRN-2025-2454,INV-VND-2025-2454,2025-09-01,2025-10-01,2025-10-19,EXP-15493,4,False,,
PRC-2025-2455,GRT-2023-002,PRJ-2023-004,BDL-0028,VND-0022,LOC-ARU-002,FP-2025-09,STS-007,Quotation,Office Chair for PRJ-2023-004,15,Pieces,279800.0,4197000.0,TZS,2025-09-22,2025-09-30,2025-09-30,GRN-2025-2455,,,,,,3,False,PC-2025-140,
PRC-2025-2456,GRT-2023-003,PRJ-2023-013,BDL-0068,VND-0101,LOC-ARU-001,FP-2025-07,STS-004,Quotation,Toyota Hilux Double Cab for PRJ-2023-013,1,Pieces,32893900.0,32893900.0,TZS,2025-07-13,2025-08-15,,,,,,,,7,False,PC-2025-131,
PRC-2025-2457,GRT-2024-003,PRJ-2024-005,BDL-0183,VND-0145,LOC-ARU-004,FP-2025-07,STS-006,Direct Purchase,Flipchart Paper Pad for PRJ-2024-005,21,Boxes,18600.0,390600.0,TZS,2025-07-06,2025-08-13,,,,,,,,1,False,,
PRC-2025-2458,GRT-2022-004,PRJ-2023-005,BDL-0126,VND-0063,LOC-KIL-001,FP-2025-08,STS-010,Quotation,Filing Cabinet for PRJ-2023-005,2,Sets,398200.0,796400.0,TZS,2025-08-02,2025-08-10,2025-08-19,GRN-2025-2458,INV-VND-2025-2458,2025-08-26,2025-09-25,2025-09-17,EXP-29348,5,False,PC-2025-058,
PRC-2025-2459,GRT-2024-002,PRJ-2024-003,BDL-0167,VND-0032,LOC-ARU-003,FP-2025-07,STS-010,Quotation,Pens and Pencils Box for PRJ-2024-003,74,Pieces,12700.0,939800.0,TZS,2025-07-18,2025-08-31,2025-09-02,GRN-2025-2459,INV-VND-2025-2459,2025-09-09,2025-10-09,2025-10-05,EXP-77663,5,False,PC-2025-106,
PRC-2025-2460,GRT-2024-001,PRJ-2024-007,BDL-0094,VND-0033,LOC-ARU-002,FP-2025-06,STS-008,Direct Purchase,Computer Accessories Set for PRJ-2024-007,1,Units,378300.0,378300.0,TZS,2025-06-22,2025-07-27,2025-08-08,GRN-2025-2460,INV-VND-2025-2460,2025-08-09,,,,1,False,,
PRC-2025-2461,GRT-2023-001,PRJ-2023-001,BDL-0018,VND-0074,LOC-KIL-001,FP-2025-03,STS-007,Direct Purchase,External Hard Drive for PRJ-2023-001,1,Units,191200.0,191200.0,TZS,2025-03-24,2025-05-03,2025-05-08,GRN-2025-2461,,,,,,1,False,,
PRC-2025-2462,GRT-2024-002,PRJ-2024-003,BDL-0164,VND-0094,LOC-ARU-003,FP-2025-09,STS-009,Quotation,Motorcycle Honda for PRJ-2024-003,1,Sets,4733800.0,4733800.0,TZS,2025-09-16,10-12-2025,2025-10-18,GRN-2025-2462,INV-VND-2025-2462,2025-10-21,2025-11-20,2025-11-17,EXP-61319,4,False,,
PRC-2025-2463,GRT-2023-003,PRJ-2023-006,BDL-0072,VND-0091,LOC-KIL-001,FP-2025-10,STS-010,Quotation,Iron Sheets for PRJ-2023-006,33,Kg,51300.0,1692900.0,TZS,2025-10-05,2025-10-19,2025-10-23,GRN-2025-2463,INV-VND-2025-2463,2025-10-28,2025-11-27,2025-11-20,EXP-91152,3,False,PC-2025-057,
PRC-2025-2464,GRT-2024-004,PRJ-2024-006,BDL-0228,VND-0079,LOC-MAN-002,FP-2025-04,STS-010,Tender,Medical Gloves Box for PRJ-2024-006,139,Pieces,49400.0,6866600.0,TZS,2025-04-04,2025-05-09,2025-05-21,GRN-2025-2464,INV-VND-2025-2464,2025-05-23,2025-06-22,2025-06-13,EXP-82268,5,False,PC-2025-041,
PRC-2025-2465,GRT-2023-003,PRJ-2023-006,BDL-0079,VND-0117,LOC-KIL-001,FP-2025-05,STS-007,Direct Purchase,Network Switch for PRJ-2023-006,1,Kg,365600.0,365600.0,TZS,2025-05-15,2025-06-20,2025-06-17,GRN-2025-2465,,,,,,1,False,,
PRC-2025-2466,GRT-2024-002,PRJ-2024-003,BDL-0165,VND-0132,LOC-ARU-003,FP-2025-07,STS-004,Quotation,Blood Pressure Monitors for PRJ-2024-003,6,Sets,317900.0,1907400.0,TZS,2025-07-12,2025-08-15,,,,,,,,3,False,PC-2025-101,
PRC-2025-2467,GRT-2023-004,PRJ-2023-008,BDL-0100,VND-0062,LOC-MAN-002,FP-2025-09,STS-009,Quotation,Office Chair for PRJ-2023-008,19,Sets,288200.0,5475800.0,TZS,2025-09-04,2025-09-18,2025-09-29,GRN-2025-2467,INV-VND-2025-2467,2025-10-04,2025-11-03,2025-11-03,EXP-53735,4,False,PC-2025-099,
PRC-2025-2468,GRT-2024-003,PRJ-2024-005,BDL-0179,VND-0075,LOC-ARU-004,FP-2025-04,STS-010,Quotation,Office Desk for PRJ-2024-005,2,Pieces,727600.0,1455200.0,TZS,2025-04-13,23/05/2025,2025-06-03,GRN-2025-2468,,2025-06-05,2025-07-05,2025-06-28,EXP-21326,3,False,PC-2025-001,
PRC-2025-2469,GRT-2023-001,PRJ-2023-011,BDL-0003,VND-0051,LOC-MAN-001,FP-2025-07,STS-010,Quotation,Eucalyptus Seedlings for PRJ-2023-011,8498,Boxes,900.0,7648200.0,TZS,2025-07-02,2025-07-30,2025-08-01,GRN-2025-2469,INV-VND-2025-2469,2025-08-04,2025-09-03,2025-09-01,EXP-67575,3,False,PC-2025-084,
PRC-2025-2470,GRT-2022-003,PRJ-2023-003,BDL-0055,VND-0116,LOC-KIL-003,FP-2025-04,STS-009,Direct Purchase,Computer Accessories Set for PRJ-2023-003,1,Units,327900.0,327900.0,TZS,2025-04-30,2025-05-23,2025-05-30,GRN-2025-2470,INV-VND-2025-2470,2025-05-31,2025-06-30,2025-06-22,EXP-84022,1,False,,
PRC-2025-2471,GRT-2023-001,PRJ-2023-001,BDL-0018,VND-0077,LOC-KIL-001,FP-2025-08,STS-010,Direct Purchase,Toner Cartridge for PRJ-2023-001,11,Pieces,44400.0,488400.0,TZS,2025-08-17,2025-09-11,2025-09-08,GRN-2025-2471,INV-VND-2025-2471,2025-09-09,2025-10-09,2025-10-07,EXP-82308,1,False,,
PRC-2025-2472,GRT-2021-001,PRJ-2023-007,BDL-0200,VND-0082,LOC-ARU-001,FP-2025-04,STS-009,Quotation,Markers Set for PRJ-2023-007,48,Sets,13400.0,643200.0,TZS,2025-04-05,2025-04-21,2025-04-27,GRN-2025-2472,INV-VND-2025-2472,2025-04-28,2025-05-28,2025-06-18,EXP-20344,4,False,,
PRC-2025-2473,GRT-2023-003,PRJ-2023-006,BDL-0076,VND-0060,LOC-KIL-001,FP-2025-06,STS-010,Quotation,Oral Rehydration Salts for PRJ-2023-006,111,Kg,35900.0,3984900.0,TZS,2025-06-01,2025-06-28,2025-07-07,GRN-2025-2473,INV-VND-2025-2473,2025-07-14,2025-08-13,2025-08-13,EXP-89575,4,False,,
PRC-2025-2474,GRT-2023-004,PRJ-2023-009,BDL-0108,VND-0133,LOC-MAN-003,FP-2025-05,STS-009,Quotation,Toner Cartridge for PRJ-2023-009,29,Pieces,46700.0,1354300.0,TZS,2025-05-23,2025-07-07,2025-07-05,GRN-2025-2474,INV-VND-2025-2474,2025-07-07,06-Aug-2025,2025-08-03,EXP-17648,4,False,PC-2025-117,
PRC-2025-2475,GRT-2023-001,PRJ-2023-001,BDL-0003,VND-0132,LOC-KIL-001,FP-2025-03,STS-003,Quotation,Paracetamol Tablets for PRJ-2023-001,222,Sets,29500.0,6549000.0,TZS,2025-03-05,26-Mar-2025,,,,,,,,3,False,PC-2025-131,
PRC-2025-2476,GRT-2023-004,PRJ-2023-009,BDL-0108,VND-0036,LOC-MAN-003,FP-2025-07,STS-009,Quotation,Blood Pressure Monitors for PRJ-2023-009,5,Boxes,325600.0,1628000.0,TZS,2025-07-03,2025-07-14,2025-07-13,GRN-2025-2476,,2025-07-16,2025-08-15,2025-08-05,EXP-99020,3,False,,
PRC-2025-2477,GRT-2023-001,PRJ-2023-001,BDL-0001,VND-0053,LOC-KIL-001,FP-2025-04,STS-010,Quotation,Paint 20L for PRJ-2023-001,29,Pieces,82800.0,2401200.0,TZS,2025-04-09,2025-04-26,2025-04-28,GRN-2025-2477,INV-VND-2025-2477,2025-05-01,2025-05-31,2025-05-25,EXP-85950,3,False,,
PRC-2025-2478,GRT-2023-005,PRJ-2023-010,BDL-0152,VND-0054,LOC-KIL-001,FP-2025-04,STS-001,Quotation,Projector Epson for PRJ-2023-010,1,Litres,1367200.0,1367200.0,TZS,2025-04-12,2025-05-09,,,,,,,,4,False,,
PRC-2025-2479,GRT-2023-002,PRJ-2023-012,BDL-0032,VND-0022,LOC-ARU-001,FP-2025-08,STS-009,Quotation,Indigenous Tree Seedlings for PRJ-2023-012,4816,Kg,600.0,2889600.0,TZS,2025-08-23,2025-09-29,2025-09-30,GRN-2025-2479,INV-VND-2025-2479,2025-10-04,2025-11-03,26-Oct-2025,EXP-80308,4,False,PC-2025-011,
PRC-2025-2480,GRT-2024-001,PRJ-2024-007,BDL-0094,VND-0102,LOC-ARU-002,FP-2025-09,STS-009,Direct Purchase,Flipchart Paper Pad for PRJ-2024-007,17,Sets,17900.0,304300.0,TZS,2025-09-11,2025-10-14,2025-10-29,GRN-2025-2480,INV-VND-2025-2480,2025-11-02,2025-12-02,2025-11-29,EXP-27167,1,False,,
PRC-2025-2481,GRT-2022-004,PRJ-2023-005,BDL-0125,VND-0063,LOC-KIL-001,FP-2025-08,STS-010,Quotation,Fruit Tree Seedlings for PRJ-2023-005,1350,Kg,1100.0,1485000.0,TZS,2025-08-26,2025-09-13,2025-09-22,GRN-2025-2481,INV-VND-2025-2481,2025-09-26,2025-10-26,2025-10-24,EXP-72597,4,False,PC-2025-190,
PRC-2025-2482,GRT-2023-001,PRJ-2023-001,BDL-0021,VND-0053,LOC-KIL-001,FP-2025-02,STS-003,Quotation,Timber Planks for PRJ-2023-001,190,Units,17100.0,3249000.0,TZS,2025-02-23,2025-03-16,,,,,,,,5,False,PC-2025-062,
PRC-2025-2483,GRT-2021-001,PRJ-2023-007,BDL-0199,VND-0026,LOC-ARU-001,FP-2025-06,STS-006,Quotation,Filing Cabinet for PRJ-2023-007,5,Kg,413100.0,2065500.0,TZS,2025-06-22,2025-07-17,,,,,,,,4,False,PC-2025-080,
PRC-2025-2484,GRT-2024-001,PRJ-2024-001,BDL-0086,VND-0006,LOC-MAN-001,FP-2025-05,STS-010,Quotation,Reams of A4 Paper for PRJ-2024-001,166,Kg,5100.0,846600.0,TZS,2025-05-31,2025-06-15,2025-06-15,GRN-2025-2484,INV-VND-2025-2484,2025-06-16,2025-07-16,2025-07-06,EXP-61728,3,False,PC-2025-066,
PRC-2025-2485,GRT-2024-001,PRJ-2024-007,BDL-0086,VND-0040,LOC-ARU-002,FP-2025-09,STS-010,Quotation,Manila Files Box for PRJ-2024-007,91,Sets,15400.0,1401400.0,TZS,2025-09-16,2025-10-14,2025-10-18,GRN-2025-2485,,2025-10-25,2025-11-24,2025-11-17,EXP-70546,4,False,,
PRC-2025-2486,GRT-2023-005,PRJ-2023-010,BDL-0139,VND-0030,LOC-KIL-001,FP-2025-06,STS-009,Quotation,Indigenous Tree Seedlings for PRJ-2023-010,4429,Pieces,600.0,2657400.0,TZS,2025-06-13,2025-07-14,2025-07-22,GRN-2025-2486,INV-VND-2025-2486,2025-07-26,2025-08-25,2025-08-16,EXP-32089,5,False,PC-2025-083,
PRC-2025-2487,GRT-2024-004,PRJ-2024-006,BDL-0217,VND-0058,LOC-MAN-002,FP-2025-05,STS-009,Quotation,Reams of A4 Paper for PRJ-2024-006,331,Units,4800.0,1588800.0,TZS,2025-05-21,2025-06-11,2025-06-12,GRN-2025-2487,INV-VND-2025-2487,2025-06-17,2025-07-17,2025-08-28,EXP-63483,5,False,PC-2025-081,
PRC-2025-2488,GRT-2024-002,PRJ-2024-004,BDL-0172,VND-0117,LOC-MAN-004,FP-2025-02,STS-009,Quotation,Eucalyptus Seedlings for PRJ-2024-004,9644,Sets,800.0,7715200.0,TZS,2025-02-25,2025-04-07,2025-04-19,GRN-2025-2488,INV-VND-2025-2488,2025-04-21,2025-05-21,2025-05-21,EXP-46798,3,False,PC-2025-088,
PRC-2025-2489,GRT-2024-002,PRJ-2024-004,BDL-0156,VND-0099,LOC-MAN-004,FP-2025-03,STS-010,Quotation,Blood Pressure Monitors for PRJ-2024-004,6,Pieces,331400.0,1988400.0,TZS,2025-03-13,2025-04-08,2025-04-16,GRN-2025-2489,,2025-04-17,2025-05-17,2025-05-09,EXP-72859,4,False,PC-2025-050,
PRC-2025-2490,GRT-2024-002,PRJ-2024-004,BDL-0157,VND-0126,LOC-MAN-004,FP-2025-05,STS-003,Quotation,HP Desktop Computer for PRJ-2024-004,1,Boxes,1374800.0,1374800.0,TZS,2025-05-17,2025-06-06,,,,,,,,5,False,,
PRC-2025-2491,GRT-2024-004,PRJ-2024-006,BDL-0228,VND-0133,LOC-MAN-002,FP-2025-06,STS-009,Quotation,Fruit Tree Seedlings for PRJ-2024-006,1681,Pieces,1300.0,2185300.0,TZS,2025-06-15,2025-06-28,2025-06-25,GRN-2025-2491,INV-VND-2025-2491,2025-07-02,2025-08-01,2025-07-30,EXP-14125,4,False,PC-2025-095,
PRC-2025-2492,GRT-2023-004,PRJ-2023-008,BDL-0100,VND-0066,LOC-MAN-002,FP-2025-05,STS-010,Quotation,Fruit Tree Seedlings for PRJ-2023-008,1467,Pieces,1400.0,2053800.0,TZS,2025-05-25,2025-06-09,2025-06-11,GRN-2025-2492,INV-VND-2025-2492,2025-06-18,2025-07-18,2025-07-14,EXP-21945,4,False,,
PRC-2025-2493,GRT-2023-001,PRJ-2023-001,BDL-0012,VND-0049,LOC-KIL-001,FP-2025-08,STS-010,Quotation,Malaria Rapid Test Kits Box for PRJ-2023-001,30,Units,299000.0,8970000.0,TZS,2025-08-18,2025-09-24,2025-09-22,GRN-2025-2493,INV-VND-2025-2493,2025-09-28,2025-10-28,,EXP-58553,6,False,PC-2025-036,
PRC-2025-2494,GRT-2023-001,PRJ-2023-011,BDL-0019,VND-0112,LOC-MAN-001,FP-2025-08,STS-009,Quotation,Malaria Rapid Test Kits Box for PRJ-2023-011,70,Units,309600.0,21672000.0,TZS,2025-08-19,2025-08-27,2025-08-29,GRN-2025-2494,,2025-09-05,2025-10-05,2025-09-27,EXP-30086,7,False,PC-2025-167,
PRC-2025-2495,GRT-2024-004,PRJ-2024-006,BDL-0223,VND-0014,LOC-MAN-002,FP-2025-09,STS-010,Tender,Medical Gloves Box for PRJ-2024-006,125,Boxes,46800.0,5850000.0,TZS,2025-09-03,2025-10-11,2025-10-26,GRN-2025-2495,INV-VND-2025-2495,2025-10-27,2025-11-26,2025-11-18,EXP-74872,7,False,PC-2025-135,
PRC-2025-2496,GRT-2023-004,PRJ-2023-009,BDL-0116,VND-0010,LOC-MAN-003,FP-2025-07,STS-009,Quotation,Printer Canon for PRJ-2023-009,1,Litres,865300.0,865300.0,TZS,2025-07-24,2025-08-16,2025-08-17,GRN-2025-2496,INV-VND-2025-2496,2025-08-19,2025-09-18,2025-09-08,EXP-44552,3,False,,
PRC-2025-2497,GRT-2024-001,PRJ-2024-002,BDL-0095,VND-0071,LOC-KIL-004,FP-2025-06,STS-006,Quotation,Conference Table for PRJ-2024-002,1,Sets,1296100.0,1296100.0,TZS,2025-06-02,2025-07-13,,,,,,,,3,False,,
PRC-2025-2498,GRT-2021-001,PRJ-2023-007,BDL-0195,VND-0116,LOC-ARU-001,FP-2025-07,STS-010,Quotation,Medical Gloves Box for PRJ-2023-007,101,Litres,45500.0,4595500.0,TZS,2025-07-17,2025-08-30,2025-09-08,GRN-2025-2498,INV-VND-2025-2498,2025-09-09,2025-10-09,,EXP-50095,5,False,,
PRC-2025-2499,GRT-2023-001,PRJ-2023-002,BDL-0013,VND-0048,LOC-KIL-002,FP-2025-07,STS-008,Quotation,Improved Maize Seed 5kg for PRJ-2023-002,954,Pieces,17000.0,16218000.0,TZS,2025-07-27,25-Aug-2025,2025-09-07,GRN-2025-2499,INV-VND-2025-2499,2025-09-10,,,,5,False,PC-2025-151,
PRC-2025-2500,GRT-2023-004,PRJ-2023-009,BDL-0117,VND-0118,LOC-MAN-003,FP-2025-06,STS-008,Quotation,Paint 20L for PRJ-2023-009,31,Kg,77900.0,2414900.0,TZS,2025-06-25,30/07/2025,2025-08-08,GRN-2025-2500,INV-VND-2025-2500,2025-08-10,,,,3,False,,
